2026-10-01T09:52:24.104+05:30  WARN 19972 --- [Customer] [HikariPool-14:housekeeper] com.zaxxer.hikari.pool.HikariPool        : HikariPool-14 - Thread starvation or clock leap detected (housekeeper delta=14h59m3s196ms428µs400ns).
2026-10-01T10:02:44.108+05:30  WARN 19972 --- [Customer] [HikariPool-14:housekeeper] com.zaxxer.hikari.pool.HikariPool        : HikariPool-14 - Thread starvation or clock leap detected (housekeeper delta=7m49s881ms113µs800ns).
2026-10-01T10:03:50.149+05:30  INFO 19972 --- [Customer] [AsyncResolver-bootstrap-executor-%d] c.n.d.s.r.aws.ConfigClusterResolver      : Resolving eureka endpoints via configuration
2026-10-01T10:13:14.635+05:30  WARN 19972 --- [Customer] [HikariPool-14:housekeeper] com.zaxxer.hikari.pool.HikariPool        : HikariPool-14 - Thread starvation or clock leap detected (housekeeper delta=7m59s472ms637µs400ns).
2026-10-01T10:16:22.967+05:30  INFO 19972 --- [Customer] [AsyncResolver-bootstrap-executor-%d] c.n.d.s.r.aws.ConfigClusterResolver      : Resolving eureka endpoints via configuration
2026-10-01T10:21:22.981+05:30  INFO 19972 --- [Customer] [AsyncResolver-bootstrap-executor-%d] c.n.d.s.r.aws.ConfigClusterResolver      : Resolving eureka endpoints via configuration
2026-10-01T10:26:22.987+05:30  INFO 19972 --- [Customer] [AsyncResolver-bootstrap-executor-%d] c.n.d.s.r.aws.ConfigClusterResolver      : Resolving eureka endpoints via configuration
2026-10-01T10:31:22.989+05:30  INFO 19972 --- [Customer] [AsyncResolver-bootstrap-executor-%d] c.n.d.s.r.aws.ConfigClusterResolver      : Resolving eureka endpoints via configuration
2026-10-01T10:36:22.998+05:30  INFO 19972 --- [Customer] [AsyncResolver-bootstrap-executor-%d] c.n.d.s.r.aws.ConfigClusterResolver      : Resolving eureka endpoints via configuration
2026-10-01T10:41:23.012+05:30  INFO 19972 --- [Customer] [AsyncResolver-bootstrap-executor-%d] c.n.d.s.r.aws.ConfigClusterResolver      : Resolving eureka endpoints via configuration
2026-10-01T10:46:23.028+05:30  INFO 19972 --- [Customer] [AsyncResolver-bootstrap-executor-%d] c.n.d.s.r.aws.ConfigClusterResolver      : Resolving eureka endpoints via configuration
2026-10-01T10:51:23.041+05:30  INFO 19972 --- [Customer] [AsyncResolver-bootstrap-executor-%d] c.n.d.s.r.aws.ConfigClusterResolver      : Resolving eureka endpoints via configuration
2026-10-01T10:56:23.044+05:30  INFO 19972 --- [Customer] [AsyncResolver-bootstrap-executor-%d] c.n.d.s.r.aws.ConfigClusterResolver      : Resolving eureka endpoints via configuration
2026-10-01T11:01:23.060+05:30  INFO 19972 --- [Customer] [AsyncResolver-bootstrap-executor-%d] c.n.d.s.r.aws.ConfigClusterResolver      : Resolving eureka endpoints via configuration
2026-10-01T11:06:23.062+05:30  INFO 19972 --- [Customer] [AsyncResolver-bootstrap-executor-%d] c.n.d.s.r.aws.ConfigClusterResolver      : Resolving eureka endpoints via configuration
2026-10-01T11:11:23.063+05:30  INFO 19972 --- [Customer] [AsyncResolver-bootstrap-executor-%d] c.n.d.s.r.aws.ConfigClusterResolver      : Resolving eureka endpoints via configuration
2026-10-01T11:16:23.073+05:30  INFO 19972 --- [Customer] [AsyncResolver-bootstrap-executor-%d] c.n.d.s.r.aws.ConfigClusterResolver      : Resolving eureka endpoints via configuration
2026-10-01T11:21:23.087+05:30  INFO 19972 --- [Customer] [AsyncResolver-bootstrap-executor-%d] c.n.d.s.r.aws.ConfigClusterResolver      : Resolving eureka endpoints via configuration
2026-10-01T11:26:23.100+05:30  INFO 19972 --- [Customer] [AsyncResolver-bootstrap-executor-%d] c.n.d.s.r.aws.ConfigClusterResolver      : Resolving eureka endpoints via configuration
2026-10-01T11:31:23.112+05:30  INFO 19972 --- [Customer] [AsyncResolver-bootstrap-executor-%d] c.n.d.s.r.aws.ConfigClusterResolver      : Resolving eureka endpoints via configuration
2026-10-01T11:36:23.123+05:30  INFO 19972 --- [Customer] [AsyncResolver-bootstrap-executor-%d] c.n.d.s.r.aws.ConfigClusterResolver      : Resolving eureka endpoints via configuration
2026-10-01T11:41:23.133+05:30  INFO 19972 --- [Customer] [AsyncResolver-bootstrap-executor-%d] c.n.d.s.r.aws.ConfigClusterResolver      : Resolving eureka endpoints via configuration
2026-10-01T11:46:23.135+05:30  INFO 19972 --- [Customer] [AsyncResolver-bootstrap-executor-%d] c.n.d.s.r.aws.ConfigClusterResolver      : Resolving eureka endpoints via configuration
2026-10-01T11:51:23.139+05:30  INFO 19972 --- [Customer] [AsyncResolver-bootstrap-executor-%d] c.n.d.s.r.aws.ConfigClusterResolver      : Resolving eureka endpoints via configuration
2026-10-01T11:56:23.146+05:30  INFO 19972 --- [Customer] [AsyncResolver-bootstrap-executor-%d] c.n.d.s.r.aws.ConfigClusterResolver      : Resolving eureka endpoints via configuration
2026-10-01T12:05:45.798+05:30  WARN 19972 --- [Customer] [HikariPool-14:housekeeper] com.zaxxer.hikari.pool.HikariPool        : HikariPool-14 - Thread starvation or clock leap detected (housekeeper delta=8m59s598ms747µs900ns).
2026-10-01T12:09:50.198+05:30  INFO 19972 --- [Customer] [File Watcher] rtingClassPathChangeChangedEventListener : Restarting due to 1 class path change (0 additions, 0 deletions, 1 modification)
2026-10-01T12:09:50.207+05:30  INFO 19972 --- [Customer] [Thread-79] o.s.c.n.e.s.EurekaServiceRegistry        : Unregistering application CUSTOMER with eureka with status DOWN
2026-10-01T12:09:50.208+05:30  INFO 19972 --- [Customer] [Thread-79] com.netflix.discovery.DiscoveryClient    : Saw local status change event StatusChangeEvent [timestamp=1790836790208, current=DOWN, previous=UP]
2026-10-01T12:09:50.209+05:30  INFO 19972 --- [Customer] [DiscoveryClient-InstanceInfoReplicator-%d] com.netflix.discovery.DiscoveryClient    : DiscoveryClient_CUSTOMER/10.207.81.191:Customer:8084: registering service...
2026-10-01T12:09:50.231+05:30  INFO 19972 --- [Customer] [Thread-79] o.s.boot.tomcat.GracefulShutdown         : Commencing graceful shutdown. Waiting for active requests to complete
2026-10-01T12:09:50.245+05:30  INFO 19972 --- [Customer] [tomcat-shutdown] o.s.boot.tomcat.GracefulShutdown         : Graceful shutdown complete
2026-10-01T12:09:50.247+05:30  INFO 19972 --- [Customer] [DiscoveryClient-InstanceInfoReplicator-%d] com.netflix.discovery.DiscoveryClient    : DiscoveryClient_CUSTOMER/10.207.81.191:Customer:8084 - registration status: 204
2026-10-01T12:09:50.286+05:30  INFO 19972 --- [Customer] [Thread-79] j.LocalContainerEntityManagerFactoryBean : Closing JPA EntityManagerFactory for persistence unit 'default'
2026-10-01T12:09:50.304+05:30  INFO 19972 --- [Customer] [Thread-79] com.zaxxer.hikari.HikariDataSource       : HikariPool-14 - Shutdown initiated...
2026-10-01T12:09:50.307+05:30  INFO 19972 --- [Customer] [Thread-79] com.zaxxer.hikari.HikariDataSource       : HikariPool-14 - Shutdown completed.
2026-10-01T12:09:50.311+05:30  INFO 19972 --- [Customer] [Thread-79] com.netflix.discovery.DiscoveryClient    : Shutting down DiscoveryClient ...
2026-10-01T12:09:52.744+05:30  INFO 19972 --- [Customer] [AsyncResolver-bootstrap-executor-%d] c.n.d.s.r.aws.ConfigClusterResolver      : Resolving eureka endpoints via configuration
2026-10-01T12:09:53.324+05:30  INFO 19972 --- [Customer] [Thread-79] com.netflix.discovery.DiscoveryClient    : Unregistering ...
2026-10-01T12:09:53.341+05:30  INFO 19972 --- [Customer] [Thread-79] com.netflix.discovery.DiscoveryClient    : DiscoveryClient_CUSTOMER/10.207.81.191:Customer:8084 - deregister  status: 200
2026-10-01T12:09:53.342+05:30  INFO 19972 --- [Customer] [Thread-79] com.netflix.discovery.DiscoveryClient    : Completed shut down of DiscoveryClient
2026-10-01T12:09:53.698+05:30  INFO 19972 --- [Customer] [restartedMain] com.cg.customer.CustomerApplication      : Starting CustomerApplication using Java 21.0.7 with PID 19972 (C:\Users\bmanikch\Documents\workspace-spring-tools-for-eclipse-5.0.1.RELEASE\Customer\target\classes started by bmanikch in C:\Users\bmanikch\Documents\workspace-spring-tools-for-eclipse-5.0.1.RELEASE\Customer)
2026-10-01T12:09:53.698+05:30  INFO 19972 --- [Customer] [restartedMain] com.cg.customer.CustomerApplication      : No active profile set, falling back to 1 default profile: "default"
2026-10-01T12:09:54.286+05:30  INFO 19972 --- [Customer] [restartedMain] .s.d.r.c.RepositoryConfigurationDelegate : Bootstrapping Spring Data JPA repositories in DEFAULT mode.
2026-10-01T12:09:54.308+05:30  INFO 19972 --- [Customer] [restartedMain] .s.d.r.c.RepositoryConfigurationDelegate : Finished Spring Data repository scanning in 18 ms. Found 1 JPA repository interface.
2026-10-01T12:09:54.452+05:30  INFO 19972 --- [Customer] [restartedMain] o.s.cloud.context.scope.GenericScope     : BeanFactory id=0a180c12-f20d-3817-a31a-bb347817188d
2026-10-01T12:09:54.878+05:30  INFO 19972 --- [Customer] [restartedMain] o.s.boot.tomcat.TomcatWebServer          : Tomcat initialized with port 8084 (http)
2026-10-01T12:09:54.880+05:30  INFO 19972 --- [Customer] [restartedMain] o.apache.catalina.core.StandardService   : Starting service [Tomcat]
2026-10-01T12:09:54.881+05:30  INFO 19972 --- [Customer] [restartedMain] o.apache.catalina.core.StandardEngine    : Starting Servlet engine: [Apache Tomcat/11.0.14]
2026-10-01T12:09:54.965+05:30  INFO 19972 --- [Customer] [restartedMain] b.w.c.s.WebApplicationContextInitializer : Root WebApplicationContext: initialization completed in 1263 ms
2026-10-01T12:09:55.221+05:30  INFO 19972 --- [Customer] [restartedMain] o.hibernate.jpa.internal.util.LogHelper  : HHH000204: Processing PersistenceUnitInfo [name: default]
2026-10-01T12:09:55.283+05:30  INFO 19972 --- [Customer] [restartedMain] o.s.o.j.p.SpringPersistenceUnitInfo      : No LoadTimeWeaver setup: ignoring JPA class transformer
2026-10-01T12:09:55.288+05:30  INFO 19972 --- [Customer] [restartedMain] com.zaxxer.hikari.HikariDataSource       : HikariPool-15 - Starting...
2026-10-01T12:09:55.415+05:30  INFO 19972 --- [Customer] [restartedMain] com.zaxxer.hikari.pool.HikariPool        : HikariPool-15 - Added connection org.postgresql.jdbc.PgConnection@2e0eb4f5
2026-10-01T12:09:55.415+05:30  INFO 19972 --- [Customer] [restartedMain] com.zaxxer.hikari.HikariDataSource       : HikariPool-15 - Start completed.
2026-10-01T12:09:55.427+05:30  WARN 19972 --- [Customer] [restartedMain] org.hibernate.orm.deprecation            : HHH90000025: PostgreSQLDialect does not need to be specified explicitly using 'hibernate.dialect' (remove the property setting and it will be selected by default)
2026-10-01T12:09:55.434+05:30  INFO 19972 --- [Customer] [restartedMain] org.hibernate.orm.connections.pooling    : HHH10001005: Database info:
	Database JDBC URL [jdbc:postgresql://localhost:5432/CUSTOMER]
	Database driver: PostgreSQL JDBC Driver
	Database dialect: PostgreSQLDialect
	Database version: 17.5
	Default catalog/schema: CUSTOMER/public
	Autocommit mode: undefined/unknown
	Isolation level: READ_COMMITTED [default READ_COMMITTED]
	JDBC fetch size: none
	Pool: DatasourceConnectionProviderImpl
	Minimum pool size: undefined/unknown
	Maximum pool size: undefined/unknown
2026-10-01T12:09:55.512+05:30  INFO 19972 --- [Customer] [restartedMain] o.h.e.t.j.p.i.JtaPlatformInitiator       : HHH000489: No JTA platform available (set 'hibernate.transaction.jta.platform' to enable JTA platform integration)
2026-10-01T12:09:55.546+05:30  INFO 19972 --- [Customer] [restartedMain] j.LocalContainerEntityManagerFactoryBean : Initialized JPA EntityManagerFactory for persistence unit 'default'
2026-10-01T12:09:55.852+05:30  WARN 19972 --- [Customer] [restartedMain] JpaBaseConfiguration$JpaWebConfiguration : spring.jpa.open-in-view is enabled by default. Therefore, database queries may be performed during view rendering. Explicitly configure spring.jpa.open-in-view to disable this warning
2026-10-01T12:09:56.064+05:30  INFO 19972 --- [Customer] [restartedMain] o.s.c.openfeign.FeignClientFactoryBean   : For 'BANKACCOUNT' URL not provided. Will try picking an instance via load-balancing.
2026-10-01T12:09:56.624+05:30  WARN 19972 --- [Customer] [restartedMain] .s.a.UserDetailsServiceAutoConfiguration : 

Using generated security password: 7d7edbbf-f4f7-4dd6-a26d-013a1c11bf4d

This generated password is for development use only. Your security configuration must be updated before running your application in production.

2026-10-01T12:09:56.634+05:30  INFO 19972 --- [Customer] [restartedMain] r$InitializeUserDetailsManagerConfigurer : Global AuthenticationManager configured with UserDetailsService bean with name inMemoryUserDetailsManager
2026-10-01T12:09:58.313+05:30  INFO 19972 --- [Customer] [restartedMain] DiscoveryClientOptionalArgsConfiguration : Eureka HTTP Client uses RestClient.
2026-10-01T12:09:58.417+05:30  WARN 19972 --- [Customer] [restartedMain] iguration$LoadBalancerCaffeineWarnLogger : Spring Cloud LoadBalancer is currently working with the default cache. While this cache implementation is useful for development and tests, it's recommended to use Caffeine cache in production.You can switch to using Caffeine cache, by adding it and org.springframework.cache.caffeine.CaffeineCacheManager to the classpath.
2026-10-01T12:09:58.479+05:30  INFO 19972 --- [Customer] [restartedMain] o.s.c.n.eureka.InstanceInfoFactory       : Setting initial instance status as: STARTING
2026-10-01T12:09:58.486+05:30  INFO 19972 --- [Customer] [restartedMain] com.netflix.discovery.DiscoveryClient    : Initializing Eureka in region us-east-1
2026-10-01T12:09:58.486+05:30  INFO 19972 --- [Customer] [restartedMain] c.n.d.s.r.aws.ConfigClusterResolver      : Resolving eureka endpoints via configuration
2026-10-01T12:09:58.487+05:30  INFO 19972 --- [Customer] [restartedMain] com.netflix.discovery.DiscoveryClient    : Disable delta property : false
2026-10-01T12:09:58.487+05:30  INFO 19972 --- [Customer] [restartedMain] com.netflix.discovery.DiscoveryClient    : Single vip registry refresh property : null
2026-10-01T12:09:58.487+05:30  INFO 19972 --- [Customer] [restartedMain] com.netflix.discovery.DiscoveryClient    : Force full registry fetch : false
2026-10-01T12:09:58.487+05:30  INFO 19972 --- [Customer] [restartedMain] com.netflix.discovery.DiscoveryClient    : Application is null : false
2026-10-01T12:09:58.487+05:30  INFO 19972 --- [Customer] [restartedMain] com.netflix.discovery.DiscoveryClient    : Registered Applications size is zero : true
2026-10-01T12:09:58.487+05:30  INFO 19972 --- [Customer] [restartedMain] com.netflix.discovery.DiscoveryClient    : Application version is -1: true
2026-10-01T12:09:58.487+05:30  INFO 19972 --- [Customer] [restartedMain] com.netflix.discovery.DiscoveryClient    : Getting all instance registry info from the eureka server
2026-10-01T12:09:58.516+05:30  INFO 19972 --- [Customer] [restartedMain] com.netflix.discovery.DiscoveryClient    : The response status is 200
2026-10-01T12:09:58.517+05:30  INFO 19972 --- [Customer] [restartedMain] com.netflix.discovery.DiscoveryClient    : Starting heartbeat executor: renew interval is: 30
2026-10-01T12:09:58.518+05:30  INFO 19972 --- [Customer] [restartedMain] c.n.discovery.InstanceInfoReplicator     : InstanceInfoReplicator onDemand update allowed rate per min is 4
2026-10-01T12:09:58.519+05:30  INFO 19972 --- [Customer] [restartedMain] com.netflix.discovery.DiscoveryClient    : Discovery Client initialized at timestamp 1790836798519 with initial instances count: 4
2026-10-01T12:09:58.534+05:30  INFO 19972 --- [Customer] [restartedMain] o.s.c.n.e.s.EurekaServiceRegistry        : Registering application CUSTOMER with eureka with status UP
2026-10-01T12:09:58.535+05:30  INFO 19972 --- [Customer] [restartedMain] com.netflix.discovery.DiscoveryClient    : Saw local status change event StatusChangeEvent [timestamp=1790836798535, current=UP, previous=STARTING]
2026-10-01T12:09:58.535+05:30  INFO 19972 --- [Customer] [DiscoveryClient-InstanceInfoReplicator-%d] com.netflix.discovery.DiscoveryClient    : DiscoveryClient_CUSTOMER/10.207.81.191:Customer:8084: registering service...
2026-10-01T12:09:58.543+05:30  INFO 19972 --- [Customer] [restartedMain] o.s.boot.tomcat.TomcatWebServer          : Tomcat started on port 8084 (http) with context path '/'
2026-10-01T12:09:58.544+05:30  INFO 19972 --- [Customer] [restartedMain] .s.c.n.e.s.EurekaAutoServiceRegistration : Updating port to 8084
2026-10-01T12:09:58.547+05:30  INFO 19972 --- [Customer] [DiscoveryClient-InstanceInfoReplicator-%d] com.netflix.discovery.DiscoveryClient    : DiscoveryClient_CUSTOMER/10.207.81.191:Customer:8084 - registration status: 204
2026-10-01T12:09:58.558+05:30  INFO 19972 --- [Customer] [restartedMain] com.cg.customer.CustomerApplication      : Started CustomerApplication in 4.93 seconds (process running for 82234.789)
2026-10-01T12:09:58.560+05:30  WARN 19972 --- [Customer] [restartedMain] o.s.core.events.SpringDocAppInitializer  : SpringDoc /v3/api-docs endpoint is enabled by default. To disable it in production, set the property 'springdoc.api-docs.enabled=false'
2026-10-01T12:09:58.560+05:30  WARN 19972 --- [Customer] [restartedMain] o.s.core.events.SpringDocAppInitializer  : SpringDoc /swagger-ui.html endpoint is enabled by default. To disable it in production, set the property 'springdoc.swagger-ui.enabled=false'
2026-10-01T12:09:58.561+05:30  INFO 19972 --- [Customer] [restartedMain] .ConditionEvaluationDeltaLoggingListener : Condition evaluation unchanged
2026-10-01T12:13:18.076+05:30  INFO 19972 --- [Customer] [File Watcher] rtingClassPathChangeChangedEventListener : Restarting due to 1 class path change (0 additions, 0 deletions, 1 modification)
2026-10-01T12:13:18.076+05:30  INFO 19972 --- [Customer] [Thread-85] o.s.c.n.e.s.EurekaServiceRegistry        : Unregistering application CUSTOMER with eureka with status DOWN
2026-10-01T12:13:18.077+05:30  INFO 19972 --- [Customer] [Thread-85] com.netflix.discovery.DiscoveryClient    : Saw local status change event StatusChangeEvent [timestamp=1790836998077, current=DOWN, previous=UP]
2026-10-01T12:13:18.077+05:30  INFO 19972 --- [Customer] [DiscoveryClient-InstanceInfoReplicator-%d] com.netflix.discovery.DiscoveryClient    : DiscoveryClient_CUSTOMER/10.207.81.191:Customer:8084: registering service...
2026-10-01T12:13:18.078+05:30  INFO 19972 --- [Customer] [Thread-85] o.s.boot.tomcat.GracefulShutdown         : Commencing graceful shutdown. Waiting for active requests to complete
2026-10-01T12:13:18.086+05:30  INFO 19972 --- [Customer] [tomcat-shutdown] o.s.boot.tomcat.GracefulShutdown         : Graceful shutdown complete
2026-10-01T12:13:18.090+05:30  INFO 19972 --- [Customer] [DiscoveryClient-InstanceInfoReplicator-%d] com.netflix.discovery.DiscoveryClient    : DiscoveryClient_CUSTOMER/10.207.81.191:Customer:8084 - registration status: 204
2026-10-01T12:13:18.090+05:30  INFO 19972 --- [Customer] [Thread-85] j.LocalContainerEntityManagerFactoryBean : Closing JPA EntityManagerFactory for persistence unit 'default'
2026-10-01T12:13:18.091+05:30  INFO 19972 --- [Customer] [Thread-85] com.zaxxer.hikari.HikariDataSource       : HikariPool-15 - Shutdown initiated...
2026-10-01T12:13:18.093+05:30  INFO 19972 --- [Customer] [Thread-85] com.zaxxer.hikari.HikariDataSource       : HikariPool-15 - Shutdown completed.
2026-10-01T12:13:18.094+05:30  INFO 19972 --- [Customer] [Thread-85] com.netflix.discovery.DiscoveryClient    : Shutting down DiscoveryClient ...
2026-10-01T12:13:21.106+05:30  INFO 19972 --- [Customer] [Thread-85] com.netflix.discovery.DiscoveryClient    : Unregistering ...
2026-10-01T12:13:21.122+05:30  INFO 19972 --- [Customer] [Thread-85] com.netflix.discovery.DiscoveryClient    : DiscoveryClient_CUSTOMER/10.207.81.191:Customer:8084 - deregister  status: 200
2026-10-01T12:13:21.123+05:30  INFO 19972 --- [Customer] [Thread-85] com.netflix.discovery.DiscoveryClient    : Completed shut down of DiscoveryClient
2026-10-01T12:13:21.247+05:30  INFO 19972 --- [Customer] [restartedMain] com.cg.customer.CustomerApplication      : Starting CustomerApplication using Java 21.0.7 with PID 19972 (C:\Users\bmanikch\Documents\workspace-spring-tools-for-eclipse-5.0.1.RELEASE\Customer\target\classes started by bmanikch in C:\Users\bmanikch\Documents\workspace-spring-tools-for-eclipse-5.0.1.RELEASE\Customer)
2026-10-01T12:13:21.247+05:30  INFO 19972 --- [Customer] [restartedMain] com.cg.customer.CustomerApplication      : No active profile set, falling back to 1 default profile: "default"
2026-10-01T12:13:21.693+05:30  INFO 19972 --- [Customer] [restartedMain] .s.d.r.c.RepositoryConfigurationDelegate : Bootstrapping Spring Data JPA repositories in DEFAULT mode.
2026-10-01T12:13:21.710+05:30  INFO 19972 --- [Customer] [restartedMain] .s.d.r.c.RepositoryConfigurationDelegate : Finished Spring Data repository scanning in 14 ms. Found 1 JPA repository interface.
2026-10-01T12:13:21.851+05:30  INFO 19972 --- [Customer] [restartedMain] o.s.cloud.context.scope.GenericScope     : BeanFactory id=0a180c12-f20d-3817-a31a-bb347817188d
2026-10-01T12:13:22.159+05:30  INFO 19972 --- [Customer] [restartedMain] o.s.boot.tomcat.TomcatWebServer          : Tomcat initialized with port 8084 (http)
2026-10-01T12:13:22.162+05:30  INFO 19972 --- [Customer] [restartedMain] o.apache.catalina.core.StandardService   : Starting service [Tomcat]
2026-10-01T12:13:22.162+05:30  INFO 19972 --- [Customer] [restartedMain] o.apache.catalina.core.StandardEngine    : Starting Servlet engine: [Apache Tomcat/11.0.14]
2026-10-01T12:13:22.242+05:30  INFO 19972 --- [Customer] [restartedMain] b.w.c.s.WebApplicationContextInitializer : Root WebApplicationContext: initialization completed in 991 ms
2026-10-01T12:13:22.438+05:30  INFO 19972 --- [Customer] [restartedMain] o.hibernate.jpa.internal.util.LogHelper  : HHH000204: Processing PersistenceUnitInfo [name: default]
2026-10-01T12:13:22.477+05:30  INFO 19972 --- [Customer] [restartedMain] o.s.o.j.p.SpringPersistenceUnitInfo      : No LoadTimeWeaver setup: ignoring JPA class transformer
2026-10-01T12:13:22.479+05:30  INFO 19972 --- [Customer] [restartedMain] com.zaxxer.hikari.HikariDataSource       : HikariPool-16 - Starting...
2026-10-01T12:13:22.594+05:30  INFO 19972 --- [Customer] [restartedMain] com.zaxxer.hikari.pool.HikariPool        : HikariPool-16 - Added connection org.postgresql.jdbc.PgConnection@3ac6df9b
2026-10-01T12:13:22.594+05:30  INFO 19972 --- [Customer] [restartedMain] com.zaxxer.hikari.HikariDataSource       : HikariPool-16 - Start completed.
2026-10-01T12:13:22.600+05:30  WARN 19972 --- [Customer] [restartedMain] org.hibernate.orm.deprecation            : HHH90000025: PostgreSQLDialect does not need to be specified explicitly using 'hibernate.dialect' (remove the property setting and it will be selected by default)
2026-10-01T12:13:22.607+05:30  INFO 19972 --- [Customer] [restartedMain] org.hibernate.orm.connections.pooling    : HHH10001005: Database info:
	Database JDBC URL [jdbc:postgresql://localhost:5432/CUSTOMER]
	Database driver: PostgreSQL JDBC Driver
	Database dialect: PostgreSQLDialect
	Database version: 17.5
	Default catalog/schema: CUSTOMER/public
	Autocommit mode: undefined/unknown
	Isolation level: READ_COMMITTED [default READ_COMMITTED]
	JDBC fetch size: none
	Pool: DatasourceConnectionProviderImpl
	Minimum pool size: undefined/unknown
	Maximum pool size: undefined/unknown
2026-10-01T12:13:22.659+05:30  INFO 19972 --- [Customer] [restartedMain] o.h.e.t.j.p.i.JtaPlatformInitiator       : HHH000489: No JTA platform available (set 'hibernate.transaction.jta.platform' to enable JTA platform integration)
2026-10-01T12:13:22.676+05:30  INFO 19972 --- [Customer] [restartedMain] j.LocalContainerEntityManagerFactoryBean : Initialized JPA EntityManagerFactory for persistence unit 'default'
2026-10-01T12:13:22.913+05:30  WARN 19972 --- [Customer] [restartedMain] JpaBaseConfiguration$JpaWebConfiguration : spring.jpa.open-in-view is enabled by default. Therefore, database queries may be performed during view rendering. Explicitly configure spring.jpa.open-in-view to disable this warning
2026-10-01T12:13:23.108+05:30  INFO 19972 --- [Customer] [restartedMain] o.s.c.openfeign.FeignClientFactoryBean   : For 'BANKACCOUNT' URL not provided. Will try picking an instance via load-balancing.
2026-10-01T12:13:23.606+05:30  WARN 19972 --- [Customer] [restartedMain] .s.a.UserDetailsServiceAutoConfiguration : 

Using generated security password: 41f269dc-8e43-4f91-9d58-78be8ca995b2

This generated password is for development use only. Your security configuration must be updated before running your application in production.

2026-10-01T12:13:23.616+05:30  INFO 19972 --- [Customer] [restartedMain] r$InitializeUserDetailsManagerConfigurer : Global AuthenticationManager configured with UserDetailsService bean with name inMemoryUserDetailsManager
2026-10-01T12:13:25.152+05:30  INFO 19972 --- [Customer] [restartedMain] DiscoveryClientOptionalArgsConfiguration : Eureka HTTP Client uses RestClient.
2026-10-01T12:13:25.253+05:30  WARN 19972 --- [Customer] [restartedMain] iguration$LoadBalancerCaffeineWarnLogger : Spring Cloud LoadBalancer is currently working with the default cache. While this cache implementation is useful for development and tests, it's recommended to use Caffeine cache in production.You can switch to using Caffeine cache, by adding it and org.springframework.cache.caffeine.CaffeineCacheManager to the classpath.
2026-10-01T12:13:25.310+05:30  INFO 19972 --- [Customer] [restartedMain] o.s.c.n.eureka.InstanceInfoFactory       : Setting initial instance status as: STARTING
2026-10-01T12:13:25.315+05:30  INFO 19972 --- [Customer] [restartedMain] com.netflix.discovery.DiscoveryClient    : Initializing Eureka in region us-east-1
2026-10-01T12:13:25.316+05:30  INFO 19972 --- [Customer] [restartedMain] c.n.d.s.r.aws.ConfigClusterResolver      : Resolving eureka endpoints via configuration
2026-10-01T12:13:25.316+05:30  INFO 19972 --- [Customer] [restartedMain] com.netflix.discovery.DiscoveryClient    : Disable delta property : false
2026-10-01T12:13:25.316+05:30  INFO 19972 --- [Customer] [restartedMain] com.netflix.discovery.DiscoveryClient    : Single vip registry refresh property : null
2026-10-01T12:13:25.316+05:30  INFO 19972 --- [Customer] [restartedMain] com.netflix.discovery.DiscoveryClient    : Force full registry fetch : false
2026-10-01T12:13:25.316+05:30  INFO 19972 --- [Customer] [restartedMain] com.netflix.discovery.DiscoveryClient    : Application is null : false
2026-10-01T12:13:25.316+05:30  INFO 19972 --- [Customer] [restartedMain] com.netflix.discovery.DiscoveryClient    : Registered Applications size is zero : true
2026-10-01T12:13:25.316+05:30  INFO 19972 --- [Customer] [restartedMain] com.netflix.discovery.DiscoveryClient    : Application version is -1: true
2026-10-01T12:13:25.316+05:30  INFO 19972 --- [Customer] [restartedMain] com.netflix.discovery.DiscoveryClient    : Getting all instance registry info from the eureka server
2026-10-01T12:13:25.344+05:30  INFO 19972 --- [Customer] [restartedMain] com.netflix.discovery.DiscoveryClient    : The response status is 200
2026-10-01T12:13:25.344+05:30  INFO 19972 --- [Customer] [restartedMain] com.netflix.discovery.DiscoveryClient    : Starting heartbeat executor: renew interval is: 30
2026-10-01T12:13:25.345+05:30  INFO 19972 --- [Customer] [restartedMain] c.n.discovery.InstanceInfoReplicator     : InstanceInfoReplicator onDemand update allowed rate per min is 4
2026-10-01T12:13:25.345+05:30  INFO 19972 --- [Customer] [restartedMain] com.netflix.discovery.DiscoveryClient    : Discovery Client initialized at timestamp 1790837005345 with initial instances count: 3
2026-10-01T12:13:25.359+05:30  INFO 19972 --- [Customer] [restartedMain] o.s.c.n.e.s.EurekaServiceRegistry        : Registering application CUSTOMER with eureka with status UP
2026-10-01T12:13:25.359+05:30  INFO 19972 --- [Customer] [restartedMain] com.netflix.discovery.DiscoveryClient    : Saw local status change event StatusChangeEvent [timestamp=1790837005359, current=UP, previous=STARTING]
2026-10-01T12:13:25.359+05:30  INFO 19972 --- [Customer] [DiscoveryClient-InstanceInfoReplicator-%d] com.netflix.discovery.DiscoveryClient    : DiscoveryClient_CUSTOMER/10.207.81.191:Customer:8084: registering service...
2026-10-01T12:13:25.368+05:30  INFO 19972 --- [Customer] [restartedMain] o.s.boot.tomcat.TomcatWebServer          : Tomcat started on port 8084 (http) with context path '/'
2026-10-01T12:13:25.369+05:30  INFO 19972 --- [Customer] [restartedMain] .s.c.n.e.s.EurekaAutoServiceRegistration : Updating port to 8084
2026-10-01T12:13:25.374+05:30  INFO 19972 --- [Customer] [DiscoveryClient-InstanceInfoReplicator-%d] com.netflix.discovery.DiscoveryClient    : DiscoveryClient_CUSTOMER/10.207.81.191:Customer:8084 - registration status: 204
2026-10-01T12:13:25.381+05:30  INFO 19972 --- [Customer] [restartedMain] com.cg.customer.CustomerApplication      : Started CustomerApplication in 4.187 seconds (process running for 82441.613)
2026-10-01T12:13:25.383+05:30  WARN 19972 --- [Customer] [restartedMain] o.s.core.events.SpringDocAppInitializer  : SpringDoc /v3/api-docs endpoint is enabled by default. To disable it in production, set the property 'springdoc.api-docs.enabled=false'
2026-10-01T12:13:25.383+05:30  WARN 19972 --- [Customer] [restartedMain] o.s.core.events.SpringDocAppInitializer  : SpringDoc /swagger-ui.html endpoint is enabled by default. To disable it in production, set the property 'springdoc.swagger-ui.enabled=false'
2026-10-01T12:13:25.384+05:30  INFO 19972 --- [Customer] [restartedMain] .ConditionEvaluationDeltaLoggingListener : Condition evaluation unchanged
2026-10-01T12:13:56.224+05:30  INFO 19972 --- [Customer] [File Watcher] rtingClassPathChangeChangedEventListener : Restarting due to 3 class path changes (0 additions, 0 deletions, 3 modifications)
2026-10-01T12:13:56.226+05:30  INFO 19972 --- [Customer] [Thread-91] o.s.c.n.e.s.EurekaServiceRegistry        : Unregistering application CUSTOMER with eureka with status DOWN
2026-10-01T12:13:56.226+05:30  INFO 19972 --- [Customer] [Thread-91] com.netflix.discovery.DiscoveryClient    : Saw local status change event StatusChangeEvent [timestamp=1790837036226, current=DOWN, previous=UP]
2026-10-01T12:13:56.226+05:30  INFO 19972 --- [Customer] [DiscoveryClient-InstanceInfoReplicator-%d] com.netflix.discovery.DiscoveryClient    : DiscoveryClient_CUSTOMER/10.207.81.191:Customer:8084: registering service...
2026-10-01T12:13:56.227+05:30  INFO 19972 --- [Customer] [Thread-91] o.s.boot.tomcat.GracefulShutdown         : Commencing graceful shutdown. Waiting for active requests to complete
2026-10-01T12:13:56.229+05:30  INFO 19972 --- [Customer] [DiscoveryClient-InstanceInfoReplicator-%d] com.netflix.discovery.DiscoveryClient    : DiscoveryClient_CUSTOMER/10.207.81.191:Customer:8084 - registration status: 204
2026-10-01T12:13:56.238+05:30  INFO 19972 --- [Customer] [tomcat-shutdown] o.s.boot.tomcat.GracefulShutdown         : Graceful shutdown complete
2026-10-01T12:13:56.242+05:30  INFO 19972 --- [Customer] [Thread-91] j.LocalContainerEntityManagerFactoryBean : Closing JPA EntityManagerFactory for persistence unit 'default'
2026-10-01T12:13:56.242+05:30  INFO 19972 --- [Customer] [Thread-91] com.zaxxer.hikari.HikariDataSource       : HikariPool-16 - Shutdown initiated...
2026-10-01T12:13:56.244+05:30  INFO 19972 --- [Customer] [Thread-91] com.zaxxer.hikari.HikariDataSource       : HikariPool-16 - Shutdown completed.
2026-10-01T12:13:56.246+05:30  INFO 19972 --- [Customer] [Thread-91] com.netflix.discovery.DiscoveryClient    : Shutting down DiscoveryClient ...
2026-10-01T12:13:59.255+05:30  INFO 19972 --- [Customer] [Thread-91] com.netflix.discovery.DiscoveryClient    : Unregistering ...
2026-10-01T12:13:59.273+05:30  INFO 19972 --- [Customer] [Thread-91] com.netflix.discovery.DiscoveryClient    : DiscoveryClient_CUSTOMER/10.207.81.191:Customer:8084 - deregister  status: 200
2026-10-01T12:13:59.274+05:30  INFO 19972 --- [Customer] [Thread-91] com.netflix.discovery.DiscoveryClient    : Completed shut down of DiscoveryClient
2026-10-01T12:13:59.383+05:30  INFO 19972 --- [Customer] [restartedMain] com.cg.customer.CustomerApplication      : Starting CustomerApplication using Java 21.0.7 with PID 19972 (C:\Users\bmanikch\Documents\workspace-spring-tools-for-eclipse-5.0.1.RELEASE\Customer\target\classes started by bmanikch in C:\Users\bmanikch\Documents\workspace-spring-tools-for-eclipse-5.0.1.RELEASE\Customer)
2026-10-01T12:13:59.384+05:30  INFO 19972 --- [Customer] [restartedMain] com.cg.customer.CustomerApplication      : No active profile set, falling back to 1 default profile: "default"
2026-10-01T12:13:59.875+05:30  INFO 19972 --- [Customer] [restartedMain] .s.d.r.c.RepositoryConfigurationDelegate : Bootstrapping Spring Data JPA repositories in DEFAULT mode.
2026-10-01T12:13:59.893+05:30  INFO 19972 --- [Customer] [restartedMain] .s.d.r.c.RepositoryConfigurationDelegate : Finished Spring Data repository scanning in 14 ms. Found 1 JPA repository interface.
2026-10-01T12:14:00.032+05:30  INFO 19972 --- [Customer] [restartedMain] o.s.cloud.context.scope.GenericScope     : BeanFactory id=0a180c12-f20d-3817-a31a-bb347817188d
2026-10-01T12:14:00.379+05:30  INFO 19972 --- [Customer] [restartedMain] o.s.boot.tomcat.TomcatWebServer          : Tomcat initialized with port 8084 (http)
2026-10-01T12:14:00.380+05:30  INFO 19972 --- [Customer] [restartedMain] o.apache.catalina.core.StandardService   : Starting service [Tomcat]
2026-10-01T12:14:00.381+05:30  INFO 19972 --- [Customer] [restartedMain] o.apache.catalina.core.StandardEngine    : Starting Servlet engine: [Apache Tomcat/11.0.14]
2026-10-01T12:14:00.468+05:30  INFO 19972 --- [Customer] [restartedMain] b.w.c.s.WebApplicationContextInitializer : Root WebApplicationContext: initialization completed in 1082 ms
2026-10-01T12:14:00.727+05:30  INFO 19972 --- [Customer] [restartedMain] o.hibernate.jpa.internal.util.LogHelper  : HHH000204: Processing PersistenceUnitInfo [name: default]
2026-10-01T12:14:00.773+05:30  INFO 19972 --- [Customer] [restartedMain] o.s.o.j.p.SpringPersistenceUnitInfo      : No LoadTimeWeaver setup: ignoring JPA class transformer
2026-10-01T12:14:00.775+05:30  INFO 19972 --- [Customer] [restartedMain] com.zaxxer.hikari.HikariDataSource       : HikariPool-17 - Starting...
2026-10-01T12:14:00.899+05:30  INFO 19972 --- [Customer] [restartedMain] com.zaxxer.hikari.pool.HikariPool        : HikariPool-17 - Added connection org.postgresql.jdbc.PgConnection@7ecaa7df
2026-10-01T12:14:00.900+05:30  INFO 19972 --- [Customer] [restartedMain] com.zaxxer.hikari.HikariDataSource       : HikariPool-17 - Start completed.
2026-10-01T12:14:00.908+05:30  WARN 19972 --- [Customer] [restartedMain] org.hibernate.orm.deprecation            : HHH90000025: PostgreSQLDialect does not need to be specified explicitly using 'hibernate.dialect' (remove the property setting and it will be selected by default)
2026-10-01T12:14:00.913+05:30  INFO 19972 --- [Customer] [restartedMain] org.hibernate.orm.connections.pooling    : HHH10001005: Database info:
	Database JDBC URL [jdbc:postgresql://localhost:5432/CUSTOMER]
	Database driver: PostgreSQL JDBC Driver
	Database dialect: PostgreSQLDialect
	Database version: 17.5
	Default catalog/schema: CUSTOMER/public
	Autocommit mode: undefined/unknown
	Isolation level: READ_COMMITTED [default READ_COMMITTED]
	JDBC fetch size: none
	Pool: DatasourceConnectionProviderImpl
	Minimum pool size: undefined/unknown
	Maximum pool size: undefined/unknown
2026-10-01T12:14:00.946+05:30  INFO 19972 --- [Customer] [restartedMain] o.h.e.t.j.p.i.JtaPlatformInitiator       : HHH000489: No JTA platform available (set 'hibernate.transaction.jta.platform' to enable JTA platform integration)
2026-10-01T12:14:00.947+05:30  INFO 19972 --- [Customer] [restartedMain] j.LocalContainerEntityManagerFactoryBean : Initialized JPA EntityManagerFactory for persistence unit 'default'
2026-10-01T12:14:01.021+05:30  WARN 19972 --- [Customer] [restartedMain] ConfigServletWebServerApplicationContext : Exception encountered during context initialization - cancelling refresh attempt: org.springframework.beans.factory.UnsatisfiedDependencyException: Error creating bean with name 'customerController': Unsatisfied dependency expressed through field 'customerService': Error creating bean with name 'customerServiceImpl': Lookup method resolution failed
2026-10-01T12:14:01.021+05:30  INFO 19972 --- [Customer] [restartedMain] j.LocalContainerEntityManagerFactoryBean : Closing JPA EntityManagerFactory for persistence unit 'default'
2026-10-01T12:14:01.022+05:30  INFO 19972 --- [Customer] [restartedMain] com.zaxxer.hikari.HikariDataSource       : HikariPool-17 - Shutdown initiated...
2026-10-01T12:14:01.195+05:30  INFO 19972 --- [Customer] [restartedMain] com.zaxxer.hikari.HikariDataSource       : HikariPool-17 - Shutdown completed.
2026-10-01T12:14:01.196+05:30  INFO 19972 --- [Customer] [restartedMain] o.apache.catalina.core.StandardService   : Stopping service [Tomcat]
2026-10-01T12:14:01.209+05:30  INFO 19972 --- [Customer] [restartedMain] .s.b.a.l.ConditionEvaluationReportLogger : 

Error starting ApplicationContext. To display the condition evaluation report re-run your application with 'debug' enabled.
2026-10-01T12:14:01.270+05:30 ERROR 19972 --- [Customer] [restartedMain] o.s.boot.SpringApplication               : Application run failed

org.springframework.beans.factory.UnsatisfiedDependencyException: Error creating bean with name 'customerController': Unsatisfied dependency expressed through field 'customerService': Error creating bean with name 'customerServiceImpl': Lookup method resolution failed
	at org.springframework.beans.factory.annotation.AutowiredAnnotationBeanPostProcessor$AutowiredFieldElement.resolveFieldValue(AutowiredAnnotationBeanPostProcessor.java:766) ~[spring-beans-7.0.1.jar:7.0.1]
	at org.springframework.beans.factory.annotation.AutowiredAnnotationBeanPostProcessor$AutowiredFieldElement.inject(AutowiredAnnotationBeanPostProcessor.java:747) ~[spring-beans-7.0.1.jar:7.0.1]
	at org.springframework.beans.factory.annotation.InjectionMetadata.inject(InjectionMetadata.java:146) ~[spring-beans-7.0.1.jar:7.0.1]
	at org.springframework.beans.factory.annotation.AutowiredAnnotationBeanPostProcessor.postProcessProperties(AutowiredAnnotationBeanPostProcessor.java:492) ~[spring-beans-7.0.1.jar:7.0.1]
	at org.springframework.beans.factory.support.AbstractAutowireCapableBeanFactory.populateBean(AbstractAutowireCapableBeanFactory.java:1446) ~[spring-beans-7.0.1.jar:7.0.1]
	at org.springframework.beans.factory.support.AbstractAutowireCapableBeanFactory.doCreateBean(AbstractAutowireCapableBeanFactory.java:602) ~[spring-beans-7.0.1.jar:7.0.1]
	at org.springframework.beans.factory.support.AbstractAutowireCapableBeanFactory.createBean(AbstractAutowireCapableBeanFactory.java:525) ~[spring-beans-7.0.1.jar:7.0.1]
	at org.springframework.beans.factory.support.AbstractBeanFactory.lambda$doGetBean$0(AbstractBeanFactory.java:333) ~[spring-beans-7.0.1.jar:7.0.1]
	at org.springframework.beans.factory.support.DefaultSingletonBeanRegistry.getSingleton(DefaultSingletonBeanRegistry.java:371) ~[spring-beans-7.0.1.jar:7.0.1]
	at org.springframework.beans.factory.support.AbstractBeanFactory.doGetBean(AbstractBeanFactory.java:331) ~[spring-beans-7.0.1.jar:7.0.1]
	at org.springframework.beans.factory.support.AbstractBeanFactory.getBean(AbstractBeanFactory.java:196) ~[spring-beans-7.0.1.jar:7.0.1]
	at org.springframework.beans.factory.support.DefaultListableBeanFactory.instantiateSingleton(DefaultListableBeanFactory.java:1218) ~[spring-beans-7.0.1.jar:7.0.1]
	at org.springframework.beans.factory.support.DefaultListableBeanFactory.preInstantiateSingleton(DefaultListableBeanFactory.java:1184) ~[spring-beans-7.0.1.jar:7.0.1]
	at org.springframework.beans.factory.support.DefaultListableBeanFactory.preInstantiateSingletons(DefaultListableBeanFactory.java:1121) ~[spring-beans-7.0.1.jar:7.0.1]
	at org.springframework.context.support.AbstractApplicationContext.finishBeanFactoryInitialization(AbstractApplicationContext.java:983) ~[spring-context-7.0.1.jar:7.0.1]
	at org.springframework.context.support.AbstractApplicationContext.refresh(AbstractApplicationContext.java:620) ~[spring-context-7.0.1.jar:7.0.1]
	at org.springframework.boot.web.server.servlet.context.ServletWebServerApplicationContext.refresh(ServletWebServerApplicationContext.java:143) ~[spring-boot-web-server-4.0.0.jar:4.0.0]
	at org.springframework.boot.SpringApplication.refresh(SpringApplication.java:765) ~[spring-boot-4.0.0.jar:4.0.0]
	at org.springframework.boot.SpringApplication.refreshContext(SpringApplication.java:454) ~[spring-boot-4.0.0.jar:4.0.0]
	at org.springframework.boot.SpringApplication.run(SpringApplication.java:321) ~[spring-boot-4.0.0.jar:4.0.0]
	at org.springframework.boot.SpringApplication.run(SpringApplication.java:1374) ~[spring-boot-4.0.0.jar:4.0.0]
	at org.springframework.boot.SpringApplication.run(SpringApplication.java:1363) ~[spring-boot-4.0.0.jar:4.0.0]
	at com.cg.customer.CustomerApplication.main(CustomerApplication.java:17) ~[classes/:na]
	at java.base/jdk.internal.reflect.DirectMethodHandleAccessor.invoke(DirectMethodHandleAccessor.java:103) ~[na:na]
	at java.base/java.lang.reflect.Method.invoke(Method.java:580) ~[na:na]
	at org.springframework.boot.devtools.restart.RestartLauncher.run(RestartLauncher.java:52) ~[spring-boot-devtools-4.0.0.jar:4.0.0]
Caused by: org.springframework.beans.factory.BeanCreationException: Error creating bean with name 'customerServiceImpl': Lookup method resolution failed
	at org.springframework.beans.factory.annotation.AutowiredAnnotationBeanPostProcessor.checkLookupMethods(AutowiredAnnotationBeanPostProcessor.java:481) ~[spring-beans-7.0.1.jar:7.0.1]
	at org.springframework.beans.factory.annotation.AutowiredAnnotationBeanPostProcessor.determineCandidateConstructors(AutowiredAnnotationBeanPostProcessor.java:351) ~[spring-beans-7.0.1.jar:7.0.1]
	at org.springframework.beans.factory.support.AbstractAutowireCapableBeanFactory.determineConstructorsFromBeanPostProcessors(AbstractAutowireCapableBeanFactory.java:1321) ~[spring-beans-7.0.1.jar:7.0.1]
	at org.springframework.beans.factory.support.AbstractAutowireCapableBeanFactory.createBeanInstance(AbstractAutowireCapableBeanFactory.java:1218) ~[spring-beans-7.0.1.jar:7.0.1]
	at org.springframework.beans.factory.support.AbstractAutowireCapableBeanFactory.doCreateBean(AbstractAutowireCapableBeanFactory.java:565) ~[spring-beans-7.0.1.jar:7.0.1]
	at org.springframework.beans.factory.support.AbstractAutowireCapableBeanFactory.createBean(AbstractAutowireCapableBeanFactory.java:525) ~[spring-beans-7.0.1.jar:7.0.1]
	at org.springframework.beans.factory.support.AbstractBeanFactory.lambda$doGetBean$0(AbstractBeanFactory.java:333) ~[spring-beans-7.0.1.jar:7.0.1]
	at org.springframework.beans.factory.support.DefaultSingletonBeanRegistry.getSingleton(DefaultSingletonBeanRegistry.java:371) ~[spring-beans-7.0.1.jar:7.0.1]
	at org.springframework.beans.factory.support.AbstractBeanFactory.doGetBean(AbstractBeanFactory.java:331) ~[spring-beans-7.0.1.jar:7.0.1]
	at org.springframework.beans.factory.support.AbstractBeanFactory.getBean(AbstractBeanFactory.java:201) ~[spring-beans-7.0.1.jar:7.0.1]
	at org.springframework.beans.factory.config.DependencyDescriptor.resolveCandidate(DependencyDescriptor.java:229) ~[spring-beans-7.0.1.jar:7.0.1]
	at org.springframework.beans.factory.support.DefaultListableBeanFactory.doResolveDependency(DefaultListableBeanFactory.java:1762) ~[spring-beans-7.0.1.jar:7.0.1]
	at org.springframework.beans.factory.support.DefaultListableBeanFactory.resolveDependency(DefaultListableBeanFactory.java:1651) ~[spring-beans-7.0.1.jar:7.0.1]
	at org.springframework.beans.factory.annotation.AutowiredAnnotationBeanPostProcessor$AutowiredFieldElement.resolveFieldValue(AutowiredAnnotationBeanPostProcessor.java:763) ~[spring-beans-7.0.1.jar:7.0.1]
	... 25 common frames omitted
Caused by: java.lang.IllegalStateException: Failed to introspect Class [com.cg.customer.serviceImpl.CustomerServiceImpl] from ClassLoader [org.springframework.boot.devtools.restart.classloader.RestartClassLoader@31d81a6f]
	at org.springframework.util.ReflectionUtils.getDeclaredMethods(ReflectionUtils.java:483) ~[spring-core-7.0.1.jar:7.0.1]
	at org.springframework.util.ReflectionUtils.doWithLocalMethods(ReflectionUtils.java:320) ~[spring-core-7.0.1.jar:7.0.1]
	at org.springframework.beans.factory.annotation.AutowiredAnnotationBeanPostProcessor.checkLookupMethods(AutowiredAnnotationBeanPostProcessor.java:459) ~[spring-beans-7.0.1.jar:7.0.1]
	... 38 common frames omitted
Caused by: java.lang.NoClassDefFoundError: com/cg/customer/exception/CustomerNotFoundException
	at java.base/java.lang.Class.getDeclaredMethods0(Native Method) ~[na:na]
	at java.base/java.lang.Class.privateGetDeclaredMethods(Class.java:3578) ~[na:na]
	at java.base/java.lang.Class.getDeclaredMethods(Class.java:2676) ~[na:na]
	at org.springframework.util.ReflectionUtils.getDeclaredMethods(ReflectionUtils.java:465) ~[spring-core-7.0.1.jar:7.0.1]
	... 40 common frames omitted
Caused by: java.lang.ClassNotFoundException: com.cg.customer.exception.CustomerNotFoundException
	at java.base/jdk.internal.loader.BuiltinClassLoader.loadClass(BuiltinClassLoader.java:641) ~[na:na]
	at java.base/jdk.internal.loader.ClassLoaders$AppClassLoader.loadClass(ClassLoaders.java:188) ~[na:na]
	at java.base/java.lang.ClassLoader.loadClass(ClassLoader.java:526) ~[na:na]
	at java.base/java.lang.Class.forName0(Native Method) ~[na:na]
	at java.base/java.lang.Class.forName(Class.java:534) ~[na:na]
	at java.base/java.lang.Class.forName(Class.java:513) ~[na:na]
	at org.springframework.boot.devtools.restart.classloader.RestartClassLoader.loadClass(RestartClassLoader.java:123) ~[spring-boot-devtools-4.0.0.jar:4.0.0]
	at java.base/java.lang.ClassLoader.loadClass(ClassLoader.java:526) ~[na:na]
	... 44 common frames omitted

2026-10-01T12:14:02.799+05:30  INFO 19972 --- [Customer] [restartedMain] com.cg.customer.CustomerApplication      : Starting CustomerApplication using Java 21.0.7 with PID 19972 (C:\Users\bmanikch\Documents\workspace-spring-tools-for-eclipse-5.0.1.RELEASE\Customer\target\classes started by bmanikch in C:\Users\bmanikch\Documents\workspace-spring-tools-for-eclipse-5.0.1.RELEASE\Customer)
2026-10-01T12:14:02.799+05:30  INFO 19972 --- [Customer] [restartedMain] com.cg.customer.CustomerApplication      : No active profile set, falling back to 1 default profile: "default"
2026-10-01T12:14:03.248+05:30  INFO 19972 --- [Customer] [restartedMain] .s.d.r.c.RepositoryConfigurationDelegate : Bootstrapping Spring Data JPA repositories in DEFAULT mode.
2026-10-01T12:14:03.265+05:30  INFO 19972 --- [Customer] [restartedMain] .s.d.r.c.RepositoryConfigurationDelegate : Finished Spring Data repository scanning in 14 ms. Found 1 JPA repository interface.
2026-10-01T12:14:03.387+05:30  INFO 19972 --- [Customer] [restartedMain] o.s.cloud.context.scope.GenericScope     : BeanFactory id=0a180c12-f20d-3817-a31a-bb347817188d
2026-10-01T12:14:03.665+05:30  INFO 19972 --- [Customer] [restartedMain] o.s.boot.tomcat.TomcatWebServer          : Tomcat initialized with port 8084 (http)
2026-10-01T12:14:03.667+05:30  INFO 19972 --- [Customer] [restartedMain] o.apache.catalina.core.StandardService   : Starting service [Tomcat]
2026-10-01T12:14:03.667+05:30  INFO 19972 --- [Customer] [restartedMain] o.apache.catalina.core.StandardEngine    : Starting Servlet engine: [Apache Tomcat/11.0.14]
2026-10-01T12:14:03.747+05:30  INFO 19972 --- [Customer] [restartedMain] b.w.c.s.WebApplicationContextInitializer : Root WebApplicationContext: initialization completed in 946 ms
2026-10-01T12:14:03.955+05:30  INFO 19972 --- [Customer] [restartedMain] o.hibernate.jpa.internal.util.LogHelper  : HHH000204: Processing PersistenceUnitInfo [name: default]
2026-10-01T12:14:03.993+05:30  INFO 19972 --- [Customer] [restartedMain] o.s.o.j.p.SpringPersistenceUnitInfo      : No LoadTimeWeaver setup: ignoring JPA class transformer
2026-10-01T12:14:03.994+05:30  INFO 19972 --- [Customer] [restartedMain] com.zaxxer.hikari.HikariDataSource       : HikariPool-18 - Starting...
2026-10-01T12:14:04.117+05:30  INFO 19972 --- [Customer] [restartedMain] com.zaxxer.hikari.pool.HikariPool        : HikariPool-18 - Added connection org.postgresql.jdbc.PgConnection@3c4de8a7
2026-10-01T12:14:04.117+05:30  INFO 19972 --- [Customer] [restartedMain] com.zaxxer.hikari.HikariDataSource       : HikariPool-18 - Start completed.
2026-10-01T12:14:04.125+05:30  WARN 19972 --- [Customer] [restartedMain] org.hibernate.orm.deprecation            : HHH90000025: PostgreSQLDialect does not need to be specified explicitly using 'hibernate.dialect' (remove the property setting and it will be selected by default)
2026-10-01T12:14:04.131+05:30  INFO 19972 --- [Customer] [restartedMain] org.hibernate.orm.connections.pooling    : HHH10001005: Database info:
	Database JDBC URL [jdbc:postgresql://localhost:5432/CUSTOMER]
	Database driver: PostgreSQL JDBC Driver
	Database dialect: PostgreSQLDialect
	Database version: 17.5
	Default catalog/schema: CUSTOMER/public
	Autocommit mode: undefined/unknown
	Isolation level: READ_COMMITTED [default READ_COMMITTED]
	JDBC fetch size: none
	Pool: DatasourceConnectionProviderImpl
	Minimum pool size: undefined/unknown
	Maximum pool size: undefined/unknown
2026-10-01T12:14:04.177+05:30  INFO 19972 --- [Customer] [restartedMain] o.h.e.t.j.p.i.JtaPlatformInitiator       : HHH000489: No JTA platform available (set 'hibernate.transaction.jta.platform' to enable JTA platform integration)
2026-10-01T12:14:04.192+05:30  INFO 19972 --- [Customer] [restartedMain] j.LocalContainerEntityManagerFactoryBean : Initialized JPA EntityManagerFactory for persistence unit 'default'
2026-10-01T12:14:04.436+05:30  WARN 19972 --- [Customer] [restartedMain] JpaBaseConfiguration$JpaWebConfiguration : spring.jpa.open-in-view is enabled by default. Therefore, database queries may be performed during view rendering. Explicitly configure spring.jpa.open-in-view to disable this warning
2026-10-01T12:14:04.644+05:30  INFO 19972 --- [Customer] [restartedMain] o.s.c.openfeign.FeignClientFactoryBean   : For 'BANKACCOUNT' URL not provided. Will try picking an instance via load-balancing.
2026-10-01T12:14:05.145+05:30  WARN 19972 --- [Customer] [restartedMain] .s.a.UserDetailsServiceAutoConfiguration : 

Using generated security password: 57ba64fe-72ed-4a42-bab0-41442c8cc2f9

This generated password is for development use only. Your security configuration must be updated before running your application in production.

2026-10-01T12:14:05.152+05:30  INFO 19972 --- [Customer] [restartedMain] r$InitializeUserDetailsManagerConfigurer : Global AuthenticationManager configured with UserDetailsService bean with name inMemoryUserDetailsManager
2026-10-01T12:14:06.687+05:30  INFO 19972 --- [Customer] [restartedMain] DiscoveryClientOptionalArgsConfiguration : Eureka HTTP Client uses RestClient.
2026-10-01T12:14:06.782+05:30  WARN 19972 --- [Customer] [restartedMain] iguration$LoadBalancerCaffeineWarnLogger : Spring Cloud LoadBalancer is currently working with the default cache. While this cache implementation is useful for development and tests, it's recommended to use Caffeine cache in production.You can switch to using Caffeine cache, by adding it and org.springframework.cache.caffeine.CaffeineCacheManager to the classpath.
2026-10-01T12:14:06.831+05:30  INFO 19972 --- [Customer] [restartedMain] o.s.c.n.eureka.InstanceInfoFactory       : Setting initial instance status as: STARTING
2026-10-01T12:14:06.836+05:30  INFO 19972 --- [Customer] [restartedMain] com.netflix.discovery.DiscoveryClient    : Initializing Eureka in region us-east-1
2026-10-01T12:14:06.836+05:30  INFO 19972 --- [Customer] [restartedMain] c.n.d.s.r.aws.ConfigClusterResolver      : Resolving eureka endpoints via configuration
2026-10-01T12:14:06.837+05:30  INFO 19972 --- [Customer] [restartedMain] com.netflix.discovery.DiscoveryClient    : Disable delta property : false
2026-10-01T12:14:06.837+05:30  INFO 19972 --- [Customer] [restartedMain] com.netflix.discovery.DiscoveryClient    : Single vip registry refresh property : null
2026-10-01T12:14:06.837+05:30  INFO 19972 --- [Customer] [restartedMain] com.netflix.discovery.DiscoveryClient    : Force full registry fetch : false
2026-10-01T12:14:06.837+05:30  INFO 19972 --- [Customer] [restartedMain] com.netflix.discovery.DiscoveryClient    : Application is null : false
2026-10-01T12:14:06.837+05:30  INFO 19972 --- [Customer] [restartedMain] com.netflix.discovery.DiscoveryClient    : Registered Applications size is zero : true
2026-10-01T12:14:06.837+05:30  INFO 19972 --- [Customer] [restartedMain] com.netflix.discovery.DiscoveryClient    : Application version is -1: true
2026-10-01T12:14:06.837+05:30  INFO 19972 --- [Customer] [restartedMain] com.netflix.discovery.DiscoveryClient    : Getting all instance registry info from the eureka server
2026-10-01T12:14:06.868+05:30  INFO 19972 --- [Customer] [restartedMain] com.netflix.discovery.DiscoveryClient    : The response status is 200
2026-10-01T12:14:06.869+05:30  INFO 19972 --- [Customer] [restartedMain] com.netflix.discovery.DiscoveryClient    : Starting heartbeat executor: renew interval is: 30
2026-10-01T12:14:06.869+05:30  INFO 19972 --- [Customer] [restartedMain] c.n.discovery.InstanceInfoReplicator     : InstanceInfoReplicator onDemand update allowed rate per min is 4
2026-10-01T12:14:06.869+05:30  INFO 19972 --- [Customer] [restartedMain] com.netflix.discovery.DiscoveryClient    : Discovery Client initialized at timestamp 1790837046869 with initial instances count: 4
2026-10-01T12:14:06.890+05:30  INFO 19972 --- [Customer] [restartedMain] o.s.c.n.e.s.EurekaServiceRegistry        : Registering application CUSTOMER with eureka with status UP
2026-10-01T12:14:06.890+05:30  INFO 19972 --- [Customer] [restartedMain] com.netflix.discovery.DiscoveryClient    : Saw local status change event StatusChangeEvent [timestamp=1790837046890, current=UP, previous=STARTING]
2026-10-01T12:14:06.890+05:30  INFO 19972 --- [Customer] [DiscoveryClient-InstanceInfoReplicator-%d] com.netflix.discovery.DiscoveryClient    : DiscoveryClient_CUSTOMER/10.207.81.191:Customer:8084: registering service...
2026-10-01T12:14:06.899+05:30  INFO 19972 --- [Customer] [restartedMain] o.s.boot.tomcat.TomcatWebServer          : Tomcat started on port 8084 (http) with context path '/'
2026-10-01T12:14:06.900+05:30  INFO 19972 --- [Customer] [restartedMain] .s.c.n.e.s.EurekaAutoServiceRegistration : Updating port to 8084
2026-10-01T12:14:06.907+05:30  INFO 19972 --- [Customer] [DiscoveryClient-InstanceInfoReplicator-%d] com.netflix.discovery.DiscoveryClient    : DiscoveryClient_CUSTOMER/10.207.81.191:Customer:8084 - registration status: 204
2026-10-01T12:14:06.914+05:30  INFO 19972 --- [Customer] [restartedMain] com.cg.customer.CustomerApplication      : Started CustomerApplication in 4.155 seconds (process running for 82483.144)
2026-10-01T12:14:06.915+05:30  WARN 19972 --- [Customer] [restartedMain] o.s.core.events.SpringDocAppInitializer  : SpringDoc /v3/api-docs endpoint is enabled by default. To disable it in production, set the property 'springdoc.api-docs.enabled=false'
2026-10-01T12:14:06.915+05:30  WARN 19972 --- [Customer] [restartedMain] o.s.core.events.SpringDocAppInitializer  : SpringDoc /swagger-ui.html endpoint is enabled by default. To disable it in production, set the property 'springdoc.swagger-ui.enabled=false'
2026-10-01T12:14:06.916+05:30  INFO 19972 --- [Customer] [restartedMain] .ConditionEvaluationDeltaLoggingListener : Condition evaluation unchanged
2026-10-01T12:14:53.090+05:30  INFO 19972 --- [Customer] [File Watcher] rtingClassPathChangeChangedEventListener : Restarting due to 1 class path change (0 additions, 0 deletions, 1 modification)
2026-10-01T12:14:53.091+05:30  INFO 19972 --- [Customer] [Thread-97] o.s.c.n.e.s.EurekaServiceRegistry        : Unregistering application CUSTOMER with eureka with status DOWN
2026-10-01T12:14:53.091+05:30  INFO 19972 --- [Customer] [Thread-97] com.netflix.discovery.DiscoveryClient    : Saw local status change event StatusChangeEvent [timestamp=1790837093091, current=DOWN, previous=UP]
2026-10-01T12:14:53.093+05:30  INFO 19972 --- [Customer] [DiscoveryClient-InstanceInfoReplicator-%d] com.netflix.discovery.DiscoveryClient    : DiscoveryClient_CUSTOMER/10.207.81.191:Customer:8084: registering service...
2026-10-01T12:14:53.093+05:30  INFO 19972 --- [Customer] [Thread-97] o.s.boot.tomcat.GracefulShutdown         : Commencing graceful shutdown. Waiting for active requests to complete
2026-10-01T12:14:53.100+05:30  INFO 19972 --- [Customer] [tomcat-shutdown] o.s.boot.tomcat.GracefulShutdown         : Graceful shutdown complete
2026-10-01T12:14:53.104+05:30  INFO 19972 --- [Customer] [Thread-97] j.LocalContainerEntityManagerFactoryBean : Closing JPA EntityManagerFactory for persistence unit 'default'
2026-10-01T12:14:53.105+05:30  INFO 19972 --- [Customer] [Thread-97] com.zaxxer.hikari.HikariDataSource       : HikariPool-18 - Shutdown initiated...
2026-10-01T12:14:53.106+05:30  INFO 19972 --- [Customer] [DiscoveryClient-InstanceInfoReplicator-%d] com.netflix.discovery.DiscoveryClient    : DiscoveryClient_CUSTOMER/10.207.81.191:Customer:8084 - registration status: 204
2026-10-01T12:14:53.113+05:30  INFO 19972 --- [Customer] [Thread-97] com.zaxxer.hikari.HikariDataSource       : HikariPool-18 - Shutdown completed.
2026-10-01T12:14:53.126+05:30  INFO 19972 --- [Customer] [Thread-97] com.netflix.discovery.DiscoveryClient    : Shutting down DiscoveryClient ...
2026-10-01T12:14:56.138+05:30  INFO 19972 --- [Customer] [Thread-97] com.netflix.discovery.DiscoveryClient    : Unregistering ...
2026-10-01T12:14:56.156+05:30  INFO 19972 --- [Customer] [Thread-97] com.netflix.discovery.DiscoveryClient    : DiscoveryClient_CUSTOMER/10.207.81.191:Customer:8084 - deregister  status: 200
2026-10-01T12:14:56.156+05:30  INFO 19972 --- [Customer] [Thread-97] com.netflix.discovery.DiscoveryClient    : Completed shut down of DiscoveryClient
2026-10-01T12:14:56.259+05:30  INFO 19972 --- [Customer] [restartedMain] com.cg.customer.CustomerApplication      : Starting CustomerApplication using Java 21.0.7 with PID 19972 (C:\Users\bmanikch\Documents\workspace-spring-tools-for-eclipse-5.0.1.RELEASE\Customer\target\classes started by bmanikch in C:\Users\bmanikch\Documents\workspace-spring-tools-for-eclipse-5.0.1.RELEASE\Customer)
2026-10-01T12:14:56.259+05:30  INFO 19972 --- [Customer] [restartedMain] com.cg.customer.CustomerApplication      : No active profile set, falling back to 1 default profile: "default"
2026-10-01T12:14:56.699+05:30  INFO 19972 --- [Customer] [restartedMain] .s.d.r.c.RepositoryConfigurationDelegate : Bootstrapping Spring Data JPA repositories in DEFAULT mode.
2026-10-01T12:14:56.713+05:30  INFO 19972 --- [Customer] [restartedMain] .s.d.r.c.RepositoryConfigurationDelegate : Finished Spring Data repository scanning in 11 ms. Found 1 JPA repository interface.
2026-10-01T12:14:56.830+05:30  INFO 19972 --- [Customer] [restartedMain] o.s.cloud.context.scope.GenericScope     : BeanFactory id=0a180c12-f20d-3817-a31a-bb347817188d
2026-10-01T12:14:57.114+05:30  INFO 19972 --- [Customer] [restartedMain] o.s.boot.tomcat.TomcatWebServer          : Tomcat initialized with port 8084 (http)
2026-10-01T12:14:57.115+05:30  INFO 19972 --- [Customer] [restartedMain] o.apache.catalina.core.StandardService   : Starting service [Tomcat]
2026-10-01T12:14:57.116+05:30  INFO 19972 --- [Customer] [restartedMain] o.apache.catalina.core.StandardEngine    : Starting Servlet engine: [Apache Tomcat/11.0.14]
2026-10-01T12:14:57.197+05:30  INFO 19972 --- [Customer] [restartedMain] b.w.c.s.WebApplicationContextInitializer : Root WebApplicationContext: initialization completed in 935 ms
2026-10-01T12:14:57.390+05:30  INFO 19972 --- [Customer] [restartedMain] o.hibernate.jpa.internal.util.LogHelper  : HHH000204: Processing PersistenceUnitInfo [name: default]
2026-10-01T12:14:57.434+05:30  INFO 19972 --- [Customer] [restartedMain] o.s.o.j.p.SpringPersistenceUnitInfo      : No LoadTimeWeaver setup: ignoring JPA class transformer
2026-10-01T12:14:57.435+05:30  INFO 19972 --- [Customer] [restartedMain] com.zaxxer.hikari.HikariDataSource       : HikariPool-19 - Starting...
2026-10-01T12:14:57.557+05:30  INFO 19972 --- [Customer] [restartedMain] com.zaxxer.hikari.pool.HikariPool        : HikariPool-19 - Added connection org.postgresql.jdbc.PgConnection@746b09e7
2026-10-01T12:14:57.557+05:30  INFO 19972 --- [Customer] [restartedMain] com.zaxxer.hikari.HikariDataSource       : HikariPool-19 - Start completed.
2026-10-01T12:14:57.564+05:30  WARN 19972 --- [Customer] [restartedMain] org.hibernate.orm.deprecation            : HHH90000025: PostgreSQLDialect does not need to be specified explicitly using 'hibernate.dialect' (remove the property setting and it will be selected by default)
2026-10-01T12:14:57.568+05:30  INFO 19972 --- [Customer] [restartedMain] org.hibernate.orm.connections.pooling    : HHH10001005: Database info:
	Database JDBC URL [jdbc:postgresql://localhost:5432/CUSTOMER]
	Database driver: PostgreSQL JDBC Driver
	Database dialect: PostgreSQLDialect
	Database version: 17.5
	Default catalog/schema: CUSTOMER/public
	Autocommit mode: undefined/unknown
	Isolation level: READ_COMMITTED [default READ_COMMITTED]
	JDBC fetch size: none
	Pool: DatasourceConnectionProviderImpl
	Minimum pool size: undefined/unknown
	Maximum pool size: undefined/unknown
2026-10-01T12:14:57.629+05:30  INFO 19972 --- [Customer] [restartedMain] o.h.e.t.j.p.i.JtaPlatformInitiator       : HHH000489: No JTA platform available (set 'hibernate.transaction.jta.platform' to enable JTA platform integration)
2026-10-01T12:14:57.647+05:30  INFO 19972 --- [Customer] [restartedMain] j.LocalContainerEntityManagerFactoryBean : Initialized JPA EntityManagerFactory for persistence unit 'default'
2026-10-01T12:14:57.874+05:30  WARN 19972 --- [Customer] [restartedMain] JpaBaseConfiguration$JpaWebConfiguration : spring.jpa.open-in-view is enabled by default. Therefore, database queries may be performed during view rendering. Explicitly configure spring.jpa.open-in-view to disable this warning
2026-10-01T12:14:58.081+05:30  INFO 19972 --- [Customer] [restartedMain] o.s.c.openfeign.FeignClientFactoryBean   : For 'BANKACCOUNT' URL not provided. Will try picking an instance via load-balancing.
2026-10-01T12:14:58.608+05:30  WARN 19972 --- [Customer] [restartedMain] .s.a.UserDetailsServiceAutoConfiguration : 

Using generated security password: 0a8a1a99-b87d-495b-8a98-1607e192f8ea

This generated password is for development use only. Your security configuration must be updated before running your application in production.

2026-10-01T12:14:58.618+05:30  INFO 19972 --- [Customer] [restartedMain] r$InitializeUserDetailsManagerConfigurer : Global AuthenticationManager configured with UserDetailsService bean with name inMemoryUserDetailsManager
2026-10-01T12:14:59.982+05:30  INFO 19972 --- [Customer] [restartedMain] DiscoveryClientOptionalArgsConfiguration : Eureka HTTP Client uses RestClient.
2026-10-01T12:15:00.097+05:30  WARN 19972 --- [Customer] [restartedMain] iguration$LoadBalancerCaffeineWarnLogger : Spring Cloud LoadBalancer is currently working with the default cache. While this cache implementation is useful for development and tests, it's recommended to use Caffeine cache in production.You can switch to using Caffeine cache, by adding it and org.springframework.cache.caffeine.CaffeineCacheManager to the classpath.
2026-10-01T12:15:00.145+05:30  INFO 19972 --- [Customer] [restartedMain] o.s.c.n.eureka.InstanceInfoFactory       : Setting initial instance status as: STARTING
2026-10-01T12:15:00.149+05:30  INFO 19972 --- [Customer] [restartedMain] com.netflix.discovery.DiscoveryClient    : Initializing Eureka in region us-east-1
2026-10-01T12:15:00.149+05:30  INFO 19972 --- [Customer] [restartedMain] c.n.d.s.r.aws.ConfigClusterResolver      : Resolving eureka endpoints via configuration
2026-10-01T12:15:00.150+05:30  INFO 19972 --- [Customer] [restartedMain] com.netflix.discovery.DiscoveryClient    : Disable delta property : false
2026-10-01T12:15:00.150+05:30  INFO 19972 --- [Customer] [restartedMain] com.netflix.discovery.DiscoveryClient    : Single vip registry refresh property : null
2026-10-01T12:15:00.150+05:30  INFO 19972 --- [Customer] [restartedMain] com.netflix.discovery.DiscoveryClient    : Force full registry fetch : false
2026-10-01T12:15:00.150+05:30  INFO 19972 --- [Customer] [restartedMain] com.netflix.discovery.DiscoveryClient    : Application is null : false
2026-10-01T12:15:00.150+05:30  INFO 19972 --- [Customer] [restartedMain] com.netflix.discovery.DiscoveryClient    : Registered Applications size is zero : true
2026-10-01T12:15:00.150+05:30  INFO 19972 --- [Customer] [restartedMain] com.netflix.discovery.DiscoveryClient    : Application version is -1: true
2026-10-01T12:15:00.151+05:30  INFO 19972 --- [Customer] [restartedMain] com.netflix.discovery.DiscoveryClient    : Getting all instance registry info from the eureka server
2026-10-01T12:15:00.182+05:30  INFO 19972 --- [Customer] [restartedMain] com.netflix.discovery.DiscoveryClient    : The response status is 200
2026-10-01T12:15:00.183+05:30  INFO 19972 --- [Customer] [restartedMain] com.netflix.discovery.DiscoveryClient    : Starting heartbeat executor: renew interval is: 30
2026-10-01T12:15:00.184+05:30  INFO 19972 --- [Customer] [restartedMain] c.n.discovery.InstanceInfoReplicator     : InstanceInfoReplicator onDemand update allowed rate per min is 4
2026-10-01T12:15:00.184+05:30  INFO 19972 --- [Customer] [restartedMain] com.netflix.discovery.DiscoveryClient    : Discovery Client initialized at timestamp 1790837100184 with initial instances count: 4
2026-10-01T12:15:00.198+05:30  INFO 19972 --- [Customer] [restartedMain] o.s.c.n.e.s.EurekaServiceRegistry        : Registering application CUSTOMER with eureka with status UP
2026-10-01T12:15:00.199+05:30  INFO 19972 --- [Customer] [restartedMain] com.netflix.discovery.DiscoveryClient    : Saw local status change event StatusChangeEvent [timestamp=1790837100199, current=UP, previous=STARTING]
2026-10-01T12:15:00.199+05:30  INFO 19972 --- [Customer] [DiscoveryClient-InstanceInfoReplicator-%d] com.netflix.discovery.DiscoveryClient    : DiscoveryClient_CUSTOMER/10.207.81.191:Customer:8084: registering service...
2026-10-01T12:15:00.208+05:30  INFO 19972 --- [Customer] [restartedMain] o.s.boot.tomcat.TomcatWebServer          : Tomcat started on port 8084 (http) with context path '/'
2026-10-01T12:15:00.208+05:30  INFO 19972 --- [Customer] [restartedMain] .s.c.n.e.s.EurekaAutoServiceRegistration : Updating port to 8084
2026-10-01T12:15:00.213+05:30  INFO 19972 --- [Customer] [DiscoveryClient-InstanceInfoReplicator-%d] com.netflix.discovery.DiscoveryClient    : DiscoveryClient_CUSTOMER/10.207.81.191:Customer:8084 - registration status: 204
2026-10-01T12:15:00.218+05:30  INFO 19972 --- [Customer] [restartedMain] com.cg.customer.CustomerApplication      : Started CustomerApplication in 4.004 seconds (process running for 82536.449)
2026-10-01T12:15:00.219+05:30  WARN 19972 --- [Customer] [restartedMain] o.s.core.events.SpringDocAppInitializer  : SpringDoc /v3/api-docs endpoint is enabled by default. To disable it in production, set the property 'springdoc.api-docs.enabled=false'
2026-10-01T12:15:00.219+05:30  WARN 19972 --- [Customer] [restartedMain] o.s.core.events.SpringDocAppInitializer  : SpringDoc /swagger-ui.html endpoint is enabled by default. To disable it in production, set the property 'springdoc.swagger-ui.enabled=false'
2026-10-01T12:15:00.220+05:30  INFO 19972 --- [Customer] [restartedMain] .ConditionEvaluationDeltaLoggingListener : Condition evaluation unchanged
2026-10-01T12:16:08.034+05:30  INFO 19972 --- [Customer] [File Watcher] rtingClassPathChangeChangedEventListener : Restarting due to 1 class path change (0 additions, 0 deletions, 1 modification)
2026-10-01T12:16:08.036+05:30  INFO 19972 --- [Customer] [Thread-107] o.s.c.n.e.s.EurekaServiceRegistry        : Unregistering application CUSTOMER with eureka with status DOWN
2026-10-01T12:16:08.036+05:30  INFO 19972 --- [Customer] [Thread-107] com.netflix.discovery.DiscoveryClient    : Saw local status change event StatusChangeEvent [timestamp=1790837168036, current=DOWN, previous=UP]
2026-10-01T12:16:08.036+05:30  INFO 19972 --- [Customer] [DiscoveryClient-InstanceInfoReplicator-%d] com.netflix.discovery.DiscoveryClient    : DiscoveryClient_CUSTOMER/10.207.81.191:Customer:8084: registering service...
2026-10-01T12:16:08.036+05:30  INFO 19972 --- [Customer] [Thread-107] o.s.boot.tomcat.GracefulShutdown         : Commencing graceful shutdown. Waiting for active requests to complete
2026-10-01T12:16:08.043+05:30  INFO 19972 --- [Customer] [tomcat-shutdown] o.s.boot.tomcat.GracefulShutdown         : Graceful shutdown complete
2026-10-01T12:16:08.047+05:30  INFO 19972 --- [Customer] [Thread-107] j.LocalContainerEntityManagerFactoryBean : Closing JPA EntityManagerFactory for persistence unit 'default'
2026-10-01T12:16:08.048+05:30  INFO 19972 --- [Customer] [Thread-107] com.zaxxer.hikari.HikariDataSource       : HikariPool-19 - Shutdown initiated...
2026-10-01T12:16:08.048+05:30  INFO 19972 --- [Customer] [DiscoveryClient-InstanceInfoReplicator-%d] com.netflix.discovery.DiscoveryClient    : DiscoveryClient_CUSTOMER/10.207.81.191:Customer:8084 - registration status: 204
2026-10-01T12:16:08.051+05:30  INFO 19972 --- [Customer] [Thread-107] com.zaxxer.hikari.HikariDataSource       : HikariPool-19 - Shutdown completed.
2026-10-01T12:16:08.052+05:30  INFO 19972 --- [Customer] [Thread-107] com.netflix.discovery.DiscoveryClient    : Shutting down DiscoveryClient ...
2026-10-01T12:16:11.057+05:30  INFO 19972 --- [Customer] [Thread-107] com.netflix.discovery.DiscoveryClient    : Unregistering ...
2026-10-01T12:16:11.073+05:30  INFO 19972 --- [Customer] [Thread-107] com.netflix.discovery.DiscoveryClient    : DiscoveryClient_CUSTOMER/10.207.81.191:Customer:8084 - deregister  status: 200
2026-10-01T12:16:11.073+05:30  INFO 19972 --- [Customer] [Thread-107] com.netflix.discovery.DiscoveryClient    : Completed shut down of DiscoveryClient
2026-10-01T12:16:11.167+05:30  INFO 19972 --- [Customer] [restartedMain] com.cg.customer.CustomerApplication      : Starting CustomerApplication using Java 21.0.7 with PID 19972 (C:\Users\bmanikch\Documents\workspace-spring-tools-for-eclipse-5.0.1.RELEASE\Customer\target\classes started by bmanikch in C:\Users\bmanikch\Documents\workspace-spring-tools-for-eclipse-5.0.1.RELEASE\Customer)
2026-10-01T12:16:11.168+05:30  INFO 19972 --- [Customer] [restartedMain] com.cg.customer.CustomerApplication      : No active profile set, falling back to 1 default profile: "default"
2026-10-01T12:16:11.550+05:30  INFO 19972 --- [Customer] [restartedMain] .s.d.r.c.RepositoryConfigurationDelegate : Bootstrapping Spring Data JPA repositories in DEFAULT mode.
2026-10-01T12:16:11.565+05:30  INFO 19972 --- [Customer] [restartedMain] .s.d.r.c.RepositoryConfigurationDelegate : Finished Spring Data repository scanning in 12 ms. Found 1 JPA repository interface.
2026-10-01T12:16:11.660+05:30  INFO 19972 --- [Customer] [restartedMain] o.s.cloud.context.scope.GenericScope     : BeanFactory id=0a180c12-f20d-3817-a31a-bb347817188d
2026-10-01T12:16:11.978+05:30  INFO 19972 --- [Customer] [restartedMain] o.s.boot.tomcat.TomcatWebServer          : Tomcat initialized with port 8084 (http)
2026-10-01T12:16:11.979+05:30  INFO 19972 --- [Customer] [restartedMain] o.apache.catalina.core.StandardService   : Starting service [Tomcat]
2026-10-01T12:16:11.979+05:30  INFO 19972 --- [Customer] [restartedMain] o.apache.catalina.core.StandardEngine    : Starting Servlet engine: [Apache Tomcat/11.0.14]
2026-10-01T12:16:12.061+05:30  INFO 19972 --- [Customer] [restartedMain] b.w.c.s.WebApplicationContextInitializer : Root WebApplicationContext: initialization completed in 891 ms
2026-10-01T12:16:12.277+05:30  INFO 19972 --- [Customer] [restartedMain] o.hibernate.jpa.internal.util.LogHelper  : HHH000204: Processing PersistenceUnitInfo [name: default]
2026-10-01T12:16:12.313+05:30  INFO 19972 --- [Customer] [restartedMain] o.s.o.j.p.SpringPersistenceUnitInfo      : No LoadTimeWeaver setup: ignoring JPA class transformer
2026-10-01T12:16:12.315+05:30  INFO 19972 --- [Customer] [restartedMain] com.zaxxer.hikari.HikariDataSource       : HikariPool-20 - Starting...
2026-10-01T12:16:12.434+05:30  INFO 19972 --- [Customer] [restartedMain] com.zaxxer.hikari.pool.HikariPool        : HikariPool-20 - Added connection org.postgresql.jdbc.PgConnection@33aa06f
2026-10-01T12:16:12.435+05:30  INFO 19972 --- [Customer] [restartedMain] com.zaxxer.hikari.HikariDataSource       : HikariPool-20 - Start completed.
2026-10-01T12:16:12.441+05:30  WARN 19972 --- [Customer] [restartedMain] org.hibernate.orm.deprecation            : HHH90000025: PostgreSQLDialect does not need to be specified explicitly using 'hibernate.dialect' (remove the property setting and it will be selected by default)
2026-10-01T12:16:12.447+05:30  INFO 19972 --- [Customer] [restartedMain] org.hibernate.orm.connections.pooling    : HHH10001005: Database info:
	Database JDBC URL [jdbc:postgresql://localhost:5432/CUSTOMER]
	Database driver: PostgreSQL JDBC Driver
	Database dialect: PostgreSQLDialect
	Database version: 17.5
	Default catalog/schema: CUSTOMER/public
	Autocommit mode: undefined/unknown
	Isolation level: READ_COMMITTED [default READ_COMMITTED]
	JDBC fetch size: none
	Pool: DatasourceConnectionProviderImpl
	Minimum pool size: undefined/unknown
	Maximum pool size: undefined/unknown
2026-10-01T12:16:12.498+05:30  INFO 19972 --- [Customer] [restartedMain] o.h.e.t.j.p.i.JtaPlatformInitiator       : HHH000489: No JTA platform available (set 'hibernate.transaction.jta.platform' to enable JTA platform integration)
2026-10-01T12:16:12.514+05:30  INFO 19972 --- [Customer] [restartedMain] j.LocalContainerEntityManagerFactoryBean : Initialized JPA EntityManagerFactory for persistence unit 'default'
2026-10-01T12:16:12.756+05:30  WARN 19972 --- [Customer] [restartedMain] JpaBaseConfiguration$JpaWebConfiguration : spring.jpa.open-in-view is enabled by default. Therefore, database queries may be performed during view rendering. Explicitly configure spring.jpa.open-in-view to disable this warning
2026-10-01T12:16:12.936+05:30  INFO 19972 --- [Customer] [restartedMain] o.s.c.openfeign.FeignClientFactoryBean   : For 'BANKACCOUNT' URL not provided. Will try picking an instance via load-balancing.
2026-10-01T12:16:13.499+05:30  WARN 19972 --- [Customer] [restartedMain] .s.a.UserDetailsServiceAutoConfiguration : 

Using generated security password: 0cd0662f-d747-4238-9ae2-c8190dd7dff9

This generated password is for development use only. Your security configuration must be updated before running your application in production.

2026-10-01T12:16:13.506+05:30  INFO 19972 --- [Customer] [restartedMain] r$InitializeUserDetailsManagerConfigurer : Global AuthenticationManager configured with UserDetailsService bean with name inMemoryUserDetailsManager
2026-10-01T12:16:14.921+05:30  INFO 19972 --- [Customer] [restartedMain] DiscoveryClientOptionalArgsConfiguration : Eureka HTTP Client uses RestClient.
2026-10-01T12:16:15.017+05:30  WARN 19972 --- [Customer] [restartedMain] iguration$LoadBalancerCaffeineWarnLogger : Spring Cloud LoadBalancer is currently working with the default cache. While this cache implementation is useful for development and tests, it's recommended to use Caffeine cache in production.You can switch to using Caffeine cache, by adding it and org.springframework.cache.caffeine.CaffeineCacheManager to the classpath.
2026-10-01T12:16:15.068+05:30  INFO 19972 --- [Customer] [restartedMain] o.s.c.n.eureka.InstanceInfoFactory       : Setting initial instance status as: STARTING
2026-10-01T12:16:15.073+05:30  INFO 19972 --- [Customer] [restartedMain] com.netflix.discovery.DiscoveryClient    : Initializing Eureka in region us-east-1
2026-10-01T12:16:15.073+05:30  INFO 19972 --- [Customer] [restartedMain] c.n.d.s.r.aws.ConfigClusterResolver      : Resolving eureka endpoints via configuration
2026-10-01T12:16:15.074+05:30  INFO 19972 --- [Customer] [restartedMain] com.netflix.discovery.DiscoveryClient    : Disable delta property : false
2026-10-01T12:16:15.074+05:30  INFO 19972 --- [Customer] [restartedMain] com.netflix.discovery.DiscoveryClient    : Single vip registry refresh property : null
2026-10-01T12:16:15.074+05:30  INFO 19972 --- [Customer] [restartedMain] com.netflix.discovery.DiscoveryClient    : Force full registry fetch : false
2026-10-01T12:16:15.074+05:30  INFO 19972 --- [Customer] [restartedMain] com.netflix.discovery.DiscoveryClient    : Application is null : false
2026-10-01T12:16:15.074+05:30  INFO 19972 --- [Customer] [restartedMain] com.netflix.discovery.DiscoveryClient    : Registered Applications size is zero : true
2026-10-01T12:16:15.074+05:30  INFO 19972 --- [Customer] [restartedMain] com.netflix.discovery.DiscoveryClient    : Application version is -1: true
2026-10-01T12:16:15.074+05:30  INFO 19972 --- [Customer] [restartedMain] com.netflix.discovery.DiscoveryClient    : Getting all instance registry info from the eureka server
2026-10-01T12:16:15.099+05:30  INFO 19972 --- [Customer] [restartedMain] com.netflix.discovery.DiscoveryClient    : The response status is 200
2026-10-01T12:16:15.100+05:30  INFO 19972 --- [Customer] [restartedMain] com.netflix.discovery.DiscoveryClient    : Starting heartbeat executor: renew interval is: 30
2026-10-01T12:16:15.101+05:30  INFO 19972 --- [Customer] [restartedMain] c.n.discovery.InstanceInfoReplicator     : InstanceInfoReplicator onDemand update allowed rate per min is 4
2026-10-01T12:16:15.101+05:30  INFO 19972 --- [Customer] [restartedMain] com.netflix.discovery.DiscoveryClient    : Discovery Client initialized at timestamp 1790837175101 with initial instances count: 4
2026-10-01T12:16:15.116+05:30  INFO 19972 --- [Customer] [restartedMain] o.s.c.n.e.s.EurekaServiceRegistry        : Registering application CUSTOMER with eureka with status UP
2026-10-01T12:16:15.117+05:30  INFO 19972 --- [Customer] [restartedMain] com.netflix.discovery.DiscoveryClient    : Saw local status change event StatusChangeEvent [timestamp=1790837175117, current=UP, previous=STARTING]
2026-10-01T12:16:15.117+05:30  INFO 19972 --- [Customer] [DiscoveryClient-InstanceInfoReplicator-%d] com.netflix.discovery.DiscoveryClient    : DiscoveryClient_CUSTOMER/10.207.81.191:Customer:8084: registering service...
2026-10-01T12:16:15.125+05:30  INFO 19972 --- [Customer] [restartedMain] o.s.boot.tomcat.TomcatWebServer          : Tomcat started on port 8084 (http) with context path '/'
2026-10-01T12:16:15.125+05:30  INFO 19972 --- [Customer] [restartedMain] .s.c.n.e.s.EurekaAutoServiceRegistration : Updating port to 8084
2026-10-01T12:16:15.130+05:30  INFO 19972 --- [Customer] [DiscoveryClient-InstanceInfoReplicator-%d] com.netflix.discovery.DiscoveryClient    : DiscoveryClient_CUSTOMER/10.207.81.191:Customer:8084 - registration status: 204
2026-10-01T12:16:15.136+05:30  INFO 19972 --- [Customer] [restartedMain] com.cg.customer.CustomerApplication      : Started CustomerApplication in 4.003 seconds (process running for 82611.367)
2026-10-01T12:16:15.138+05:30  WARN 19972 --- [Customer] [restartedMain] o.s.core.events.SpringDocAppInitializer  : SpringDoc /v3/api-docs endpoint is enabled by default. To disable it in production, set the property 'springdoc.api-docs.enabled=false'
2026-10-01T12:16:15.138+05:30  WARN 19972 --- [Customer] [restartedMain] o.s.core.events.SpringDocAppInitializer  : SpringDoc /swagger-ui.html endpoint is enabled by default. To disable it in production, set the property 'springdoc.swagger-ui.enabled=false'
2026-10-01T12:16:15.139+05:30  INFO 19972 --- [Customer] [restartedMain] .ConditionEvaluationDeltaLoggingListener : Condition evaluation unchanged
2026-10-01T12:16:41.828+05:30  INFO 19972 --- [Customer] [File Watcher] rtingClassPathChangeChangedEventListener : Restarting due to 1 class path change (0 additions, 0 deletions, 1 modification)
2026-10-01T12:16:41.829+05:30  INFO 19972 --- [Customer] [Thread-113] o.s.c.n.e.s.EurekaServiceRegistry        : Unregistering application CUSTOMER with eureka with status DOWN
2026-10-01T12:16:41.829+05:30  INFO 19972 --- [Customer] [Thread-113] com.netflix.discovery.DiscoveryClient    : Saw local status change event StatusChangeEvent [timestamp=1790837201829, current=DOWN, previous=UP]
2026-10-01T12:16:41.829+05:30  INFO 19972 --- [Customer] [DiscoveryClient-InstanceInfoReplicator-%d] com.netflix.discovery.DiscoveryClient    : DiscoveryClient_CUSTOMER/10.207.81.191:Customer:8084: registering service...
2026-10-01T12:16:41.831+05:30  INFO 19972 --- [Customer] [Thread-113] o.s.boot.tomcat.GracefulShutdown         : Commencing graceful shutdown. Waiting for active requests to complete
2026-10-01T12:16:41.840+05:30  INFO 19972 --- [Customer] [tomcat-shutdown] o.s.boot.tomcat.GracefulShutdown         : Graceful shutdown complete
2026-10-01T12:16:41.844+05:30  INFO 19972 --- [Customer] [Thread-113] j.LocalContainerEntityManagerFactoryBean : Closing JPA EntityManagerFactory for persistence unit 'default'
2026-10-01T12:16:41.844+05:30  INFO 19972 --- [Customer] [DiscoveryClient-InstanceInfoReplicator-%d] com.netflix.discovery.DiscoveryClient    : DiscoveryClient_CUSTOMER/10.207.81.191:Customer:8084 - registration status: 204
2026-10-01T12:16:41.844+05:30  INFO 19972 --- [Customer] [Thread-113] com.zaxxer.hikari.HikariDataSource       : HikariPool-20 - Shutdown initiated...
2026-10-01T12:16:41.846+05:30  INFO 19972 --- [Customer] [Thread-113] com.zaxxer.hikari.HikariDataSource       : HikariPool-20 - Shutdown completed.
2026-10-01T12:16:41.847+05:30  INFO 19972 --- [Customer] [Thread-113] com.netflix.discovery.DiscoveryClient    : Shutting down DiscoveryClient ...
2026-10-01T12:16:44.851+05:30  INFO 19972 --- [Customer] [Thread-113] com.netflix.discovery.DiscoveryClient    : Unregistering ...
2026-10-01T12:16:44.868+05:30  INFO 19972 --- [Customer] [Thread-113] com.netflix.discovery.DiscoveryClient    : DiscoveryClient_CUSTOMER/10.207.81.191:Customer:8084 - deregister  status: 200
2026-10-01T12:16:44.869+05:30  INFO 19972 --- [Customer] [Thread-113] com.netflix.discovery.DiscoveryClient    : Completed shut down of DiscoveryClient
2026-10-01T12:16:44.973+05:30  INFO 19972 --- [Customer] [restartedMain] com.cg.customer.CustomerApplication      : Starting CustomerApplication using Java 21.0.7 with PID 19972 (C:\Users\bmanikch\Documents\workspace-spring-tools-for-eclipse-5.0.1.RELEASE\Customer\target\classes started by bmanikch in C:\Users\bmanikch\Documents\workspace-spring-tools-for-eclipse-5.0.1.RELEASE\Customer)
2026-10-01T12:16:44.974+05:30  INFO 19972 --- [Customer] [restartedMain] com.cg.customer.CustomerApplication      : No active profile set, falling back to 1 default profile: "default"
2026-10-01T12:16:45.444+05:30  INFO 19972 --- [Customer] [restartedMain] .s.d.r.c.RepositoryConfigurationDelegate : Bootstrapping Spring Data JPA repositories in DEFAULT mode.
2026-10-01T12:16:45.461+05:30  INFO 19972 --- [Customer] [restartedMain] .s.d.r.c.RepositoryConfigurationDelegate : Finished Spring Data repository scanning in 14 ms. Found 1 JPA repository interface.
2026-10-01T12:16:45.570+05:30  INFO 19972 --- [Customer] [restartedMain] o.s.cloud.context.scope.GenericScope     : BeanFactory id=0a180c12-f20d-3817-a31a-bb347817188d
2026-10-01T12:16:45.840+05:30  INFO 19972 --- [Customer] [restartedMain] o.s.boot.tomcat.TomcatWebServer          : Tomcat initialized with port 8084 (http)
2026-10-01T12:16:45.841+05:30  INFO 19972 --- [Customer] [restartedMain] o.apache.catalina.core.StandardService   : Starting service [Tomcat]
2026-10-01T12:16:45.841+05:30  INFO 19972 --- [Customer] [restartedMain] o.apache.catalina.core.StandardEngine    : Starting Servlet engine: [Apache Tomcat/11.0.14]
2026-10-01T12:16:45.924+05:30  INFO 19972 --- [Customer] [restartedMain] b.w.c.s.WebApplicationContextInitializer : Root WebApplicationContext: initialization completed in 946 ms
2026-10-01T12:16:46.136+05:30  INFO 19972 --- [Customer] [restartedMain] o.hibernate.jpa.internal.util.LogHelper  : HHH000204: Processing PersistenceUnitInfo [name: default]
2026-10-01T12:16:46.175+05:30  INFO 19972 --- [Customer] [restartedMain] o.s.o.j.p.SpringPersistenceUnitInfo      : No LoadTimeWeaver setup: ignoring JPA class transformer
2026-10-01T12:16:46.177+05:30  INFO 19972 --- [Customer] [restartedMain] com.zaxxer.hikari.HikariDataSource       : HikariPool-21 - Starting...
2026-10-01T12:16:46.303+05:30  INFO 19972 --- [Customer] [restartedMain] com.zaxxer.hikari.pool.HikariPool        : HikariPool-21 - Added connection org.postgresql.jdbc.PgConnection@731b43ee
2026-10-01T12:16:46.304+05:30  INFO 19972 --- [Customer] [restartedMain] com.zaxxer.hikari.HikariDataSource       : HikariPool-21 - Start completed.
2026-10-01T12:16:46.309+05:30  WARN 19972 --- [Customer] [restartedMain] org.hibernate.orm.deprecation            : HHH90000025: PostgreSQLDialect does not need to be specified explicitly using 'hibernate.dialect' (remove the property setting and it will be selected by default)
2026-10-01T12:16:46.314+05:30  INFO 19972 --- [Customer] [restartedMain] org.hibernate.orm.connections.pooling    : HHH10001005: Database info:
	Database JDBC URL [jdbc:postgresql://localhost:5432/CUSTOMER]
	Database driver: PostgreSQL JDBC Driver
	Database dialect: PostgreSQLDialect
	Database version: 17.5
	Default catalog/schema: CUSTOMER/public
	Autocommit mode: undefined/unknown
	Isolation level: READ_COMMITTED [default READ_COMMITTED]
	JDBC fetch size: none
	Pool: DatasourceConnectionProviderImpl
	Minimum pool size: undefined/unknown
	Maximum pool size: undefined/unknown
2026-10-01T12:16:46.360+05:30  INFO 19972 --- [Customer] [restartedMain] o.h.e.t.j.p.i.JtaPlatformInitiator       : HHH000489: No JTA platform available (set 'hibernate.transaction.jta.platform' to enable JTA platform integration)
2026-10-01T12:16:46.379+05:30  INFO 19972 --- [Customer] [restartedMain] j.LocalContainerEntityManagerFactoryBean : Initialized JPA EntityManagerFactory for persistence unit 'default'
2026-10-01T12:16:46.630+05:30  WARN 19972 --- [Customer] [restartedMain] JpaBaseConfiguration$JpaWebConfiguration : spring.jpa.open-in-view is enabled by default. Therefore, database queries may be performed during view rendering. Explicitly configure spring.jpa.open-in-view to disable this warning
2026-10-01T12:16:46.872+05:30  INFO 19972 --- [Customer] [restartedMain] o.s.c.openfeign.FeignClientFactoryBean   : For 'BANKACCOUNT' URL not provided. Will try picking an instance via load-balancing.
2026-10-01T12:16:47.485+05:30  WARN 19972 --- [Customer] [restartedMain] .s.a.UserDetailsServiceAutoConfiguration : 

Using generated security password: ae7a606c-cf66-4033-8735-7fda057b47b3

This generated password is for development use only. Your security configuration must be updated before running your application in production.

2026-10-01T12:16:47.494+05:30  INFO 19972 --- [Customer] [restartedMain] r$InitializeUserDetailsManagerConfigurer : Global AuthenticationManager configured with UserDetailsService bean with name inMemoryUserDetailsManager
2026-10-01T12:16:48.995+05:30  INFO 19972 --- [Customer] [restartedMain] DiscoveryClientOptionalArgsConfiguration : Eureka HTTP Client uses RestClient.
2026-10-01T12:16:49.113+05:30  WARN 19972 --- [Customer] [restartedMain] iguration$LoadBalancerCaffeineWarnLogger : Spring Cloud LoadBalancer is currently working with the default cache. While this cache implementation is useful for development and tests, it's recommended to use Caffeine cache in production.You can switch to using Caffeine cache, by adding it and org.springframework.cache.caffeine.CaffeineCacheManager to the classpath.
2026-10-01T12:16:49.175+05:30  INFO 19972 --- [Customer] [restartedMain] o.s.c.n.eureka.InstanceInfoFactory       : Setting initial instance status as: STARTING
2026-10-01T12:16:49.182+05:30  INFO 19972 --- [Customer] [restartedMain] com.netflix.discovery.DiscoveryClient    : Initializing Eureka in region us-east-1
2026-10-01T12:16:49.182+05:30  INFO 19972 --- [Customer] [restartedMain] c.n.d.s.r.aws.ConfigClusterResolver      : Resolving eureka endpoints via configuration
2026-10-01T12:16:49.182+05:30  INFO 19972 --- [Customer] [restartedMain] com.netflix.discovery.DiscoveryClient    : Disable delta property : false
2026-10-01T12:16:49.182+05:30  INFO 19972 --- [Customer] [restartedMain] com.netflix.discovery.DiscoveryClient    : Single vip registry refresh property : null
2026-10-01T12:16:49.182+05:30  INFO 19972 --- [Customer] [restartedMain] com.netflix.discovery.DiscoveryClient    : Force full registry fetch : false
2026-10-01T12:16:49.182+05:30  INFO 19972 --- [Customer] [restartedMain] com.netflix.discovery.DiscoveryClient    : Application is null : false
2026-10-01T12:16:49.182+05:30  INFO 19972 --- [Customer] [restartedMain] com.netflix.discovery.DiscoveryClient    : Registered Applications size is zero : true
2026-10-01T12:16:49.182+05:30  INFO 19972 --- [Customer] [restartedMain] com.netflix.discovery.DiscoveryClient    : Application version is -1: true
2026-10-01T12:16:49.182+05:30  INFO 19972 --- [Customer] [restartedMain] com.netflix.discovery.DiscoveryClient    : Getting all instance registry info from the eureka server
2026-10-01T12:16:49.212+05:30  INFO 19972 --- [Customer] [restartedMain] com.netflix.discovery.DiscoveryClient    : The response status is 200
2026-10-01T12:16:49.213+05:30  INFO 19972 --- [Customer] [restartedMain] com.netflix.discovery.DiscoveryClient    : Starting heartbeat executor: renew interval is: 30
2026-10-01T12:16:49.213+05:30  INFO 19972 --- [Customer] [restartedMain] c.n.discovery.InstanceInfoReplicator     : InstanceInfoReplicator onDemand update allowed rate per min is 4
2026-10-01T12:16:49.214+05:30  INFO 19972 --- [Customer] [restartedMain] com.netflix.discovery.DiscoveryClient    : Discovery Client initialized at timestamp 1790837209214 with initial instances count: 4
2026-10-01T12:16:49.228+05:30  INFO 19972 --- [Customer] [restartedMain] o.s.c.n.e.s.EurekaServiceRegistry        : Registering application CUSTOMER with eureka with status UP
2026-10-01T12:16:49.228+05:30  INFO 19972 --- [Customer] [restartedMain] com.netflix.discovery.DiscoveryClient    : Saw local status change event StatusChangeEvent [timestamp=1790837209228, current=UP, previous=STARTING]
2026-10-01T12:16:49.228+05:30  INFO 19972 --- [Customer] [DiscoveryClient-InstanceInfoReplicator-%d] com.netflix.discovery.DiscoveryClient    : DiscoveryClient_CUSTOMER/10.207.81.191:Customer:8084: registering service...
2026-10-01T12:16:49.235+05:30  INFO 19972 --- [Customer] [restartedMain] o.s.boot.tomcat.TomcatWebServer          : Tomcat started on port 8084 (http) with context path '/'
2026-10-01T12:16:49.235+05:30  INFO 19972 --- [Customer] [restartedMain] .s.c.n.e.s.EurekaAutoServiceRegistration : Updating port to 8084
2026-10-01T12:16:49.240+05:30  INFO 19972 --- [Customer] [DiscoveryClient-InstanceInfoReplicator-%d] com.netflix.discovery.DiscoveryClient    : DiscoveryClient_CUSTOMER/10.207.81.191:Customer:8084 - registration status: 204
2026-10-01T12:16:49.246+05:30  INFO 19972 --- [Customer] [restartedMain] com.cg.customer.CustomerApplication      : Started CustomerApplication in 4.316 seconds (process running for 82645.477)
2026-10-01T12:16:49.247+05:30  WARN 19972 --- [Customer] [restartedMain] o.s.core.events.SpringDocAppInitializer  : SpringDoc /v3/api-docs endpoint is enabled by default. To disable it in production, set the property 'springdoc.api-docs.enabled=false'
2026-10-01T12:16:49.247+05:30  WARN 19972 --- [Customer] [restartedMain] o.s.core.events.SpringDocAppInitializer  : SpringDoc /swagger-ui.html endpoint is enabled by default. To disable it in production, set the property 'springdoc.swagger-ui.enabled=false'
2026-10-01T12:16:49.247+05:30  INFO 19972 --- [Customer] [restartedMain] .ConditionEvaluationDeltaLoggingListener : Condition evaluation unchanged
2026-10-01T12:16:54.182+05:30  INFO 19972 --- [Customer] [File Watcher] rtingClassPathChangeChangedEventListener : Restarting due to 2 class path changes (0 additions, 0 deletions, 2 modifications)
2026-10-01T12:16:54.184+05:30  INFO 19972 --- [Customer] [Thread-119] o.s.c.n.e.s.EurekaServiceRegistry        : Unregistering application CUSTOMER with eureka with status DOWN
2026-10-01T12:16:54.184+05:30  INFO 19972 --- [Customer] [Thread-119] com.netflix.discovery.DiscoveryClient    : Saw local status change event StatusChangeEvent [timestamp=1790837214184, current=DOWN, previous=UP]
2026-10-01T12:16:54.184+05:30  INFO 19972 --- [Customer] [DiscoveryClient-InstanceInfoReplicator-%d] com.netflix.discovery.DiscoveryClient    : DiscoveryClient_CUSTOMER/10.207.81.191:Customer:8084: registering service...
2026-10-01T12:16:54.187+05:30  INFO 19972 --- [Customer] [Thread-119] o.s.boot.tomcat.GracefulShutdown         : Commencing graceful shutdown. Waiting for active requests to complete
2026-10-01T12:16:54.197+05:30  INFO 19972 --- [Customer] [tomcat-shutdown] o.s.boot.tomcat.GracefulShutdown         : Graceful shutdown complete
2026-10-01T12:16:54.203+05:30  INFO 19972 --- [Customer] [Thread-119] j.LocalContainerEntityManagerFactoryBean : Closing JPA EntityManagerFactory for persistence unit 'default'
2026-10-01T12:16:54.205+05:30  INFO 19972 --- [Customer] [Thread-119] com.zaxxer.hikari.HikariDataSource       : HikariPool-21 - Shutdown initiated...
2026-10-01T12:16:54.207+05:30  INFO 19972 --- [Customer] [DiscoveryClient-InstanceInfoReplicator-%d] com.netflix.discovery.DiscoveryClient    : DiscoveryClient_CUSTOMER/10.207.81.191:Customer:8084 - registration status: 204
2026-10-01T12:16:54.223+05:30  INFO 19972 --- [Customer] [Thread-119] com.zaxxer.hikari.HikariDataSource       : HikariPool-21 - Shutdown completed.
2026-10-01T12:16:54.225+05:30  INFO 19972 --- [Customer] [Thread-119] com.netflix.discovery.DiscoveryClient    : Shutting down DiscoveryClient ...
2026-10-01T12:16:57.235+05:30  INFO 19972 --- [Customer] [Thread-119] com.netflix.discovery.DiscoveryClient    : Unregistering ...
2026-10-01T12:16:57.253+05:30  INFO 19972 --- [Customer] [Thread-119] com.netflix.discovery.DiscoveryClient    : DiscoveryClient_CUSTOMER/10.207.81.191:Customer:8084 - deregister  status: 200
2026-10-01T12:16:57.254+05:30  INFO 19972 --- [Customer] [Thread-119] com.netflix.discovery.DiscoveryClient    : Completed shut down of DiscoveryClient
2026-10-01T12:16:57.360+05:30  INFO 19972 --- [Customer] [restartedMain] com.cg.customer.CustomerApplication      : Starting CustomerApplication using Java 21.0.7 with PID 19972 (C:\Users\bmanikch\Documents\workspace-spring-tools-for-eclipse-5.0.1.RELEASE\Customer\target\classes started by bmanikch in C:\Users\bmanikch\Documents\workspace-spring-tools-for-eclipse-5.0.1.RELEASE\Customer)
2026-10-01T12:16:57.360+05:30  INFO 19972 --- [Customer] [restartedMain] com.cg.customer.CustomerApplication      : No active profile set, falling back to 1 default profile: "default"
2026-10-01T12:16:57.804+05:30  INFO 19972 --- [Customer] [restartedMain] .s.d.r.c.RepositoryConfigurationDelegate : Bootstrapping Spring Data JPA repositories in DEFAULT mode.
2026-10-01T12:16:57.820+05:30  INFO 19972 --- [Customer] [restartedMain] .s.d.r.c.RepositoryConfigurationDelegate : Finished Spring Data repository scanning in 12 ms. Found 1 JPA repository interface.
2026-10-01T12:16:57.941+05:30  INFO 19972 --- [Customer] [restartedMain] o.s.cloud.context.scope.GenericScope     : BeanFactory id=0a180c12-f20d-3817-a31a-bb347817188d
2026-10-01T12:16:58.248+05:30  INFO 19972 --- [Customer] [restartedMain] o.s.boot.tomcat.TomcatWebServer          : Tomcat initialized with port 8084 (http)
2026-10-01T12:16:58.250+05:30  INFO 19972 --- [Customer] [restartedMain] o.apache.catalina.core.StandardService   : Starting service [Tomcat]
2026-10-01T12:16:58.250+05:30  INFO 19972 --- [Customer] [restartedMain] o.apache.catalina.core.StandardEngine    : Starting Servlet engine: [Apache Tomcat/11.0.14]
2026-10-01T12:16:58.332+05:30  INFO 19972 --- [Customer] [restartedMain] b.w.c.s.WebApplicationContextInitializer : Root WebApplicationContext: initialization completed in 970 ms
2026-10-01T12:16:58.525+05:30  INFO 19972 --- [Customer] [restartedMain] o.hibernate.jpa.internal.util.LogHelper  : HHH000204: Processing PersistenceUnitInfo [name: default]
2026-10-01T12:16:58.562+05:30  INFO 19972 --- [Customer] [restartedMain] o.s.o.j.p.SpringPersistenceUnitInfo      : No LoadTimeWeaver setup: ignoring JPA class transformer
2026-10-01T12:16:58.563+05:30  INFO 19972 --- [Customer] [restartedMain] com.zaxxer.hikari.HikariDataSource       : HikariPool-22 - Starting...
2026-10-01T12:16:58.684+05:30  INFO 19972 --- [Customer] [restartedMain] com.zaxxer.hikari.pool.HikariPool        : HikariPool-22 - Added connection org.postgresql.jdbc.PgConnection@5d1c6f95
2026-10-01T12:16:58.685+05:30  INFO 19972 --- [Customer] [restartedMain] com.zaxxer.hikari.HikariDataSource       : HikariPool-22 - Start completed.
2026-10-01T12:16:58.692+05:30  WARN 19972 --- [Customer] [restartedMain] org.hibernate.orm.deprecation            : HHH90000025: PostgreSQLDialect does not need to be specified explicitly using 'hibernate.dialect' (remove the property setting and it will be selected by default)
2026-10-01T12:16:58.698+05:30  INFO 19972 --- [Customer] [restartedMain] org.hibernate.orm.connections.pooling    : HHH10001005: Database info:
	Database JDBC URL [jdbc:postgresql://localhost:5432/CUSTOMER]
	Database driver: PostgreSQL JDBC Driver
	Database dialect: PostgreSQLDialect
	Database version: 17.5
	Default catalog/schema: CUSTOMER/public
	Autocommit mode: undefined/unknown
	Isolation level: READ_COMMITTED [default READ_COMMITTED]
	JDBC fetch size: none
	Pool: DatasourceConnectionProviderImpl
	Minimum pool size: undefined/unknown
	Maximum pool size: undefined/unknown
2026-10-01T12:16:58.745+05:30  INFO 19972 --- [Customer] [restartedMain] o.h.e.t.j.p.i.JtaPlatformInitiator       : HHH000489: No JTA platform available (set 'hibernate.transaction.jta.platform' to enable JTA platform integration)
2026-10-01T12:16:58.760+05:30  INFO 19972 --- [Customer] [restartedMain] j.LocalContainerEntityManagerFactoryBean : Initialized JPA EntityManagerFactory for persistence unit 'default'
2026-10-01T12:16:59.028+05:30  WARN 19972 --- [Customer] [restartedMain] JpaBaseConfiguration$JpaWebConfiguration : spring.jpa.open-in-view is enabled by default. Therefore, database queries may be performed during view rendering. Explicitly configure spring.jpa.open-in-view to disable this warning
2026-10-01T12:16:59.231+05:30  INFO 19972 --- [Customer] [restartedMain] o.s.c.openfeign.FeignClientFactoryBean   : For 'BANKACCOUNT' URL not provided. Will try picking an instance via load-balancing.
2026-10-01T12:16:59.822+05:30  WARN 19972 --- [Customer] [restartedMain] .s.a.UserDetailsServiceAutoConfiguration : 

Using generated security password: c460bfef-2fa7-4ece-9c96-268d78387d81

This generated password is for development use only. Your security configuration must be updated before running your application in production.

2026-10-01T12:16:59.831+05:30  INFO 19972 --- [Customer] [restartedMain] r$InitializeUserDetailsManagerConfigurer : Global AuthenticationManager configured with UserDetailsService bean with name inMemoryUserDetailsManager
2026-10-01T12:17:01.160+05:30  INFO 19972 --- [Customer] [restartedMain] DiscoveryClientOptionalArgsConfiguration : Eureka HTTP Client uses RestClient.
2026-10-01T12:17:01.258+05:30  WARN 19972 --- [Customer] [restartedMain] iguration$LoadBalancerCaffeineWarnLogger : Spring Cloud LoadBalancer is currently working with the default cache. While this cache implementation is useful for development and tests, it's recommended to use Caffeine cache in production.You can switch to using Caffeine cache, by adding it and org.springframework.cache.caffeine.CaffeineCacheManager to the classpath.
2026-10-01T12:17:01.330+05:30  INFO 19972 --- [Customer] [restartedMain] o.s.c.n.eureka.InstanceInfoFactory       : Setting initial instance status as: STARTING
2026-10-01T12:17:01.336+05:30  INFO 19972 --- [Customer] [restartedMain] com.netflix.discovery.DiscoveryClient    : Initializing Eureka in region us-east-1
2026-10-01T12:17:01.336+05:30  INFO 19972 --- [Customer] [restartedMain] c.n.d.s.r.aws.ConfigClusterResolver      : Resolving eureka endpoints via configuration
2026-10-01T12:17:01.337+05:30  INFO 19972 --- [Customer] [restartedMain] com.netflix.discovery.DiscoveryClient    : Disable delta property : false
2026-10-01T12:17:01.337+05:30  INFO 19972 --- [Customer] [restartedMain] com.netflix.discovery.DiscoveryClient    : Single vip registry refresh property : null
2026-10-01T12:17:01.337+05:30  INFO 19972 --- [Customer] [restartedMain] com.netflix.discovery.DiscoveryClient    : Force full registry fetch : false
2026-10-01T12:17:01.337+05:30  INFO 19972 --- [Customer] [restartedMain] com.netflix.discovery.DiscoveryClient    : Application is null : false
2026-10-01T12:17:01.337+05:30  INFO 19972 --- [Customer] [restartedMain] com.netflix.discovery.DiscoveryClient    : Registered Applications size is zero : true
2026-10-01T12:17:01.337+05:30  INFO 19972 --- [Customer] [restartedMain] com.netflix.discovery.DiscoveryClient    : Application version is -1: true
2026-10-01T12:17:01.337+05:30  INFO 19972 --- [Customer] [restartedMain] com.netflix.discovery.DiscoveryClient    : Getting all instance registry info from the eureka server
2026-10-01T12:17:01.361+05:30  INFO 19972 --- [Customer] [restartedMain] com.netflix.discovery.DiscoveryClient    : The response status is 200
2026-10-01T12:17:01.362+05:30  INFO 19972 --- [Customer] [restartedMain] com.netflix.discovery.DiscoveryClient    : Starting heartbeat executor: renew interval is: 30
2026-10-01T12:17:01.363+05:30  INFO 19972 --- [Customer] [restartedMain] c.n.discovery.InstanceInfoReplicator     : InstanceInfoReplicator onDemand update allowed rate per min is 4
2026-10-01T12:17:01.363+05:30  INFO 19972 --- [Customer] [restartedMain] com.netflix.discovery.DiscoveryClient    : Discovery Client initialized at timestamp 1790837221363 with initial instances count: 4
2026-10-01T12:17:01.379+05:30  INFO 19972 --- [Customer] [restartedMain] o.s.c.n.e.s.EurekaServiceRegistry        : Registering application CUSTOMER with eureka with status UP
2026-10-01T12:17:01.379+05:30  INFO 19972 --- [Customer] [restartedMain] com.netflix.discovery.DiscoveryClient    : Saw local status change event StatusChangeEvent [timestamp=1790837221379, current=UP, previous=STARTING]
2026-10-01T12:17:01.379+05:30  INFO 19972 --- [Customer] [DiscoveryClient-InstanceInfoReplicator-%d] com.netflix.discovery.DiscoveryClient    : DiscoveryClient_CUSTOMER/10.207.81.191:Customer:8084: registering service...
2026-10-01T12:17:01.387+05:30  INFO 19972 --- [Customer] [restartedMain] o.s.boot.tomcat.TomcatWebServer          : Tomcat started on port 8084 (http) with context path '/'
2026-10-01T12:17:01.387+05:30  INFO 19972 --- [Customer] [restartedMain] .s.c.n.e.s.EurekaAutoServiceRegistration : Updating port to 8084
2026-10-01T12:17:01.392+05:30  INFO 19972 --- [Customer] [DiscoveryClient-InstanceInfoReplicator-%d] com.netflix.discovery.DiscoveryClient    : DiscoveryClient_CUSTOMER/10.207.81.191:Customer:8084 - registration status: 204
2026-10-01T12:17:01.397+05:30  INFO 19972 --- [Customer] [restartedMain] com.cg.customer.CustomerApplication      : Started CustomerApplication in 4.077 seconds (process running for 82657.628)
2026-10-01T12:17:01.398+05:30  WARN 19972 --- [Customer] [restartedMain] o.s.core.events.SpringDocAppInitializer  : SpringDoc /v3/api-docs endpoint is enabled by default. To disable it in production, set the property 'springdoc.api-docs.enabled=false'
2026-10-01T12:17:01.398+05:30  WARN 19972 --- [Customer] [restartedMain] o.s.core.events.SpringDocAppInitializer  : SpringDoc /swagger-ui.html endpoint is enabled by default. To disable it in production, set the property 'springdoc.swagger-ui.enabled=false'
2026-10-01T12:17:01.399+05:30  INFO 19972 --- [Customer] [restartedMain] .ConditionEvaluationDeltaLoggingListener : Condition evaluation unchanged
2026-10-01T12:19:33.647+05:30  INFO 19972 --- [Customer] [File Watcher] rtingClassPathChangeChangedEventListener : Restarting due to 1 class path change (0 additions, 0 deletions, 1 modification)
2026-10-01T12:19:33.648+05:30  INFO 19972 --- [Customer] [Thread-125] o.s.c.n.e.s.EurekaServiceRegistry        : Unregistering application CUSTOMER with eureka with status DOWN
2026-10-01T12:19:33.649+05:30  INFO 19972 --- [Customer] [Thread-125] com.netflix.discovery.DiscoveryClient    : Saw local status change event StatusChangeEvent [timestamp=1790837373649, current=DOWN, previous=UP]
2026-10-01T12:19:33.649+05:30  INFO 19972 --- [Customer] [DiscoveryClient-InstanceInfoReplicator-%d] com.netflix.discovery.DiscoveryClient    : DiscoveryClient_CUSTOMER/10.207.81.191:Customer:8084: registering service...
2026-10-01T12:19:33.649+05:30  INFO 19972 --- [Customer] [Thread-125] o.s.boot.tomcat.GracefulShutdown         : Commencing graceful shutdown. Waiting for active requests to complete
2026-10-01T12:19:33.656+05:30  INFO 19972 --- [Customer] [tomcat-shutdown] o.s.boot.tomcat.GracefulShutdown         : Graceful shutdown complete
2026-10-01T12:19:33.664+05:30  INFO 19972 --- [Customer] [Thread-125] j.LocalContainerEntityManagerFactoryBean : Closing JPA EntityManagerFactory for persistence unit 'default'
2026-10-01T12:19:33.665+05:30  INFO 19972 --- [Customer] [Thread-125] com.zaxxer.hikari.HikariDataSource       : HikariPool-22 - Shutdown initiated...
2026-10-01T12:19:33.665+05:30  INFO 19972 --- [Customer] [DiscoveryClient-InstanceInfoReplicator-%d] com.netflix.discovery.DiscoveryClient    : DiscoveryClient_CUSTOMER/10.207.81.191:Customer:8084 - registration status: 204
2026-10-01T12:19:33.667+05:30  INFO 19972 --- [Customer] [Thread-125] com.zaxxer.hikari.HikariDataSource       : HikariPool-22 - Shutdown completed.
2026-10-01T12:19:33.668+05:30  INFO 19972 --- [Customer] [Thread-125] com.netflix.discovery.DiscoveryClient    : Shutting down DiscoveryClient ...
2026-10-01T12:19:36.675+05:30  INFO 19972 --- [Customer] [Thread-125] com.netflix.discovery.DiscoveryClient    : Unregistering ...
2026-10-01T12:19:36.691+05:30  INFO 19972 --- [Customer] [Thread-125] com.netflix.discovery.DiscoveryClient    : DiscoveryClient_CUSTOMER/10.207.81.191:Customer:8084 - deregister  status: 200
2026-10-01T12:19:36.693+05:30  INFO 19972 --- [Customer] [Thread-125] com.netflix.discovery.DiscoveryClient    : Completed shut down of DiscoveryClient
2026-10-01T12:19:36.811+05:30  INFO 19972 --- [Customer] [restartedMain] com.cg.customer.CustomerApplication      : Starting CustomerApplication using Java 21.0.7 with PID 19972 (C:\Users\bmanikch\Documents\workspace-spring-tools-for-eclipse-5.0.1.RELEASE\Customer\target\classes started by bmanikch in C:\Users\bmanikch\Documents\workspace-spring-tools-for-eclipse-5.0.1.RELEASE\Customer)
2026-10-01T12:19:36.812+05:30  INFO 19972 --- [Customer] [restartedMain] com.cg.customer.CustomerApplication      : No active profile set, falling back to 1 default profile: "default"
2026-10-01T12:19:37.383+05:30  INFO 19972 --- [Customer] [restartedMain] .s.d.r.c.RepositoryConfigurationDelegate : Bootstrapping Spring Data JPA repositories in DEFAULT mode.
2026-10-01T12:19:37.398+05:30  INFO 19972 --- [Customer] [restartedMain] .s.d.r.c.RepositoryConfigurationDelegate : Finished Spring Data repository scanning in 13 ms. Found 1 JPA repository interface.
2026-10-01T12:19:37.527+05:30  INFO 19972 --- [Customer] [restartedMain] o.s.cloud.context.scope.GenericScope     : BeanFactory id=0a180c12-f20d-3817-a31a-bb347817188d
2026-10-01T12:19:37.865+05:30  INFO 19972 --- [Customer] [restartedMain] o.s.boot.tomcat.TomcatWebServer          : Tomcat initialized with port 8084 (http)
2026-10-01T12:19:37.868+05:30  INFO 19972 --- [Customer] [restartedMain] o.apache.catalina.core.StandardService   : Starting service [Tomcat]
2026-10-01T12:19:37.868+05:30  INFO 19972 --- [Customer] [restartedMain] o.apache.catalina.core.StandardEngine    : Starting Servlet engine: [Apache Tomcat/11.0.14]
2026-10-01T12:19:37.948+05:30  INFO 19972 --- [Customer] [restartedMain] b.w.c.s.WebApplicationContextInitializer : Root WebApplicationContext: initialization completed in 1133 ms
2026-10-01T12:19:38.185+05:30  INFO 19972 --- [Customer] [restartedMain] o.hibernate.jpa.internal.util.LogHelper  : HHH000204: Processing PersistenceUnitInfo [name: default]
2026-10-01T12:19:38.225+05:30  INFO 19972 --- [Customer] [restartedMain] o.s.o.j.p.SpringPersistenceUnitInfo      : No LoadTimeWeaver setup: ignoring JPA class transformer
2026-10-01T12:19:38.227+05:30  INFO 19972 --- [Customer] [restartedMain] com.zaxxer.hikari.HikariDataSource       : HikariPool-23 - Starting...
2026-10-01T12:19:38.359+05:30  INFO 19972 --- [Customer] [restartedMain] com.zaxxer.hikari.pool.HikariPool        : HikariPool-23 - Added connection org.postgresql.jdbc.PgConnection@784e2db5
2026-10-01T12:19:38.359+05:30  INFO 19972 --- [Customer] [restartedMain] com.zaxxer.hikari.HikariDataSource       : HikariPool-23 - Start completed.
2026-10-01T12:19:38.365+05:30  WARN 19972 --- [Customer] [restartedMain] org.hibernate.orm.deprecation            : HHH90000025: PostgreSQLDialect does not need to be specified explicitly using 'hibernate.dialect' (remove the property setting and it will be selected by default)
2026-10-01T12:19:38.370+05:30  INFO 19972 --- [Customer] [restartedMain] org.hibernate.orm.connections.pooling    : HHH10001005: Database info:
	Database JDBC URL [jdbc:postgresql://localhost:5432/CUSTOMER]
	Database driver: PostgreSQL JDBC Driver
	Database dialect: PostgreSQLDialect
	Database version: 17.5
	Default catalog/schema: CUSTOMER/public
	Autocommit mode: undefined/unknown
	Isolation level: READ_COMMITTED [default READ_COMMITTED]
	JDBC fetch size: none
	Pool: DatasourceConnectionProviderImpl
	Minimum pool size: undefined/unknown
	Maximum pool size: undefined/unknown
2026-10-01T12:19:38.415+05:30  INFO 19972 --- [Customer] [restartedMain] o.h.e.t.j.p.i.JtaPlatformInitiator       : HHH000489: No JTA platform available (set 'hibernate.transaction.jta.platform' to enable JTA platform integration)
2026-10-01T12:19:38.433+05:30  INFO 19972 --- [Customer] [restartedMain] j.LocalContainerEntityManagerFactoryBean : Initialized JPA EntityManagerFactory for persistence unit 'default'
2026-10-01T12:19:38.756+05:30  WARN 19972 --- [Customer] [restartedMain] JpaBaseConfiguration$JpaWebConfiguration : spring.jpa.open-in-view is enabled by default. Therefore, database queries may be performed during view rendering. Explicitly configure spring.jpa.open-in-view to disable this warning
2026-10-01T12:19:39.033+05:30  INFO 19972 --- [Customer] [restartedMain] o.s.c.openfeign.FeignClientFactoryBean   : For 'BANKACCOUNT' URL not provided. Will try picking an instance via load-balancing.
2026-10-01T12:19:39.787+05:30  WARN 19972 --- [Customer] [restartedMain] .s.a.UserDetailsServiceAutoConfiguration : 

Using generated security password: 826eb91e-9b62-42c8-8cb1-1f9aba122622

This generated password is for development use only. Your security configuration must be updated before running your application in production.

2026-10-01T12:19:39.799+05:30  INFO 19972 --- [Customer] [restartedMain] r$InitializeUserDetailsManagerConfigurer : Global AuthenticationManager configured with UserDetailsService bean with name inMemoryUserDetailsManager
2026-10-01T12:19:41.360+05:30  INFO 19972 --- [Customer] [restartedMain] DiscoveryClientOptionalArgsConfiguration : Eureka HTTP Client uses RestClient.
2026-10-01T12:19:41.485+05:30  WARN 19972 --- [Customer] [restartedMain] iguration$LoadBalancerCaffeineWarnLogger : Spring Cloud LoadBalancer is currently working with the default cache. While this cache implementation is useful for development and tests, it's recommended to use Caffeine cache in production.You can switch to using Caffeine cache, by adding it and org.springframework.cache.caffeine.CaffeineCacheManager to the classpath.
2026-10-01T12:19:41.553+05:30  INFO 19972 --- [Customer] [restartedMain] o.s.c.n.eureka.InstanceInfoFactory       : Setting initial instance status as: STARTING
2026-10-01T12:19:41.563+05:30  INFO 19972 --- [Customer] [restartedMain] com.netflix.discovery.DiscoveryClient    : Initializing Eureka in region us-east-1
2026-10-01T12:19:41.563+05:30  INFO 19972 --- [Customer] [restartedMain] c.n.d.s.r.aws.ConfigClusterResolver      : Resolving eureka endpoints via configuration
2026-10-01T12:19:41.564+05:30  INFO 19972 --- [Customer] [restartedMain] com.netflix.discovery.DiscoveryClient    : Disable delta property : false
2026-10-01T12:19:41.564+05:30  INFO 19972 --- [Customer] [restartedMain] com.netflix.discovery.DiscoveryClient    : Single vip registry refresh property : null
2026-10-01T12:19:41.564+05:30  INFO 19972 --- [Customer] [restartedMain] com.netflix.discovery.DiscoveryClient    : Force full registry fetch : false
2026-10-01T12:19:41.564+05:30  INFO 19972 --- [Customer] [restartedMain] com.netflix.discovery.DiscoveryClient    : Application is null : false
2026-10-01T12:19:41.564+05:30  INFO 19972 --- [Customer] [restartedMain] com.netflix.discovery.DiscoveryClient    : Registered Applications size is zero : true
2026-10-01T12:19:41.564+05:30  INFO 19972 --- [Customer] [restartedMain] com.netflix.discovery.DiscoveryClient    : Application version is -1: true
2026-10-01T12:19:41.564+05:30  INFO 19972 --- [Customer] [restartedMain] com.netflix.discovery.DiscoveryClient    : Getting all instance registry info from the eureka server
2026-10-01T12:19:41.602+05:30  INFO 19972 --- [Customer] [restartedMain] com.netflix.discovery.DiscoveryClient    : The response status is 200
2026-10-01T12:19:41.603+05:30  INFO 19972 --- [Customer] [restartedMain] com.netflix.discovery.DiscoveryClient    : Starting heartbeat executor: renew interval is: 30
2026-10-01T12:19:41.604+05:30  INFO 19972 --- [Customer] [restartedMain] c.n.discovery.InstanceInfoReplicator     : InstanceInfoReplicator onDemand update allowed rate per min is 4
2026-10-01T12:19:41.604+05:30  INFO 19972 --- [Customer] [restartedMain] com.netflix.discovery.DiscoveryClient    : Discovery Client initialized at timestamp 1790837381604 with initial instances count: 4
2026-10-01T12:19:41.625+05:30  INFO 19972 --- [Customer] [restartedMain] o.s.c.n.e.s.EurekaServiceRegistry        : Registering application CUSTOMER with eureka with status UP
2026-10-01T12:19:41.625+05:30  INFO 19972 --- [Customer] [restartedMain] com.netflix.discovery.DiscoveryClient    : Saw local status change event StatusChangeEvent [timestamp=1790837381625, current=UP, previous=STARTING]
2026-10-01T12:19:41.625+05:30  INFO 19972 --- [Customer] [DiscoveryClient-InstanceInfoReplicator-%d] com.netflix.discovery.DiscoveryClient    : DiscoveryClient_CUSTOMER/10.207.81.191:Customer:8084: registering service...
2026-10-01T12:19:41.635+05:30  INFO 19972 --- [Customer] [restartedMain] o.s.boot.tomcat.TomcatWebServer          : Tomcat started on port 8084 (http) with context path '/'
2026-10-01T12:19:41.636+05:30  INFO 19972 --- [Customer] [restartedMain] .s.c.n.e.s.EurekaAutoServiceRegistration : Updating port to 8084
2026-10-01T12:19:41.641+05:30  INFO 19972 --- [Customer] [DiscoveryClient-InstanceInfoReplicator-%d] com.netflix.discovery.DiscoveryClient    : DiscoveryClient_CUSTOMER/10.207.81.191:Customer:8084 - registration status: 204
2026-10-01T12:19:41.663+05:30  INFO 19972 --- [Customer] [restartedMain] com.cg.customer.CustomerApplication      : Started CustomerApplication in 4.898 seconds (process running for 82817.894)
2026-10-01T12:19:41.666+05:30  WARN 19972 --- [Customer] [restartedMain] o.s.core.events.SpringDocAppInitializer  : SpringDoc /v3/api-docs endpoint is enabled by default. To disable it in production, set the property 'springdoc.api-docs.enabled=false'
2026-10-01T12:19:41.666+05:30  WARN 19972 --- [Customer] [restartedMain] o.s.core.events.SpringDocAppInitializer  : SpringDoc /swagger-ui.html endpoint is enabled by default. To disable it in production, set the property 'springdoc.swagger-ui.enabled=false'
2026-10-01T12:19:41.667+05:30  INFO 19972 --- [Customer] [restartedMain] .ConditionEvaluationDeltaLoggingListener : Condition evaluation unchanged
2026-10-01T12:20:05.155+05:30  INFO 19972 --- [Customer] [File Watcher] rtingClassPathChangeChangedEventListener : Restarting due to 1 class path change (0 additions, 0 deletions, 1 modification)
2026-10-01T12:20:05.157+05:30  INFO 19972 --- [Customer] [Thread-131] o.s.c.n.e.s.EurekaServiceRegistry        : Unregistering application CUSTOMER with eureka with status DOWN
2026-10-01T12:20:05.158+05:30  INFO 19972 --- [Customer] [Thread-131] com.netflix.discovery.DiscoveryClient    : Saw local status change event StatusChangeEvent [timestamp=1790837405158, current=DOWN, previous=UP]
2026-10-01T12:20:05.158+05:30  INFO 19972 --- [Customer] [DiscoveryClient-InstanceInfoReplicator-%d] com.netflix.discovery.DiscoveryClient    : DiscoveryClient_CUSTOMER/10.207.81.191:Customer:8084: registering service...
2026-10-01T12:20:05.159+05:30  INFO 19972 --- [Customer] [Thread-131] o.s.boot.tomcat.GracefulShutdown         : Commencing graceful shutdown. Waiting for active requests to complete
2026-10-01T12:20:05.165+05:30  INFO 19972 --- [Customer] [tomcat-shutdown] o.s.boot.tomcat.GracefulShutdown         : Graceful shutdown complete
2026-10-01T12:20:05.168+05:30  INFO 19972 --- [Customer] [Thread-131] j.LocalContainerEntityManagerFactoryBean : Closing JPA EntityManagerFactory for persistence unit 'default'
2026-10-01T12:20:05.169+05:30  INFO 19972 --- [Customer] [DiscoveryClient-InstanceInfoReplicator-%d] com.netflix.discovery.DiscoveryClient    : DiscoveryClient_CUSTOMER/10.207.81.191:Customer:8084 - registration status: 204
2026-10-01T12:20:05.169+05:30  INFO 19972 --- [Customer] [Thread-131] com.zaxxer.hikari.HikariDataSource       : HikariPool-23 - Shutdown initiated...
2026-10-01T12:20:05.171+05:30  INFO 19972 --- [Customer] [Thread-131] com.zaxxer.hikari.HikariDataSource       : HikariPool-23 - Shutdown completed.
2026-10-01T12:20:05.172+05:30  INFO 19972 --- [Customer] [Thread-131] com.netflix.discovery.DiscoveryClient    : Shutting down DiscoveryClient ...
2026-10-01T12:20:08.182+05:30  INFO 19972 --- [Customer] [Thread-131] com.netflix.discovery.DiscoveryClient    : Unregistering ...
2026-10-01T12:20:08.199+05:30  INFO 19972 --- [Customer] [Thread-131] com.netflix.discovery.DiscoveryClient    : DiscoveryClient_CUSTOMER/10.207.81.191:Customer:8084 - deregister  status: 200
2026-10-01T12:20:08.200+05:30  INFO 19972 --- [Customer] [Thread-131] com.netflix.discovery.DiscoveryClient    : Completed shut down of DiscoveryClient
2026-10-01T12:20:08.313+05:30  INFO 19972 --- [Customer] [restartedMain] com.cg.customer.CustomerApplication      : Starting CustomerApplication using Java 21.0.7 with PID 19972 (C:\Users\bmanikch\Documents\workspace-spring-tools-for-eclipse-5.0.1.RELEASE\Customer\target\classes started by bmanikch in C:\Users\bmanikch\Documents\workspace-spring-tools-for-eclipse-5.0.1.RELEASE\Customer)
2026-10-01T12:20:08.313+05:30  INFO 19972 --- [Customer] [restartedMain] com.cg.customer.CustomerApplication      : No active profile set, falling back to 1 default profile: "default"
2026-10-01T12:20:08.731+05:30  INFO 19972 --- [Customer] [restartedMain] .s.d.r.c.RepositoryConfigurationDelegate : Bootstrapping Spring Data JPA repositories in DEFAULT mode.
2026-10-01T12:20:08.747+05:30  INFO 19972 --- [Customer] [restartedMain] .s.d.r.c.RepositoryConfigurationDelegate : Finished Spring Data repository scanning in 13 ms. Found 1 JPA repository interface.
2026-10-01T12:20:08.846+05:30  INFO 19972 --- [Customer] [restartedMain] o.s.cloud.context.scope.GenericScope     : BeanFactory id=0a180c12-f20d-3817-a31a-bb347817188d
2026-10-01T12:20:09.085+05:30  INFO 19972 --- [Customer] [restartedMain] o.s.boot.tomcat.TomcatWebServer          : Tomcat initialized with port 8084 (http)
2026-10-01T12:20:09.086+05:30  INFO 19972 --- [Customer] [restartedMain] o.apache.catalina.core.StandardService   : Starting service [Tomcat]
2026-10-01T12:20:09.087+05:30  INFO 19972 --- [Customer] [restartedMain] o.apache.catalina.core.StandardEngine    : Starting Servlet engine: [Apache Tomcat/11.0.14]
2026-10-01T12:20:09.172+05:30  INFO 19972 --- [Customer] [restartedMain] b.w.c.s.WebApplicationContextInitializer : Root WebApplicationContext: initialization completed in 857 ms
2026-10-01T12:20:09.376+05:30  INFO 19972 --- [Customer] [restartedMain] o.hibernate.jpa.internal.util.LogHelper  : HHH000204: Processing PersistenceUnitInfo [name: default]
2026-10-01T12:20:09.410+05:30  INFO 19972 --- [Customer] [restartedMain] o.s.o.j.p.SpringPersistenceUnitInfo      : No LoadTimeWeaver setup: ignoring JPA class transformer
2026-10-01T12:20:09.411+05:30  INFO 19972 --- [Customer] [restartedMain] com.zaxxer.hikari.HikariDataSource       : HikariPool-24 - Starting...
2026-10-01T12:20:09.522+05:30  INFO 19972 --- [Customer] [restartedMain] com.zaxxer.hikari.pool.HikariPool        : HikariPool-24 - Added connection org.postgresql.jdbc.PgConnection@3e192147
2026-10-01T12:20:09.522+05:30  INFO 19972 --- [Customer] [restartedMain] com.zaxxer.hikari.HikariDataSource       : HikariPool-24 - Start completed.
2026-10-01T12:20:09.529+05:30  WARN 19972 --- [Customer] [restartedMain] org.hibernate.orm.deprecation            : HHH90000025: PostgreSQLDialect does not need to be specified explicitly using 'hibernate.dialect' (remove the property setting and it will be selected by default)
2026-10-01T12:20:09.536+05:30  INFO 19972 --- [Customer] [restartedMain] org.hibernate.orm.connections.pooling    : HHH10001005: Database info:
	Database JDBC URL [jdbc:postgresql://localhost:5432/CUSTOMER]
	Database driver: PostgreSQL JDBC Driver
	Database dialect: PostgreSQLDialect
	Database version: 17.5
	Default catalog/schema: CUSTOMER/public
	Autocommit mode: undefined/unknown
	Isolation level: READ_COMMITTED [default READ_COMMITTED]
	JDBC fetch size: none
	Pool: DatasourceConnectionProviderImpl
	Minimum pool size: undefined/unknown
	Maximum pool size: undefined/unknown
2026-10-01T12:20:09.568+05:30  INFO 19972 --- [Customer] [restartedMain] o.h.e.t.j.p.i.JtaPlatformInitiator       : HHH000489: No JTA platform available (set 'hibernate.transaction.jta.platform' to enable JTA platform integration)
2026-10-01T12:20:09.585+05:30  INFO 19972 --- [Customer] [restartedMain] j.LocalContainerEntityManagerFactoryBean : Initialized JPA EntityManagerFactory for persistence unit 'default'
2026-10-01T12:20:09.786+05:30  WARN 19972 --- [Customer] [restartedMain] JpaBaseConfiguration$JpaWebConfiguration : spring.jpa.open-in-view is enabled by default. Therefore, database queries may be performed during view rendering. Explicitly configure spring.jpa.open-in-view to disable this warning
2026-10-01T12:20:09.988+05:30  INFO 19972 --- [Customer] [restartedMain] o.s.c.openfeign.FeignClientFactoryBean   : For 'BANKACCOUNT' URL not provided. Will try picking an instance via load-balancing.
2026-10-01T12:20:10.534+05:30  WARN 19972 --- [Customer] [restartedMain] .s.a.UserDetailsServiceAutoConfiguration : 

Using generated security password: b080c033-1d5d-478c-86c6-89130e56dee4

This generated password is for development use only. Your security configuration must be updated before running your application in production.

2026-10-01T12:20:10.544+05:30  INFO 19972 --- [Customer] [restartedMain] r$InitializeUserDetailsManagerConfigurer : Global AuthenticationManager configured with UserDetailsService bean with name inMemoryUserDetailsManager
2026-10-01T12:20:11.946+05:30  INFO 19972 --- [Customer] [restartedMain] DiscoveryClientOptionalArgsConfiguration : Eureka HTTP Client uses RestClient.
2026-10-01T12:20:12.074+05:30  WARN 19972 --- [Customer] [restartedMain] iguration$LoadBalancerCaffeineWarnLogger : Spring Cloud LoadBalancer is currently working with the default cache. While this cache implementation is useful for development and tests, it's recommended to use Caffeine cache in production.You can switch to using Caffeine cache, by adding it and org.springframework.cache.caffeine.CaffeineCacheManager to the classpath.
2026-10-01T12:20:12.130+05:30  INFO 19972 --- [Customer] [restartedMain] o.s.c.n.eureka.InstanceInfoFactory       : Setting initial instance status as: STARTING
2026-10-01T12:20:12.137+05:30  INFO 19972 --- [Customer] [restartedMain] com.netflix.discovery.DiscoveryClient    : Initializing Eureka in region us-east-1
2026-10-01T12:20:12.137+05:30  INFO 19972 --- [Customer] [restartedMain] c.n.d.s.r.aws.ConfigClusterResolver      : Resolving eureka endpoints via configuration
2026-10-01T12:20:12.137+05:30  INFO 19972 --- [Customer] [restartedMain] com.netflix.discovery.DiscoveryClient    : Disable delta property : false
2026-10-01T12:20:12.137+05:30  INFO 19972 --- [Customer] [restartedMain] com.netflix.discovery.DiscoveryClient    : Single vip registry refresh property : null
2026-10-01T12:20:12.137+05:30  INFO 19972 --- [Customer] [restartedMain] com.netflix.discovery.DiscoveryClient    : Force full registry fetch : false
2026-10-01T12:20:12.137+05:30  INFO 19972 --- [Customer] [restartedMain] com.netflix.discovery.DiscoveryClient    : Application is null : false
2026-10-01T12:20:12.137+05:30  INFO 19972 --- [Customer] [restartedMain] com.netflix.discovery.DiscoveryClient    : Registered Applications size is zero : true
2026-10-01T12:20:12.137+05:30  INFO 19972 --- [Customer] [restartedMain] com.netflix.discovery.DiscoveryClient    : Application version is -1: true
2026-10-01T12:20:12.138+05:30  INFO 19972 --- [Customer] [restartedMain] com.netflix.discovery.DiscoveryClient    : Getting all instance registry info from the eureka server
2026-10-01T12:20:12.161+05:30  INFO 19972 --- [Customer] [restartedMain] com.netflix.discovery.DiscoveryClient    : The response status is 200
2026-10-01T12:20:12.162+05:30  INFO 19972 --- [Customer] [restartedMain] com.netflix.discovery.DiscoveryClient    : Starting heartbeat executor: renew interval is: 30
2026-10-01T12:20:12.162+05:30  INFO 19972 --- [Customer] [restartedMain] c.n.discovery.InstanceInfoReplicator     : InstanceInfoReplicator onDemand update allowed rate per min is 4
2026-10-01T12:20:12.163+05:30  INFO 19972 --- [Customer] [restartedMain] com.netflix.discovery.DiscoveryClient    : Discovery Client initialized at timestamp 1790837412162 with initial instances count: 4
2026-10-01T12:20:12.179+05:30  INFO 19972 --- [Customer] [restartedMain] o.s.c.n.e.s.EurekaServiceRegistry        : Registering application CUSTOMER with eureka with status UP
2026-10-01T12:20:12.179+05:30  INFO 19972 --- [Customer] [restartedMain] com.netflix.discovery.DiscoveryClient    : Saw local status change event StatusChangeEvent [timestamp=1790837412179, current=UP, previous=STARTING]
2026-10-01T12:20:12.179+05:30  INFO 19972 --- [Customer] [DiscoveryClient-InstanceInfoReplicator-%d] com.netflix.discovery.DiscoveryClient    : DiscoveryClient_CUSTOMER/10.207.81.191:Customer:8084: registering service...
2026-10-01T12:20:12.188+05:30  INFO 19972 --- [Customer] [restartedMain] o.s.boot.tomcat.TomcatWebServer          : Tomcat started on port 8084 (http) with context path '/'
2026-10-01T12:20:12.189+05:30  INFO 19972 --- [Customer] [DiscoveryClient-InstanceInfoReplicator-%d] com.netflix.discovery.DiscoveryClient    : DiscoveryClient_CUSTOMER/10.207.81.191:Customer:8084 - registration status: 204
2026-10-01T12:20:12.189+05:30  INFO 19972 --- [Customer] [restartedMain] .s.c.n.e.s.EurekaAutoServiceRegistration : Updating port to 8084
2026-10-01T12:20:12.199+05:30  INFO 19972 --- [Customer] [restartedMain] com.cg.customer.CustomerApplication      : Started CustomerApplication in 3.933 seconds (process running for 82848.43)
2026-10-01T12:20:12.200+05:30  WARN 19972 --- [Customer] [restartedMain] o.s.core.events.SpringDocAppInitializer  : SpringDoc /v3/api-docs endpoint is enabled by default. To disable it in production, set the property 'springdoc.api-docs.enabled=false'
2026-10-01T12:20:12.200+05:30  WARN 19972 --- [Customer] [restartedMain] o.s.core.events.SpringDocAppInitializer  : SpringDoc /swagger-ui.html endpoint is enabled by default. To disable it in production, set the property 'springdoc.swagger-ui.enabled=false'
2026-10-01T12:20:12.202+05:30  INFO 19972 --- [Customer] [restartedMain] .ConditionEvaluationDeltaLoggingListener : Condition evaluation unchanged
2026-10-01T12:20:14.045+05:30  INFO 19972 --- [Customer] [File Watcher] rtingClassPathChangeChangedEventListener : Restarting due to 1 class path change (0 additions, 0 deletions, 1 modification)
2026-10-01T12:20:14.046+05:30  INFO 19972 --- [Customer] [Thread-137] o.s.c.n.e.s.EurekaServiceRegistry        : Unregistering application CUSTOMER with eureka with status DOWN
2026-10-01T12:20:14.046+05:30  INFO 19972 --- [Customer] [Thread-137] com.netflix.discovery.DiscoveryClient    : Saw local status change event StatusChangeEvent [timestamp=1790837414046, current=DOWN, previous=UP]
2026-10-01T12:20:14.046+05:30  INFO 19972 --- [Customer] [DiscoveryClient-InstanceInfoReplicator-%d] com.netflix.discovery.DiscoveryClient    : DiscoveryClient_CUSTOMER/10.207.81.191:Customer:8084: registering service...
2026-10-01T12:20:14.047+05:30  INFO 19972 --- [Customer] [Thread-137] o.s.boot.tomcat.GracefulShutdown         : Commencing graceful shutdown. Waiting for active requests to complete
2026-10-01T12:20:14.049+05:30  INFO 19972 --- [Customer] [DiscoveryClient-InstanceInfoReplicator-%d] com.netflix.discovery.DiscoveryClient    : DiscoveryClient_CUSTOMER/10.207.81.191:Customer:8084 - registration status: 204
2026-10-01T12:20:14.053+05:30  INFO 19972 --- [Customer] [tomcat-shutdown] o.s.boot.tomcat.GracefulShutdown         : Graceful shutdown complete
2026-10-01T12:20:14.058+05:30  INFO 19972 --- [Customer] [Thread-137] j.LocalContainerEntityManagerFactoryBean : Closing JPA EntityManagerFactory for persistence unit 'default'
2026-10-01T12:20:14.059+05:30  INFO 19972 --- [Customer] [Thread-137] com.zaxxer.hikari.HikariDataSource       : HikariPool-24 - Shutdown initiated...
2026-10-01T12:20:14.061+05:30  INFO 19972 --- [Customer] [Thread-137] com.zaxxer.hikari.HikariDataSource       : HikariPool-24 - Shutdown completed.
2026-10-01T12:20:14.061+05:30  INFO 19972 --- [Customer] [Thread-137] com.netflix.discovery.DiscoveryClient    : Shutting down DiscoveryClient ...
2026-10-01T12:20:17.065+05:30  INFO 19972 --- [Customer] [Thread-137] com.netflix.discovery.DiscoveryClient    : Unregistering ...
2026-10-01T12:20:17.082+05:30  INFO 19972 --- [Customer] [Thread-137] com.netflix.discovery.DiscoveryClient    : DiscoveryClient_CUSTOMER/10.207.81.191:Customer:8084 - deregister  status: 200
2026-10-01T12:20:17.082+05:30  INFO 19972 --- [Customer] [Thread-137] com.netflix.discovery.DiscoveryClient    : Completed shut down of DiscoveryClient
2026-10-01T12:20:17.180+05:30  INFO 19972 --- [Customer] [restartedMain] com.cg.customer.CustomerApplication      : Starting CustomerApplication using Java 21.0.7 with PID 19972 (C:\Users\bmanikch\Documents\workspace-spring-tools-for-eclipse-5.0.1.RELEASE\Customer\target\classes started by bmanikch in C:\Users\bmanikch\Documents\workspace-spring-tools-for-eclipse-5.0.1.RELEASE\Customer)
2026-10-01T12:20:17.180+05:30  INFO 19972 --- [Customer] [restartedMain] com.cg.customer.CustomerApplication      : No active profile set, falling back to 1 default profile: "default"
2026-10-01T12:20:17.642+05:30  INFO 19972 --- [Customer] [restartedMain] .s.d.r.c.RepositoryConfigurationDelegate : Bootstrapping Spring Data JPA repositories in DEFAULT mode.
2026-10-01T12:20:17.659+05:30  INFO 19972 --- [Customer] [restartedMain] .s.d.r.c.RepositoryConfigurationDelegate : Finished Spring Data repository scanning in 14 ms. Found 1 JPA repository interface.
2026-10-01T12:20:17.786+05:30  INFO 19972 --- [Customer] [restartedMain] o.s.cloud.context.scope.GenericScope     : BeanFactory id=0a180c12-f20d-3817-a31a-bb347817188d
2026-10-01T12:20:18.068+05:30  INFO 19972 --- [Customer] [restartedMain] o.s.boot.tomcat.TomcatWebServer          : Tomcat initialized with port 8084 (http)
2026-10-01T12:20:18.070+05:30  INFO 19972 --- [Customer] [restartedMain] o.apache.catalina.core.StandardService   : Starting service [Tomcat]
2026-10-01T12:20:18.070+05:30  INFO 19972 --- [Customer] [restartedMain] o.apache.catalina.core.StandardEngine    : Starting Servlet engine: [Apache Tomcat/11.0.14]
2026-10-01T12:20:18.150+05:30  INFO 19972 --- [Customer] [restartedMain] b.w.c.s.WebApplicationContextInitializer : Root WebApplicationContext: initialization completed in 968 ms
2026-10-01T12:20:18.360+05:30  INFO 19972 --- [Customer] [restartedMain] o.hibernate.jpa.internal.util.LogHelper  : HHH000204: Processing PersistenceUnitInfo [name: default]
2026-10-01T12:20:18.393+05:30  INFO 19972 --- [Customer] [restartedMain] o.s.o.j.p.SpringPersistenceUnitInfo      : No LoadTimeWeaver setup: ignoring JPA class transformer
2026-10-01T12:20:18.394+05:30  INFO 19972 --- [Customer] [restartedMain] com.zaxxer.hikari.HikariDataSource       : HikariPool-25 - Starting...
2026-10-01T12:20:18.511+05:30  INFO 19972 --- [Customer] [restartedMain] com.zaxxer.hikari.pool.HikariPool        : HikariPool-25 - Added connection org.postgresql.jdbc.PgConnection@4f5ff8d0
2026-10-01T12:20:18.511+05:30  INFO 19972 --- [Customer] [restartedMain] com.zaxxer.hikari.HikariDataSource       : HikariPool-25 - Start completed.
2026-10-01T12:20:18.517+05:30  WARN 19972 --- [Customer] [restartedMain] org.hibernate.orm.deprecation            : HHH90000025: PostgreSQLDialect does not need to be specified explicitly using 'hibernate.dialect' (remove the property setting and it will be selected by default)
2026-10-01T12:20:18.523+05:30  INFO 19972 --- [Customer] [restartedMain] org.hibernate.orm.connections.pooling    : HHH10001005: Database info:
	Database JDBC URL [jdbc:postgresql://localhost:5432/CUSTOMER]
	Database driver: PostgreSQL JDBC Driver
	Database dialect: PostgreSQLDialect
	Database version: 17.5
	Default catalog/schema: CUSTOMER/public
	Autocommit mode: undefined/unknown
	Isolation level: READ_COMMITTED [default READ_COMMITTED]
	JDBC fetch size: none
	Pool: DatasourceConnectionProviderImpl
	Minimum pool size: undefined/unknown
	Maximum pool size: undefined/unknown
2026-10-01T12:20:18.556+05:30  INFO 19972 --- [Customer] [restartedMain] o.h.e.t.j.p.i.JtaPlatformInitiator       : HHH000489: No JTA platform available (set 'hibernate.transaction.jta.platform' to enable JTA platform integration)
2026-10-01T12:20:18.575+05:30  INFO 19972 --- [Customer] [restartedMain] j.LocalContainerEntityManagerFactoryBean : Initialized JPA EntityManagerFactory for persistence unit 'default'
2026-10-01T12:20:18.791+05:30  WARN 19972 --- [Customer] [restartedMain] JpaBaseConfiguration$JpaWebConfiguration : spring.jpa.open-in-view is enabled by default. Therefore, database queries may be performed during view rendering. Explicitly configure spring.jpa.open-in-view to disable this warning
2026-10-01T12:20:18.983+05:30  INFO 19972 --- [Customer] [restartedMain] o.s.c.openfeign.FeignClientFactoryBean   : For 'BANKACCOUNT' URL not provided. Will try picking an instance via load-balancing.
2026-10-01T12:20:19.595+05:30  WARN 19972 --- [Customer] [restartedMain] .s.a.UserDetailsServiceAutoConfiguration : 

Using generated security password: eab0b864-2f1b-4c7c-b3af-84479fda3d04

This generated password is for development use only. Your security configuration must be updated before running your application in production.

2026-10-01T12:20:19.602+05:30  INFO 19972 --- [Customer] [restartedMain] r$InitializeUserDetailsManagerConfigurer : Global AuthenticationManager configured with UserDetailsService bean with name inMemoryUserDetailsManager
2026-10-01T12:20:20.939+05:30  INFO 19972 --- [Customer] [restartedMain] DiscoveryClientOptionalArgsConfiguration : Eureka HTTP Client uses RestClient.
2026-10-01T12:20:21.026+05:30  WARN 19972 --- [Customer] [restartedMain] iguration$LoadBalancerCaffeineWarnLogger : Spring Cloud LoadBalancer is currently working with the default cache. While this cache implementation is useful for development and tests, it's recommended to use Caffeine cache in production.You can switch to using Caffeine cache, by adding it and org.springframework.cache.caffeine.CaffeineCacheManager to the classpath.
2026-10-01T12:20:21.071+05:30  INFO 19972 --- [Customer] [restartedMain] o.s.c.n.eureka.InstanceInfoFactory       : Setting initial instance status as: STARTING
2026-10-01T12:20:21.076+05:30  INFO 19972 --- [Customer] [restartedMain] com.netflix.discovery.DiscoveryClient    : Initializing Eureka in region us-east-1
2026-10-01T12:20:21.077+05:30  INFO 19972 --- [Customer] [restartedMain] c.n.d.s.r.aws.ConfigClusterResolver      : Resolving eureka endpoints via configuration
2026-10-01T12:20:21.077+05:30  INFO 19972 --- [Customer] [restartedMain] com.netflix.discovery.DiscoveryClient    : Disable delta property : false
2026-10-01T12:20:21.077+05:30  INFO 19972 --- [Customer] [restartedMain] com.netflix.discovery.DiscoveryClient    : Single vip registry refresh property : null
2026-10-01T12:20:21.077+05:30  INFO 19972 --- [Customer] [restartedMain] com.netflix.discovery.DiscoveryClient    : Force full registry fetch : false
2026-10-01T12:20:21.077+05:30  INFO 19972 --- [Customer] [restartedMain] com.netflix.discovery.DiscoveryClient    : Application is null : false
2026-10-01T12:20:21.077+05:30  INFO 19972 --- [Customer] [restartedMain] com.netflix.discovery.DiscoveryClient    : Registered Applications size is zero : true
2026-10-01T12:20:21.077+05:30  INFO 19972 --- [Customer] [restartedMain] com.netflix.discovery.DiscoveryClient    : Application version is -1: true
2026-10-01T12:20:21.077+05:30  INFO 19972 --- [Customer] [restartedMain] com.netflix.discovery.DiscoveryClient    : Getting all instance registry info from the eureka server
2026-10-01T12:20:21.103+05:30  INFO 19972 --- [Customer] [restartedMain] com.netflix.discovery.DiscoveryClient    : The response status is 200
2026-10-01T12:20:21.104+05:30  INFO 19972 --- [Customer] [restartedMain] com.netflix.discovery.DiscoveryClient    : Starting heartbeat executor: renew interval is: 30
2026-10-01T12:20:21.104+05:30  INFO 19972 --- [Customer] [restartedMain] c.n.discovery.InstanceInfoReplicator     : InstanceInfoReplicator onDemand update allowed rate per min is 4
2026-10-01T12:20:21.105+05:30  INFO 19972 --- [Customer] [restartedMain] com.netflix.discovery.DiscoveryClient    : Discovery Client initialized at timestamp 1790837421105 with initial instances count: 4
2026-10-01T12:20:21.125+05:30  INFO 19972 --- [Customer] [restartedMain] o.s.c.n.e.s.EurekaServiceRegistry        : Registering application CUSTOMER with eureka with status UP
2026-10-01T12:20:21.125+05:30  INFO 19972 --- [Customer] [restartedMain] com.netflix.discovery.DiscoveryClient    : Saw local status change event StatusChangeEvent [timestamp=1790837421125, current=UP, previous=STARTING]
2026-10-01T12:20:21.126+05:30  INFO 19972 --- [Customer] [DiscoveryClient-InstanceInfoReplicator-%d] com.netflix.discovery.DiscoveryClient    : DiscoveryClient_CUSTOMER/10.207.81.191:Customer:8084: registering service...
2026-10-01T12:20:21.135+05:30  INFO 19972 --- [Customer] [restartedMain] o.s.boot.tomcat.TomcatWebServer          : Tomcat started on port 8084 (http) with context path '/'
2026-10-01T12:20:21.136+05:30  INFO 19972 --- [Customer] [restartedMain] .s.c.n.e.s.EurekaAutoServiceRegistration : Updating port to 8084
2026-10-01T12:20:21.137+05:30  INFO 19972 --- [Customer] [DiscoveryClient-InstanceInfoReplicator-%d] com.netflix.discovery.DiscoveryClient    : DiscoveryClient_CUSTOMER/10.207.81.191:Customer:8084 - registration status: 204
2026-10-01T12:20:21.146+05:30  INFO 19972 --- [Customer] [restartedMain] com.cg.customer.CustomerApplication      : Started CustomerApplication in 4.001 seconds (process running for 82857.377)
2026-10-01T12:20:21.147+05:30  WARN 19972 --- [Customer] [restartedMain] o.s.core.events.SpringDocAppInitializer  : SpringDoc /v3/api-docs endpoint is enabled by default. To disable it in production, set the property 'springdoc.api-docs.enabled=false'
2026-10-01T12:20:21.147+05:30  WARN 19972 --- [Customer] [restartedMain] o.s.core.events.SpringDocAppInitializer  : SpringDoc /swagger-ui.html endpoint is enabled by default. To disable it in production, set the property 'springdoc.swagger-ui.enabled=false'
2026-10-01T12:20:21.148+05:30  INFO 19972 --- [Customer] [restartedMain] .ConditionEvaluationDeltaLoggingListener : Condition evaluation unchanged
2026-10-01T12:21:30.674+05:30  INFO 19972 --- [Customer] [http-nio-8084-exec-1] o.a.c.c.C.[Tomcat-1].[localhost].[/]     : Initializing Spring DispatcherServlet 'dispatcherServlet'
2026-10-01T12:21:30.674+05:30  INFO 19972 --- [Customer] [http-nio-8084-exec-1] o.s.web.servlet.DispatcherServlet        : Initializing Servlet 'dispatcherServlet'
2026-10-01T12:21:30.693+05:30  INFO 19972 --- [Customer] [http-nio-8084-exec-1] o.s.web.servlet.DispatcherServlet        : Completed initialization in 19 ms
2026-10-01T12:21:36.759+05:30  INFO 19972 --- [Customer] [http-nio-8084-exec-2] c.c.c.controller.CustomerController      : -----CusomerMicro----Controller getById method called--------
2026-10-01T12:21:37.289+05:30 ERROR 19972 --- [Customer] [http-nio-8084-exec-2] o.a.c.c.C.[.[.[/].[dispatcherServlet]    : Servlet.service() for servlet [dispatcherServlet] in context with path [] threw exception [Request processing failed: java.lang.NullPointerException: Cannot invoke "com.cg.customer.domain.CustomersDTO.setCustomerid(java.lang.Long)" because "customerDTO" is null] with root cause

java.lang.NullPointerException: Cannot invoke "com.cg.customer.domain.CustomersDTO.setCustomerid(java.lang.Long)" because "customerDTO" is null
	at com.cg.customer.serviceImpl.CustomerServiceImpl.getCustomerById(CustomerServiceImpl.java:103) ~[classes/:na]
	at java.base/jdk.internal.reflect.DirectMethodHandleAccessor.invoke(DirectMethodHandleAccessor.java:103) ~[na:na]
	at java.base/java.lang.reflect.Method.invoke(Method.java:580) ~[na:na]
	at org.springframework.aop.support.AopUtils.invokeJoinpointUsingReflection(AopUtils.java:359) ~[spring-aop-7.0.1.jar:7.0.1]
	at org.springframework.aop.framework.ReflectiveMethodInvocation.invokeJoinpoint(ReflectiveMethodInvocation.java:190) ~[spring-aop-7.0.1.jar:7.0.1]
	at org.springframework.aop.framework.ReflectiveMethodInvocation.proceed(ReflectiveMethodInvocation.java:158) ~[spring-aop-7.0.1.jar:7.0.1]
	at org.springframework.aop.interceptor.ExposeInvocationInterceptor.invoke(ExposeInvocationInterceptor.java:96) ~[spring-aop-7.0.1.jar:7.0.1]
	at org.springframework.aop.framework.ReflectiveMethodInvocation.proceed(ReflectiveMethodInvocation.java:179) ~[spring-aop-7.0.1.jar:7.0.1]
	at org.springframework.aop.framework.CglibAopProxy$DynamicAdvisedInterceptor.intercept(CglibAopProxy.java:719) ~[spring-aop-7.0.1.jar:7.0.1]
	at com.cg.customer.serviceImpl.CustomerServiceImpl$$SpringCGLIB$$0.getCustomerById(<generated>) ~[classes/:na]
	at com.cg.customer.controller.CustomerController.getById(CustomerController.java:66) ~[classes/:na]
	at java.base/jdk.internal.reflect.DirectMethodHandleAccessor.invoke(DirectMethodHandleAccessor.java:103) ~[na:na]
	at java.base/java.lang.reflect.Method.invoke(Method.java:580) ~[na:na]
	at org.springframework.web.method.support.InvocableHandlerMethod.doInvoke(InvocableHandlerMethod.java:258) ~[spring-web-7.0.1.jar:7.0.1]
	at org.springframework.web.method.support.InvocableHandlerMethod.invokeForRequest(InvocableHandlerMethod.java:190) ~[spring-web-7.0.1.jar:7.0.1]
	at org.springframework.web.servlet.mvc.method.annotation.ServletInvocableHandlerMethod.invokeAndHandle(ServletInvocableHandlerMethod.java:117) ~[spring-webmvc-7.0.1.jar:7.0.1]
	at org.springframework.web.servlet.mvc.method.annotation.RequestMappingHandlerAdapter.invokeHandlerMethod(RequestMappingHandlerAdapter.java:934) ~[spring-webmvc-7.0.1.jar:7.0.1]
	at org.springframework.web.servlet.mvc.method.annotation.RequestMappingHandlerAdapter.handleInternal(RequestMappingHandlerAdapter.java:853) ~[spring-webmvc-7.0.1.jar:7.0.1]
	at org.springframework.web.servlet.mvc.method.AbstractHandlerMethodAdapter.handle(AbstractHandlerMethodAdapter.java:86) ~[spring-webmvc-7.0.1.jar:7.0.1]
	at org.springframework.web.servlet.DispatcherServlet.doDispatch(DispatcherServlet.java:963) ~[spring-webmvc-7.0.1.jar:7.0.1]
	at org.springframework.web.servlet.DispatcherServlet.doService(DispatcherServlet.java:866) ~[spring-webmvc-7.0.1.jar:7.0.1]
	at org.springframework.web.servlet.FrameworkServlet.processRequest(FrameworkServlet.java:1003) ~[spring-webmvc-7.0.1.jar:7.0.1]
	at org.springframework.web.servlet.FrameworkServlet.doGet(FrameworkServlet.java:892) ~[spring-webmvc-7.0.1.jar:7.0.1]
	at jakarta.servlet.http.HttpServlet.service(HttpServlet.java:622) ~[tomcat-embed-core-11.0.14.jar:6.1]
	at org.springframework.web.servlet.FrameworkServlet.service(FrameworkServlet.java:874) ~[spring-webmvc-7.0.1.jar:7.0.1]
	at jakarta.servlet.http.HttpServlet.service(HttpServlet.java:710) ~[tomcat-embed-core-11.0.14.jar:6.1]
	at org.apache.catalina.core.ApplicationFilterChain.doFilter(ApplicationFilterChain.java:128) ~[tomcat-embed-core-11.0.14.jar:11.0.14]
	at org.apache.tomcat.websocket.server.WsFilter.doFilter(WsFilter.java:53) ~[tomcat-embed-websocket-11.0.14.jar:11.0.14]
	at org.apache.catalina.core.ApplicationFilterChain.doFilter(ApplicationFilterChain.java:107) ~[tomcat-embed-core-11.0.14.jar:11.0.14]
	at org.springframework.web.filter.OncePerRequestFilter.doFilter(OncePerRequestFilter.java:110) ~[spring-web-7.0.1.jar:7.0.1]
	at org.apache.catalina.core.ApplicationFilterChain.doFilter(ApplicationFilterChain.java:107) ~[tomcat-embed-core-11.0.14.jar:11.0.14]
	at org.springframework.web.filter.CompositeFilter$VirtualFilterChain.doFilter(CompositeFilter.java:108) ~[spring-web-7.0.1.jar:7.0.1]
	at org.springframework.security.web.FilterChainProxy.lambda$doFilterInternal$3(FilterChainProxy.java:235) ~[spring-security-web-7.0.0.jar:7.0.0]
	at org.springframework.security.web.FilterChainProxy$VirtualFilterChain.doFilter(FilterChainProxy.java:371) ~[spring-security-web-7.0.0.jar:7.0.0]
	at org.springframework.security.web.access.intercept.AuthorizationFilter.doFilter(AuthorizationFilter.java:101) ~[spring-security-web-7.0.0.jar:7.0.0]
	at org.springframework.security.web.FilterChainProxy$VirtualFilterChain.doFilter(FilterChainProxy.java:380) ~[spring-security-web-7.0.0.jar:7.0.0]
	at org.springframework.security.web.access.ExceptionTranslationFilter.doFilter(ExceptionTranslationFilter.java:126) ~[spring-security-web-7.0.0.jar:7.0.0]
	at org.springframework.security.web.access.ExceptionTranslationFilter.doFilter(ExceptionTranslationFilter.java:120) ~[spring-security-web-7.0.0.jar:7.0.0]
	at org.springframework.security.web.FilterChainProxy$VirtualFilterChain.doFilter(FilterChainProxy.java:380) ~[spring-security-web-7.0.0.jar:7.0.0]
	at org.springframework.security.web.session.SessionManagementFilter.doFilter(SessionManagementFilter.java:132) ~[spring-security-web-7.0.0.jar:7.0.0]
	at org.springframework.security.web.session.SessionManagementFilter.doFilter(SessionManagementFilter.java:86) ~[spring-security-web-7.0.0.jar:7.0.0]
	at org.springframework.security.web.FilterChainProxy$VirtualFilterChain.doFilter(FilterChainProxy.java:380) ~[spring-security-web-7.0.0.jar:7.0.0]
	at org.springframework.security.web.authentication.AnonymousAuthenticationFilter.doFilter(AnonymousAuthenticationFilter.java:100) ~[spring-security-web-7.0.0.jar:7.0.0]
	at org.springframework.security.web.FilterChainProxy$VirtualFilterChain.doFilter(FilterChainProxy.java:380) ~[spring-security-web-7.0.0.jar:7.0.0]
	at org.springframework.security.web.servletapi.SecurityContextHolderAwareRequestFilter.doFilter(SecurityContextHolderAwareRequestFilter.java:181) ~[spring-security-web-7.0.0.jar:7.0.0]
	at org.springframework.security.web.FilterChainProxy$VirtualFilterChain.doFilter(FilterChainProxy.java:380) ~[spring-security-web-7.0.0.jar:7.0.0]
	at org.springframework.security.web.savedrequest.RequestCacheAwareFilter.doFilter(RequestCacheAwareFilter.java:63) ~[spring-security-web-7.0.0.jar:7.0.0]
	at org.springframework.security.web.FilterChainProxy$VirtualFilterChain.doFilter(FilterChainProxy.java:380) ~[spring-security-web-7.0.0.jar:7.0.0]
	at com.cg.customer.config.CustomerJWTFilter.doFilterInternal(CustomerJWTFilter.java:62) ~[classes/:na]
	at org.springframework.web.filter.OncePerRequestFilter.doFilter(OncePerRequestFilter.java:116) ~[spring-web-7.0.1.jar:7.0.1]
	at org.springframework.security.web.FilterChainProxy$VirtualFilterChain.doFilter(FilterChainProxy.java:380) ~[spring-security-web-7.0.0.jar:7.0.0]
	at org.springframework.security.web.authentication.logout.LogoutFilter.doFilter(LogoutFilter.java:110) ~[spring-security-web-7.0.0.jar:7.0.0]
	at org.springframework.security.web.authentication.logout.LogoutFilter.doFilter(LogoutFilter.java:96) ~[spring-security-web-7.0.0.jar:7.0.0]
	at org.springframework.security.web.FilterChainProxy$VirtualFilterChain.doFilter(FilterChainProxy.java:380) ~[spring-security-web-7.0.0.jar:7.0.0]
	at org.springframework.security.web.header.HeaderWriterFilter.doHeadersAfter(HeaderWriterFilter.java:90) ~[spring-security-web-7.0.0.jar:7.0.0]
	at org.springframework.security.web.header.HeaderWriterFilter.doFilterInternal(HeaderWriterFilter.java:75) ~[spring-security-web-7.0.0.jar:7.0.0]
	at org.springframework.web.filter.OncePerRequestFilter.doFilter(OncePerRequestFilter.java:116) ~[spring-web-7.0.1.jar:7.0.1]
	at org.springframework.security.web.FilterChainProxy$VirtualFilterChain.doFilter(FilterChainProxy.java:380) ~[spring-security-web-7.0.0.jar:7.0.0]
	at org.springframework.security.web.context.SecurityContextHolderFilter.doFilter(SecurityContextHolderFilter.java:82) ~[spring-security-web-7.0.0.jar:7.0.0]
	at org.springframework.security.web.context.SecurityContextHolderFilter.doFilter(SecurityContextHolderFilter.java:69) ~[spring-security-web-7.0.0.jar:7.0.0]
	at org.springframework.security.web.FilterChainProxy$VirtualFilterChain.doFilter(FilterChainProxy.java:380) ~[spring-security-web-7.0.0.jar:7.0.0]
	at org.springframework.security.web.context.request.async.WebAsyncManagerIntegrationFilter.doFilterInternal(WebAsyncManagerIntegrationFilter.java:62) ~[spring-security-web-7.0.0.jar:7.0.0]
	at org.springframework.web.filter.OncePerRequestFilter.doFilter(OncePerRequestFilter.java:116) ~[spring-web-7.0.1.jar:7.0.1]
	at org.springframework.security.web.FilterChainProxy$VirtualFilterChain.doFilter(FilterChainProxy.java:380) ~[spring-security-web-7.0.0.jar:7.0.0]
	at org.springframework.security.web.session.DisableEncodeUrlFilter.doFilterInternal(DisableEncodeUrlFilter.java:42) ~[spring-security-web-7.0.0.jar:7.0.0]
	at org.springframework.web.filter.OncePerRequestFilter.doFilter(OncePerRequestFilter.java:116) ~[spring-web-7.0.1.jar:7.0.1]
	at org.springframework.security.web.FilterChainProxy$VirtualFilterChain.doFilter(FilterChainProxy.java:380) ~[spring-security-web-7.0.0.jar:7.0.0]
	at org.springframework.security.web.FilterChainProxy.doFilterInternal(FilterChainProxy.java:237) ~[spring-security-web-7.0.0.jar:7.0.0]
	at org.springframework.security.web.FilterChainProxy.doFilter(FilterChainProxy.java:195) ~[spring-security-web-7.0.0.jar:7.0.0]
	at org.springframework.web.filter.CompositeFilter$VirtualFilterChain.doFilter(CompositeFilter.java:113) ~[spring-web-7.0.1.jar:7.0.1]
	at org.springframework.web.filter.ServletRequestPathFilter.doFilter(ServletRequestPathFilter.java:52) ~[spring-web-7.0.1.jar:7.0.1]
	at org.springframework.web.filter.CompositeFilter$VirtualFilterChain.doFilter(CompositeFilter.java:113) ~[spring-web-7.0.1.jar:7.0.1]
	at org.springframework.web.filter.CompositeFilter.doFilter(CompositeFilter.java:74) ~[spring-web-7.0.1.jar:7.0.1]
	at org.springframework.security.config.annotation.web.configuration.WebSecurityConfiguration$CompositeFilterChainProxy.doFilter(WebSecurityConfiguration.java:317) ~[spring-security-config-7.0.0.jar:7.0.0]
	at org.springframework.web.filter.DelegatingFilterProxy.invokeDelegate(DelegatingFilterProxy.java:355) ~[spring-web-7.0.1.jar:7.0.1]
	at org.springframework.web.filter.DelegatingFilterProxy.doFilter(DelegatingFilterProxy.java:272) ~[spring-web-7.0.1.jar:7.0.1]
	at org.apache.catalina.core.ApplicationFilterChain.doFilter(ApplicationFilterChain.java:107) ~[tomcat-embed-core-11.0.14.jar:11.0.14]
	at org.springframework.web.filter.RequestContextFilter.doFilterInternal(RequestContextFilter.java:100) ~[spring-web-7.0.1.jar:7.0.1]
	at org.springframework.web.filter.OncePerRequestFilter.doFilter(OncePerRequestFilter.java:116) ~[spring-web-7.0.1.jar:7.0.1]
	at org.apache.catalina.core.ApplicationFilterChain.doFilter(ApplicationFilterChain.java:107) ~[tomcat-embed-core-11.0.14.jar:11.0.14]
	at org.springframework.web.filter.FormContentFilter.doFilterInternal(FormContentFilter.java:93) ~[spring-web-7.0.1.jar:7.0.1]
	at org.springframework.web.filter.OncePerRequestFilter.doFilter(OncePerRequestFilter.java:116) ~[spring-web-7.0.1.jar:7.0.1]
	at org.apache.catalina.core.ApplicationFilterChain.doFilter(ApplicationFilterChain.java:107) ~[tomcat-embed-core-11.0.14.jar:11.0.14]
	at org.springframework.web.filter.CharacterEncodingFilter.doFilterInternal(CharacterEncodingFilter.java:199) ~[spring-web-7.0.1.jar:7.0.1]
	at org.springframework.web.filter.OncePerRequestFilter.doFilter(OncePerRequestFilter.java:116) ~[spring-web-7.0.1.jar:7.0.1]
	at org.apache.catalina.core.ApplicationFilterChain.doFilter(ApplicationFilterChain.java:107) ~[tomcat-embed-core-11.0.14.jar:11.0.14]
	at org.apache.catalina.core.StandardWrapperValve.invoke(StandardWrapperValve.java:165) ~[tomcat-embed-core-11.0.14.jar:11.0.14]
	at org.apache.catalina.core.StandardContextValve.invoke(StandardContextValve.java:77) ~[tomcat-embed-core-11.0.14.jar:11.0.14]
	at org.apache.catalina.authenticator.AuthenticatorBase.invoke(AuthenticatorBase.java:482) ~[tomcat-embed-core-11.0.14.jar:11.0.14]
	at org.apache.catalina.core.StandardHostValve.invoke(StandardHostValve.java:113) ~[tomcat-embed-core-11.0.14.jar:11.0.14]
	at org.apache.catalina.valves.ErrorReportValve.invoke(ErrorReportValve.java:83) ~[tomcat-embed-core-11.0.14.jar:11.0.14]
	at org.apache.catalina.core.StandardEngineValve.invoke(StandardEngineValve.java:72) ~[tomcat-embed-core-11.0.14.jar:11.0.14]
	at org.apache.catalina.connector.CoyoteAdapter.service(CoyoteAdapter.java:341) ~[tomcat-embed-core-11.0.14.jar:11.0.14]
	at org.apache.coyote.http11.Http11Processor.service(Http11Processor.java:397) ~[tomcat-embed-core-11.0.14.jar:11.0.14]
	at org.apache.coyote.AbstractProcessorLight.process(AbstractProcessorLight.java:63) ~[tomcat-embed-core-11.0.14.jar:11.0.14]
	at org.apache.coyote.AbstractProtocol$ConnectionHandler.process(AbstractProtocol.java:903) ~[tomcat-embed-core-11.0.14.jar:11.0.14]
	at org.apache.tomcat.util.net.NioEndpoint$SocketProcessor.doRun(NioEndpoint.java:1778) ~[tomcat-embed-core-11.0.14.jar:11.0.14]
	at org.apache.tomcat.util.net.SocketProcessorBase.run(SocketProcessorBase.java:52) ~[tomcat-embed-core-11.0.14.jar:11.0.14]
	at org.apache.tomcat.util.threads.ThreadPoolExecutor.runWorker(ThreadPoolExecutor.java:946) ~[tomcat-embed-core-11.0.14.jar:11.0.14]
	at org.apache.tomcat.util.threads.ThreadPoolExecutor$Worker.run(ThreadPoolExecutor.java:480) ~[tomcat-embed-core-11.0.14.jar:11.0.14]
	at org.apache.tomcat.util.threads.TaskThread$WrappingRunnable.run(TaskThread.java:57) ~[tomcat-embed-core-11.0.14.jar:11.0.14]
	at java.base/java.lang.Thread.run(Thread.java:1583) ~[na:na]

2026-10-01T12:21:43.770+05:30  INFO 19972 --- [Customer] [http-nio-8084-exec-3] c.c.c.controller.CustomerController      : --CusomerMicro--Controller----Get all method called
2026-10-01T12:21:43.770+05:30  INFO 19972 --- [Customer] [http-nio-8084-exec-3] c.c.c.serviceImpl.CustomerServiceImpl    : ---CusomerMicro---Service getAll method called-------
2026-10-01T12:24:24.799+05:30  INFO 19972 --- [Customer] [http-nio-8084-exec-4] c.c.c.controller.CustomerController      : --CusomerMicro--Controller----Get all method called
2026-10-01T12:24:24.799+05:30  INFO 19972 --- [Customer] [http-nio-8084-exec-4] c.c.c.serviceImpl.CustomerServiceImpl    : ---CusomerMicro---Service getAll method called-------
2026-10-01T12:24:31.437+05:30  INFO 19972 --- [Customer] [http-nio-8084-exec-5] c.c.c.controller.CustomerController      : -----CusomerMicro----Controller getById method called--------
2026-10-01T12:24:31.455+05:30 ERROR 19972 --- [Customer] [http-nio-8084-exec-5] o.a.c.c.C.[.[.[/].[dispatcherServlet]    : Servlet.service() for servlet [dispatcherServlet] in context with path [] threw exception [Request processing failed: java.lang.NullPointerException: Cannot invoke "com.cg.customer.domain.CustomersDTO.setCustomerid(java.lang.Long)" because "customerDTO" is null] with root cause

java.lang.NullPointerException: Cannot invoke "com.cg.customer.domain.CustomersDTO.setCustomerid(java.lang.Long)" because "customerDTO" is null
	at com.cg.customer.serviceImpl.CustomerServiceImpl.getCustomerById(CustomerServiceImpl.java:103) ~[classes/:na]
	at java.base/jdk.internal.reflect.DirectMethodHandleAccessor.invoke(DirectMethodHandleAccessor.java:103) ~[na:na]
	at java.base/java.lang.reflect.Method.invoke(Method.java:580) ~[na:na]
	at org.springframework.aop.support.AopUtils.invokeJoinpointUsingReflection(AopUtils.java:359) ~[spring-aop-7.0.1.jar:7.0.1]
	at org.springframework.aop.framework.ReflectiveMethodInvocation.invokeJoinpoint(ReflectiveMethodInvocation.java:190) ~[spring-aop-7.0.1.jar:7.0.1]
	at org.springframework.aop.framework.ReflectiveMethodInvocation.proceed(ReflectiveMethodInvocation.java:158) ~[spring-aop-7.0.1.jar:7.0.1]
	at org.springframework.aop.interceptor.ExposeInvocationInterceptor.invoke(ExposeInvocationInterceptor.java:96) ~[spring-aop-7.0.1.jar:7.0.1]
	at org.springframework.aop.framework.ReflectiveMethodInvocation.proceed(ReflectiveMethodInvocation.java:179) ~[spring-aop-7.0.1.jar:7.0.1]
	at org.springframework.aop.framework.CglibAopProxy$DynamicAdvisedInterceptor.intercept(CglibAopProxy.java:719) ~[spring-aop-7.0.1.jar:7.0.1]
	at com.cg.customer.serviceImpl.CustomerServiceImpl$$SpringCGLIB$$0.getCustomerById(<generated>) ~[classes/:na]
	at com.cg.customer.controller.CustomerController.getById(CustomerController.java:66) ~[classes/:na]
	at java.base/jdk.internal.reflect.DirectMethodHandleAccessor.invoke(DirectMethodHandleAccessor.java:103) ~[na:na]
	at java.base/java.lang.reflect.Method.invoke(Method.java:580) ~[na:na]
	at org.springframework.web.method.support.InvocableHandlerMethod.doInvoke(InvocableHandlerMethod.java:258) ~[spring-web-7.0.1.jar:7.0.1]
	at org.springframework.web.method.support.InvocableHandlerMethod.invokeForRequest(InvocableHandlerMethod.java:190) ~[spring-web-7.0.1.jar:7.0.1]
	at org.springframework.web.servlet.mvc.method.annotation.ServletInvocableHandlerMethod.invokeAndHandle(ServletInvocableHandlerMethod.java:117) ~[spring-webmvc-7.0.1.jar:7.0.1]
	at org.springframework.web.servlet.mvc.method.annotation.RequestMappingHandlerAdapter.invokeHandlerMethod(RequestMappingHandlerAdapter.java:934) ~[spring-webmvc-7.0.1.jar:7.0.1]
	at org.springframework.web.servlet.mvc.method.annotation.RequestMappingHandlerAdapter.handleInternal(RequestMappingHandlerAdapter.java:853) ~[spring-webmvc-7.0.1.jar:7.0.1]
	at org.springframework.web.servlet.mvc.method.AbstractHandlerMethodAdapter.handle(AbstractHandlerMethodAdapter.java:86) ~[spring-webmvc-7.0.1.jar:7.0.1]
	at org.springframework.web.servlet.DispatcherServlet.doDispatch(DispatcherServlet.java:963) ~[spring-webmvc-7.0.1.jar:7.0.1]
	at org.springframework.web.servlet.DispatcherServlet.doService(DispatcherServlet.java:866) ~[spring-webmvc-7.0.1.jar:7.0.1]
	at org.springframework.web.servlet.FrameworkServlet.processRequest(FrameworkServlet.java:1003) ~[spring-webmvc-7.0.1.jar:7.0.1]
	at org.springframework.web.servlet.FrameworkServlet.doGet(FrameworkServlet.java:892) ~[spring-webmvc-7.0.1.jar:7.0.1]
	at jakarta.servlet.http.HttpServlet.service(HttpServlet.java:622) ~[tomcat-embed-core-11.0.14.jar:6.1]
	at org.springframework.web.servlet.FrameworkServlet.service(FrameworkServlet.java:874) ~[spring-webmvc-7.0.1.jar:7.0.1]
	at jakarta.servlet.http.HttpServlet.service(HttpServlet.java:710) ~[tomcat-embed-core-11.0.14.jar:6.1]
	at org.apache.catalina.core.ApplicationFilterChain.doFilter(ApplicationFilterChain.java:128) ~[tomcat-embed-core-11.0.14.jar:11.0.14]
	at org.apache.tomcat.websocket.server.WsFilter.doFilter(WsFilter.java:53) ~[tomcat-embed-websocket-11.0.14.jar:11.0.14]
	at org.apache.catalina.core.ApplicationFilterChain.doFilter(ApplicationFilterChain.java:107) ~[tomcat-embed-core-11.0.14.jar:11.0.14]
	at org.springframework.web.filter.OncePerRequestFilter.doFilter(OncePerRequestFilter.java:110) ~[spring-web-7.0.1.jar:7.0.1]
	at org.apache.catalina.core.ApplicationFilterChain.doFilter(ApplicationFilterChain.java:107) ~[tomcat-embed-core-11.0.14.jar:11.0.14]
	at org.springframework.web.filter.CompositeFilter$VirtualFilterChain.doFilter(CompositeFilter.java:108) ~[spring-web-7.0.1.jar:7.0.1]
	at org.springframework.security.web.FilterChainProxy.lambda$doFilterInternal$3(FilterChainProxy.java:235) ~[spring-security-web-7.0.0.jar:7.0.0]
	at org.springframework.security.web.FilterChainProxy$VirtualFilterChain.doFilter(FilterChainProxy.java:371) ~[spring-security-web-7.0.0.jar:7.0.0]
	at org.springframework.security.web.access.intercept.AuthorizationFilter.doFilter(AuthorizationFilter.java:101) ~[spring-security-web-7.0.0.jar:7.0.0]
	at org.springframework.security.web.FilterChainProxy$VirtualFilterChain.doFilter(FilterChainProxy.java:380) ~[spring-security-web-7.0.0.jar:7.0.0]
	at org.springframework.security.web.access.ExceptionTranslationFilter.doFilter(ExceptionTranslationFilter.java:126) ~[spring-security-web-7.0.0.jar:7.0.0]
	at org.springframework.security.web.access.ExceptionTranslationFilter.doFilter(ExceptionTranslationFilter.java:120) ~[spring-security-web-7.0.0.jar:7.0.0]
	at org.springframework.security.web.FilterChainProxy$VirtualFilterChain.doFilter(FilterChainProxy.java:380) ~[spring-security-web-7.0.0.jar:7.0.0]
	at org.springframework.security.web.session.SessionManagementFilter.doFilter(SessionManagementFilter.java:132) ~[spring-security-web-7.0.0.jar:7.0.0]
	at org.springframework.security.web.session.SessionManagementFilter.doFilter(SessionManagementFilter.java:86) ~[spring-security-web-7.0.0.jar:7.0.0]
	at org.springframework.security.web.FilterChainProxy$VirtualFilterChain.doFilter(FilterChainProxy.java:380) ~[spring-security-web-7.0.0.jar:7.0.0]
	at org.springframework.security.web.authentication.AnonymousAuthenticationFilter.doFilter(AnonymousAuthenticationFilter.java:100) ~[spring-security-web-7.0.0.jar:7.0.0]
	at org.springframework.security.web.FilterChainProxy$VirtualFilterChain.doFilter(FilterChainProxy.java:380) ~[spring-security-web-7.0.0.jar:7.0.0]
	at org.springframework.security.web.servletapi.SecurityContextHolderAwareRequestFilter.doFilter(SecurityContextHolderAwareRequestFilter.java:181) ~[spring-security-web-7.0.0.jar:7.0.0]
	at org.springframework.security.web.FilterChainProxy$VirtualFilterChain.doFilter(FilterChainProxy.java:380) ~[spring-security-web-7.0.0.jar:7.0.0]
	at org.springframework.security.web.savedrequest.RequestCacheAwareFilter.doFilter(RequestCacheAwareFilter.java:63) ~[spring-security-web-7.0.0.jar:7.0.0]
	at org.springframework.security.web.FilterChainProxy$VirtualFilterChain.doFilter(FilterChainProxy.java:380) ~[spring-security-web-7.0.0.jar:7.0.0]
	at com.cg.customer.config.CustomerJWTFilter.doFilterInternal(CustomerJWTFilter.java:62) ~[classes/:na]
	at org.springframework.web.filter.OncePerRequestFilter.doFilter(OncePerRequestFilter.java:116) ~[spring-web-7.0.1.jar:7.0.1]
	at org.springframework.security.web.FilterChainProxy$VirtualFilterChain.doFilter(FilterChainProxy.java:380) ~[spring-security-web-7.0.0.jar:7.0.0]
	at org.springframework.security.web.authentication.logout.LogoutFilter.doFilter(LogoutFilter.java:110) ~[spring-security-web-7.0.0.jar:7.0.0]
	at org.springframework.security.web.authentication.logout.LogoutFilter.doFilter(LogoutFilter.java:96) ~[spring-security-web-7.0.0.jar:7.0.0]
	at org.springframework.security.web.FilterChainProxy$VirtualFilterChain.doFilter(FilterChainProxy.java:380) ~[spring-security-web-7.0.0.jar:7.0.0]
	at org.springframework.security.web.header.HeaderWriterFilter.doHeadersAfter(HeaderWriterFilter.java:90) ~[spring-security-web-7.0.0.jar:7.0.0]
	at org.springframework.security.web.header.HeaderWriterFilter.doFilterInternal(HeaderWriterFilter.java:75) ~[spring-security-web-7.0.0.jar:7.0.0]
	at org.springframework.web.filter.OncePerRequestFilter.doFilter(OncePerRequestFilter.java:116) ~[spring-web-7.0.1.jar:7.0.1]
	at org.springframework.security.web.FilterChainProxy$VirtualFilterChain.doFilter(FilterChainProxy.java:380) ~[spring-security-web-7.0.0.jar:7.0.0]
	at org.springframework.security.web.context.SecurityContextHolderFilter.doFilter(SecurityContextHolderFilter.java:82) ~[spring-security-web-7.0.0.jar:7.0.0]
	at org.springframework.security.web.context.SecurityContextHolderFilter.doFilter(SecurityContextHolderFilter.java:69) ~[spring-security-web-7.0.0.jar:7.0.0]
	at org.springframework.security.web.FilterChainProxy$VirtualFilterChain.doFilter(FilterChainProxy.java:380) ~[spring-security-web-7.0.0.jar:7.0.0]
	at org.springframework.security.web.context.request.async.WebAsyncManagerIntegrationFilter.doFilterInternal(WebAsyncManagerIntegrationFilter.java:62) ~[spring-security-web-7.0.0.jar:7.0.0]
	at org.springframework.web.filter.OncePerRequestFilter.doFilter(OncePerRequestFilter.java:116) ~[spring-web-7.0.1.jar:7.0.1]
	at org.springframework.security.web.FilterChainProxy$VirtualFilterChain.doFilter(FilterChainProxy.java:380) ~[spring-security-web-7.0.0.jar:7.0.0]
	at org.springframework.security.web.session.DisableEncodeUrlFilter.doFilterInternal(DisableEncodeUrlFilter.java:42) ~[spring-security-web-7.0.0.jar:7.0.0]
	at org.springframework.web.filter.OncePerRequestFilter.doFilter(OncePerRequestFilter.java:116) ~[spring-web-7.0.1.jar:7.0.1]
	at org.springframework.security.web.FilterChainProxy$VirtualFilterChain.doFilter(FilterChainProxy.java:380) ~[spring-security-web-7.0.0.jar:7.0.0]
	at org.springframework.security.web.FilterChainProxy.doFilterInternal(FilterChainProxy.java:237) ~[spring-security-web-7.0.0.jar:7.0.0]
	at org.springframework.security.web.FilterChainProxy.doFilter(FilterChainProxy.java:195) ~[spring-security-web-7.0.0.jar:7.0.0]
	at org.springframework.web.filter.CompositeFilter$VirtualFilterChain.doFilter(CompositeFilter.java:113) ~[spring-web-7.0.1.jar:7.0.1]
	at org.springframework.web.filter.ServletRequestPathFilter.doFilter(ServletRequestPathFilter.java:52) ~[spring-web-7.0.1.jar:7.0.1]
	at org.springframework.web.filter.CompositeFilter$VirtualFilterChain.doFilter(CompositeFilter.java:113) ~[spring-web-7.0.1.jar:7.0.1]
	at org.springframework.web.filter.CompositeFilter.doFilter(CompositeFilter.java:74) ~[spring-web-7.0.1.jar:7.0.1]
	at org.springframework.security.config.annotation.web.configuration.WebSecurityConfiguration$CompositeFilterChainProxy.doFilter(WebSecurityConfiguration.java:317) ~[spring-security-config-7.0.0.jar:7.0.0]
	at org.springframework.web.filter.DelegatingFilterProxy.invokeDelegate(DelegatingFilterProxy.java:355) ~[spring-web-7.0.1.jar:7.0.1]
	at org.springframework.web.filter.DelegatingFilterProxy.doFilter(DelegatingFilterProxy.java:272) ~[spring-web-7.0.1.jar:7.0.1]
	at org.apache.catalina.core.ApplicationFilterChain.doFilter(ApplicationFilterChain.java:107) ~[tomcat-embed-core-11.0.14.jar:11.0.14]
	at org.springframework.web.filter.RequestContextFilter.doFilterInternal(RequestContextFilter.java:100) ~[spring-web-7.0.1.jar:7.0.1]
	at org.springframework.web.filter.OncePerRequestFilter.doFilter(OncePerRequestFilter.java:116) ~[spring-web-7.0.1.jar:7.0.1]
	at org.apache.catalina.core.ApplicationFilterChain.doFilter(ApplicationFilterChain.java:107) ~[tomcat-embed-core-11.0.14.jar:11.0.14]
	at org.springframework.web.filter.FormContentFilter.doFilterInternal(FormContentFilter.java:93) ~[spring-web-7.0.1.jar:7.0.1]
	at org.springframework.web.filter.OncePerRequestFilter.doFilter(OncePerRequestFilter.java:116) ~[spring-web-7.0.1.jar:7.0.1]
	at org.apache.catalina.core.ApplicationFilterChain.doFilter(ApplicationFilterChain.java:107) ~[tomcat-embed-core-11.0.14.jar:11.0.14]
	at org.springframework.web.filter.CharacterEncodingFilter.doFilterInternal(CharacterEncodingFilter.java:199) ~[spring-web-7.0.1.jar:7.0.1]
	at org.springframework.web.filter.OncePerRequestFilter.doFilter(OncePerRequestFilter.java:116) ~[spring-web-7.0.1.jar:7.0.1]
	at org.apache.catalina.core.ApplicationFilterChain.doFilter(ApplicationFilterChain.java:107) ~[tomcat-embed-core-11.0.14.jar:11.0.14]
	at org.apache.catalina.core.StandardWrapperValve.invoke(StandardWrapperValve.java:165) ~[tomcat-embed-core-11.0.14.jar:11.0.14]
	at org.apache.catalina.core.StandardContextValve.invoke(StandardContextValve.java:77) ~[tomcat-embed-core-11.0.14.jar:11.0.14]
	at org.apache.catalina.authenticator.AuthenticatorBase.invoke(AuthenticatorBase.java:482) ~[tomcat-embed-core-11.0.14.jar:11.0.14]
	at org.apache.catalina.core.StandardHostValve.invoke(StandardHostValve.java:113) ~[tomcat-embed-core-11.0.14.jar:11.0.14]
	at org.apache.catalina.valves.ErrorReportValve.invoke(ErrorReportValve.java:83) ~[tomcat-embed-core-11.0.14.jar:11.0.14]
	at org.apache.catalina.core.StandardEngineValve.invoke(StandardEngineValve.java:72) ~[tomcat-embed-core-11.0.14.jar:11.0.14]
	at org.apache.catalina.connector.CoyoteAdapter.service(CoyoteAdapter.java:341) ~[tomcat-embed-core-11.0.14.jar:11.0.14]
	at org.apache.coyote.http11.Http11Processor.service(Http11Processor.java:397) ~[tomcat-embed-core-11.0.14.jar:11.0.14]
	at org.apache.coyote.AbstractProcessorLight.process(AbstractProcessorLight.java:63) ~[tomcat-embed-core-11.0.14.jar:11.0.14]
	at org.apache.coyote.AbstractProtocol$ConnectionHandler.process(AbstractProtocol.java:903) ~[tomcat-embed-core-11.0.14.jar:11.0.14]
	at org.apache.tomcat.util.net.NioEndpoint$SocketProcessor.doRun(NioEndpoint.java:1778) ~[tomcat-embed-core-11.0.14.jar:11.0.14]
	at org.apache.tomcat.util.net.SocketProcessorBase.run(SocketProcessorBase.java:52) ~[tomcat-embed-core-11.0.14.jar:11.0.14]
	at org.apache.tomcat.util.threads.ThreadPoolExecutor.runWorker(ThreadPoolExecutor.java:946) ~[tomcat-embed-core-11.0.14.jar:11.0.14]
	at org.apache.tomcat.util.threads.ThreadPoolExecutor$Worker.run(ThreadPoolExecutor.java:480) ~[tomcat-embed-core-11.0.14.jar:11.0.14]
	at org.apache.tomcat.util.threads.TaskThread$WrappingRunnable.run(TaskThread.java:57) ~[tomcat-embed-core-11.0.14.jar:11.0.14]
	at java.base/java.lang.Thread.run(Thread.java:1583) ~[na:na]

2026-10-01T12:25:21.088+05:30  INFO 19972 --- [Customer] [AsyncResolver-bootstrap-executor-%d] c.n.d.s.r.aws.ConfigClusterResolver      : Resolving eureka endpoints via configuration
2026-10-01T12:25:26.180+05:30  INFO 19972 --- [Customer] [File Watcher] rtingClassPathChangeChangedEventListener : Restarting due to 1 class path change (0 additions, 0 deletions, 1 modification)
2026-10-01T12:25:26.181+05:30  INFO 19972 --- [Customer] [Thread-143] o.s.c.n.e.s.EurekaServiceRegistry        : Unregistering application CUSTOMER with eureka with status DOWN
2026-10-01T12:25:26.182+05:30  INFO 19972 --- [Customer] [Thread-143] com.netflix.discovery.DiscoveryClient    : Saw local status change event StatusChangeEvent [timestamp=1790837726182, current=DOWN, previous=UP]
2026-10-01T12:25:26.182+05:30  INFO 19972 --- [Customer] [DiscoveryClient-InstanceInfoReplicator-%d] com.netflix.discovery.DiscoveryClient    : DiscoveryClient_CUSTOMER/10.207.81.191:Customer:8084: registering service...
2026-10-01T12:25:26.183+05:30  INFO 19972 --- [Customer] [Thread-143] o.s.boot.tomcat.GracefulShutdown         : Commencing graceful shutdown. Waiting for active requests to complete
2026-10-01T12:25:26.190+05:30  INFO 19972 --- [Customer] [tomcat-shutdown] o.s.boot.tomcat.GracefulShutdown         : Graceful shutdown complete
2026-10-01T12:25:26.196+05:30  INFO 19972 --- [Customer] [Thread-143] j.LocalContainerEntityManagerFactoryBean : Closing JPA EntityManagerFactory for persistence unit 'default'
2026-10-01T12:25:26.196+05:30  INFO 19972 --- [Customer] [Thread-143] com.zaxxer.hikari.HikariDataSource       : HikariPool-25 - Shutdown initiated...
2026-10-01T12:25:26.199+05:30  INFO 19972 --- [Customer] [DiscoveryClient-InstanceInfoReplicator-%d] com.netflix.discovery.DiscoveryClient    : DiscoveryClient_CUSTOMER/10.207.81.191:Customer:8084 - registration status: 204
2026-10-01T12:25:26.208+05:30  INFO 19972 --- [Customer] [Thread-143] com.zaxxer.hikari.HikariDataSource       : HikariPool-25 - Shutdown completed.
2026-10-01T12:25:26.209+05:30  INFO 19972 --- [Customer] [Thread-143] com.netflix.discovery.DiscoveryClient    : Shutting down DiscoveryClient ...
2026-10-01T12:25:29.220+05:30  INFO 19972 --- [Customer] [Thread-143] com.netflix.discovery.DiscoveryClient    : Unregistering ...
2026-10-01T12:25:29.238+05:30  INFO 19972 --- [Customer] [Thread-143] com.netflix.discovery.DiscoveryClient    : DiscoveryClient_CUSTOMER/10.207.81.191:Customer:8084 - deregister  status: 200
2026-10-01T12:25:29.238+05:30  INFO 19972 --- [Customer] [Thread-143] com.netflix.discovery.DiscoveryClient    : Completed shut down of DiscoveryClient
2026-10-01T12:25:29.346+05:30  INFO 19972 --- [Customer] [restartedMain] com.cg.customer.CustomerApplication      : Starting CustomerApplication using Java 21.0.7 with PID 19972 (C:\Users\bmanikch\Documents\workspace-spring-tools-for-eclipse-5.0.1.RELEASE\Customer\target\classes started by bmanikch in C:\Users\bmanikch\Documents\workspace-spring-tools-for-eclipse-5.0.1.RELEASE\Customer)
2026-10-01T12:25:29.347+05:30  INFO 19972 --- [Customer] [restartedMain] com.cg.customer.CustomerApplication      : No active profile set, falling back to 1 default profile: "default"
2026-10-01T12:25:29.810+05:30  INFO 19972 --- [Customer] [restartedMain] .s.d.r.c.RepositoryConfigurationDelegate : Bootstrapping Spring Data JPA repositories in DEFAULT mode.
2026-10-01T12:25:29.826+05:30  INFO 19972 --- [Customer] [restartedMain] .s.d.r.c.RepositoryConfigurationDelegate : Finished Spring Data repository scanning in 12 ms. Found 1 JPA repository interface.
2026-10-01T12:25:29.930+05:30  INFO 19972 --- [Customer] [restartedMain] o.s.cloud.context.scope.GenericScope     : BeanFactory id=0a180c12-f20d-3817-a31a-bb347817188d
2026-10-01T12:25:30.235+05:30  INFO 19972 --- [Customer] [restartedMain] o.s.boot.tomcat.TomcatWebServer          : Tomcat initialized with port 8084 (http)
2026-10-01T12:25:30.236+05:30  INFO 19972 --- [Customer] [restartedMain] o.apache.catalina.core.StandardService   : Starting service [Tomcat]
2026-10-01T12:25:30.237+05:30  INFO 19972 --- [Customer] [restartedMain] o.apache.catalina.core.StandardEngine    : Starting Servlet engine: [Apache Tomcat/11.0.14]
2026-10-01T12:25:30.324+05:30  INFO 19972 --- [Customer] [restartedMain] b.w.c.s.WebApplicationContextInitializer : Root WebApplicationContext: initialization completed in 975 ms
2026-10-01T12:25:30.553+05:30  INFO 19972 --- [Customer] [restartedMain] o.hibernate.jpa.internal.util.LogHelper  : HHH000204: Processing PersistenceUnitInfo [name: default]
2026-10-01T12:25:30.598+05:30  INFO 19972 --- [Customer] [restartedMain] o.s.o.j.p.SpringPersistenceUnitInfo      : No LoadTimeWeaver setup: ignoring JPA class transformer
2026-10-01T12:25:30.599+05:30  INFO 19972 --- [Customer] [restartedMain] com.zaxxer.hikari.HikariDataSource       : HikariPool-26 - Starting...
2026-10-01T12:25:30.716+05:30  INFO 19972 --- [Customer] [restartedMain] com.zaxxer.hikari.pool.HikariPool        : HikariPool-26 - Added connection org.postgresql.jdbc.PgConnection@5556630e
2026-10-01T12:25:30.717+05:30  INFO 19972 --- [Customer] [restartedMain] com.zaxxer.hikari.HikariDataSource       : HikariPool-26 - Start completed.
2026-10-01T12:25:30.722+05:30  WARN 19972 --- [Customer] [restartedMain] org.hibernate.orm.deprecation            : HHH90000025: PostgreSQLDialect does not need to be specified explicitly using 'hibernate.dialect' (remove the property setting and it will be selected by default)
2026-10-01T12:25:30.730+05:30  INFO 19972 --- [Customer] [restartedMain] org.hibernate.orm.connections.pooling    : HHH10001005: Database info:
	Database JDBC URL [jdbc:postgresql://localhost:5432/CUSTOMER]
	Database driver: PostgreSQL JDBC Driver
	Database dialect: PostgreSQLDialect
	Database version: 17.5
	Default catalog/schema: CUSTOMER/public
	Autocommit mode: undefined/unknown
	Isolation level: READ_COMMITTED [default READ_COMMITTED]
	JDBC fetch size: none
	Pool: DatasourceConnectionProviderImpl
	Minimum pool size: undefined/unknown
	Maximum pool size: undefined/unknown
2026-10-01T12:25:30.774+05:30  INFO 19972 --- [Customer] [restartedMain] o.h.e.t.j.p.i.JtaPlatformInitiator       : HHH000489: No JTA platform available (set 'hibernate.transaction.jta.platform' to enable JTA platform integration)
2026-10-01T12:25:30.793+05:30  INFO 19972 --- [Customer] [restartedMain] j.LocalContainerEntityManagerFactoryBean : Initialized JPA EntityManagerFactory for persistence unit 'default'
2026-10-01T12:25:31.029+05:30  WARN 19972 --- [Customer] [restartedMain] JpaBaseConfiguration$JpaWebConfiguration : spring.jpa.open-in-view is enabled by default. Therefore, database queries may be performed during view rendering. Explicitly configure spring.jpa.open-in-view to disable this warning
2026-10-01T12:25:31.233+05:30  INFO 19972 --- [Customer] [restartedMain] o.s.c.openfeign.FeignClientFactoryBean   : For 'BANKACCOUNT' URL not provided. Will try picking an instance via load-balancing.
2026-10-01T12:25:31.852+05:30  WARN 19972 --- [Customer] [restartedMain] .s.a.UserDetailsServiceAutoConfiguration : 

Using generated security password: e9d2315b-fb33-4fcb-99c1-8c05fc9d94ed

This generated password is for development use only. Your security configuration must be updated before running your application in production.

2026-10-01T12:25:31.867+05:30  INFO 19972 --- [Customer] [restartedMain] r$InitializeUserDetailsManagerConfigurer : Global AuthenticationManager configured with UserDetailsService bean with name inMemoryUserDetailsManager
2026-10-01T12:25:33.413+05:30  INFO 19972 --- [Customer] [restartedMain] DiscoveryClientOptionalArgsConfiguration : Eureka HTTP Client uses RestClient.
2026-10-01T12:25:33.510+05:30  WARN 19972 --- [Customer] [restartedMain] iguration$LoadBalancerCaffeineWarnLogger : Spring Cloud LoadBalancer is currently working with the default cache. While this cache implementation is useful for development and tests, it's recommended to use Caffeine cache in production.You can switch to using Caffeine cache, by adding it and org.springframework.cache.caffeine.CaffeineCacheManager to the classpath.
2026-10-01T12:25:33.560+05:30  INFO 19972 --- [Customer] [restartedMain] o.s.c.n.eureka.InstanceInfoFactory       : Setting initial instance status as: STARTING
2026-10-01T12:25:33.565+05:30  INFO 19972 --- [Customer] [restartedMain] com.netflix.discovery.DiscoveryClient    : Initializing Eureka in region us-east-1
2026-10-01T12:25:33.565+05:30  INFO 19972 --- [Customer] [restartedMain] c.n.d.s.r.aws.ConfigClusterResolver      : Resolving eureka endpoints via configuration
2026-10-01T12:25:33.565+05:30  INFO 19972 --- [Customer] [restartedMain] com.netflix.discovery.DiscoveryClient    : Disable delta property : false
2026-10-01T12:25:33.565+05:30  INFO 19972 --- [Customer] [restartedMain] com.netflix.discovery.DiscoveryClient    : Single vip registry refresh property : null
2026-10-01T12:25:33.565+05:30  INFO 19972 --- [Customer] [restartedMain] com.netflix.discovery.DiscoveryClient    : Force full registry fetch : false
2026-10-01T12:25:33.565+05:30  INFO 19972 --- [Customer] [restartedMain] com.netflix.discovery.DiscoveryClient    : Application is null : false
2026-10-01T12:25:33.565+05:30  INFO 19972 --- [Customer] [restartedMain] com.netflix.discovery.DiscoveryClient    : Registered Applications size is zero : true
2026-10-01T12:25:33.565+05:30  INFO 19972 --- [Customer] [restartedMain] com.netflix.discovery.DiscoveryClient    : Application version is -1: true
2026-10-01T12:25:33.565+05:30  INFO 19972 --- [Customer] [restartedMain] com.netflix.discovery.DiscoveryClient    : Getting all instance registry info from the eureka server
2026-10-01T12:25:33.596+05:30  INFO 19972 --- [Customer] [restartedMain] com.netflix.discovery.DiscoveryClient    : The response status is 200
2026-10-01T12:25:33.596+05:30  INFO 19972 --- [Customer] [restartedMain] com.netflix.discovery.DiscoveryClient    : Starting heartbeat executor: renew interval is: 30
2026-10-01T12:25:33.597+05:30  INFO 19972 --- [Customer] [restartedMain] c.n.discovery.InstanceInfoReplicator     : InstanceInfoReplicator onDemand update allowed rate per min is 4
2026-10-01T12:25:33.597+05:30  INFO 19972 --- [Customer] [restartedMain] com.netflix.discovery.DiscoveryClient    : Discovery Client initialized at timestamp 1790837733597 with initial instances count: 5
2026-10-01T12:25:33.615+05:30  INFO 19972 --- [Customer] [restartedMain] o.s.c.n.e.s.EurekaServiceRegistry        : Registering application CUSTOMER with eureka with status UP
2026-10-01T12:25:33.615+05:30  INFO 19972 --- [Customer] [restartedMain] com.netflix.discovery.DiscoveryClient    : Saw local status change event StatusChangeEvent [timestamp=1790837733615, current=UP, previous=STARTING]
2026-10-01T12:25:33.615+05:30  INFO 19972 --- [Customer] [DiscoveryClient-InstanceInfoReplicator-%d] com.netflix.discovery.DiscoveryClient    : DiscoveryClient_CUSTOMER/10.207.81.191:Customer:8084: registering service...
2026-10-01T12:25:33.622+05:30  INFO 19972 --- [Customer] [restartedMain] o.s.boot.tomcat.TomcatWebServer          : Tomcat started on port 8084 (http) with context path '/'
2026-10-01T12:25:33.622+05:30  INFO 19972 --- [Customer] [restartedMain] .s.c.n.e.s.EurekaAutoServiceRegistration : Updating port to 8084
2026-10-01T12:25:33.626+05:30  INFO 19972 --- [Customer] [DiscoveryClient-InstanceInfoReplicator-%d] com.netflix.discovery.DiscoveryClient    : DiscoveryClient_CUSTOMER/10.207.81.191:Customer:8084 - registration status: 204
2026-10-01T12:25:33.635+05:30  INFO 19972 --- [Customer] [restartedMain] com.cg.customer.CustomerApplication      : Started CustomerApplication in 4.331 seconds (process running for 83169.867)
2026-10-01T12:25:33.637+05:30  WARN 19972 --- [Customer] [restartedMain] o.s.core.events.SpringDocAppInitializer  : SpringDoc /v3/api-docs endpoint is enabled by default. To disable it in production, set the property 'springdoc.api-docs.enabled=false'
2026-10-01T12:25:33.637+05:30  WARN 19972 --- [Customer] [restartedMain] o.s.core.events.SpringDocAppInitializer  : SpringDoc /swagger-ui.html endpoint is enabled by default. To disable it in production, set the property 'springdoc.swagger-ui.enabled=false'
2026-10-01T12:25:33.639+05:30  INFO 19972 --- [Customer] [restartedMain] .ConditionEvaluationDeltaLoggingListener : Condition evaluation unchanged
2026-10-01T12:25:45.826+05:30  INFO 19972 --- [Customer] [File Watcher] rtingClassPathChangeChangedEventListener : Restarting due to 1 class path change (0 additions, 0 deletions, 1 modification)
2026-10-01T12:25:45.828+05:30  INFO 19972 --- [Customer] [Thread-149] o.s.c.n.e.s.EurekaServiceRegistry        : Unregistering application CUSTOMER with eureka with status DOWN
2026-10-01T12:25:45.828+05:30  INFO 19972 --- [Customer] [Thread-149] com.netflix.discovery.DiscoveryClient    : Saw local status change event StatusChangeEvent [timestamp=1790837745828, current=DOWN, previous=UP]
2026-10-01T12:25:45.829+05:30  INFO 19972 --- [Customer] [DiscoveryClient-InstanceInfoReplicator-%d] com.netflix.discovery.DiscoveryClient    : DiscoveryClient_CUSTOMER/10.207.81.191:Customer:8084: registering service...
2026-10-01T12:25:45.830+05:30  INFO 19972 --- [Customer] [Thread-149] o.s.boot.tomcat.GracefulShutdown         : Commencing graceful shutdown. Waiting for active requests to complete
2026-10-01T12:25:45.837+05:30  INFO 19972 --- [Customer] [tomcat-shutdown] o.s.boot.tomcat.GracefulShutdown         : Graceful shutdown complete
2026-10-01T12:25:45.842+05:30  INFO 19972 --- [Customer] [Thread-149] j.LocalContainerEntityManagerFactoryBean : Closing JPA EntityManagerFactory for persistence unit 'default'
2026-10-01T12:25:45.843+05:30  INFO 19972 --- [Customer] [Thread-149] com.zaxxer.hikari.HikariDataSource       : HikariPool-26 - Shutdown initiated...
2026-10-01T12:25:45.854+05:30  INFO 19972 --- [Customer] [Thread-149] com.zaxxer.hikari.HikariDataSource       : HikariPool-26 - Shutdown completed.
2026-10-01T12:25:45.855+05:30  INFO 19972 --- [Customer] [Thread-149] com.netflix.discovery.DiscoveryClient    : Shutting down DiscoveryClient ...
2026-10-01T12:25:45.868+05:30  INFO 19972 --- [Customer] [DiscoveryClient-InstanceInfoReplicator-%d] com.netflix.discovery.DiscoveryClient    : DiscoveryClient_CUSTOMER/10.207.81.191:Customer:8084 - registration status: 204
2026-10-01T12:25:45.876+05:30  INFO 19972 --- [Customer] [Thread-149] com.netflix.discovery.DiscoveryClient    : Unregistering ...
2026-10-01T12:25:45.878+05:30  INFO 19972 --- [Customer] [Thread-149] com.netflix.discovery.DiscoveryClient    : DiscoveryClient_CUSTOMER/10.207.81.191:Customer:8084 - deregister  status: 200
2026-10-01T12:25:45.878+05:30  INFO 19972 --- [Customer] [Thread-149] com.netflix.discovery.DiscoveryClient    : Completed shut down of DiscoveryClient
2026-10-01T12:25:45.983+05:30  INFO 19972 --- [Customer] [restartedMain] com.cg.customer.CustomerApplication      : Starting CustomerApplication using Java 21.0.7 with PID 19972 (C:\Users\bmanikch\Documents\workspace-spring-tools-for-eclipse-5.0.1.RELEASE\Customer\target\classes started by bmanikch in C:\Users\bmanikch\Documents\workspace-spring-tools-for-eclipse-5.0.1.RELEASE\Customer)
2026-10-01T12:25:45.984+05:30  INFO 19972 --- [Customer] [restartedMain] com.cg.customer.CustomerApplication      : No active profile set, falling back to 1 default profile: "default"
2026-10-01T12:25:46.420+05:30  INFO 19972 --- [Customer] [restartedMain] .s.d.r.c.RepositoryConfigurationDelegate : Bootstrapping Spring Data JPA repositories in DEFAULT mode.
2026-10-01T12:25:46.433+05:30  INFO 19972 --- [Customer] [restartedMain] .s.d.r.c.RepositoryConfigurationDelegate : Finished Spring Data repository scanning in 10 ms. Found 1 JPA repository interface.
2026-10-01T12:25:46.552+05:30  INFO 19972 --- [Customer] [restartedMain] o.s.cloud.context.scope.GenericScope     : BeanFactory id=0a180c12-f20d-3817-a31a-bb347817188d
2026-10-01T12:25:46.802+05:30  INFO 19972 --- [Customer] [restartedMain] o.s.boot.tomcat.TomcatWebServer          : Tomcat initialized with port 8084 (http)
2026-10-01T12:25:46.803+05:30  INFO 19972 --- [Customer] [restartedMain] o.apache.catalina.core.StandardService   : Starting service [Tomcat]
2026-10-01T12:25:46.803+05:30  INFO 19972 --- [Customer] [restartedMain] o.apache.catalina.core.StandardEngine    : Starting Servlet engine: [Apache Tomcat/11.0.14]
2026-10-01T12:25:46.885+05:30  INFO 19972 --- [Customer] [restartedMain] b.w.c.s.WebApplicationContextInitializer : Root WebApplicationContext: initialization completed in 899 ms
2026-10-01T12:25:47.088+05:30  INFO 19972 --- [Customer] [restartedMain] o.hibernate.jpa.internal.util.LogHelper  : HHH000204: Processing PersistenceUnitInfo [name: default]
2026-10-01T12:25:47.126+05:30  INFO 19972 --- [Customer] [restartedMain] o.s.o.j.p.SpringPersistenceUnitInfo      : No LoadTimeWeaver setup: ignoring JPA class transformer
2026-10-01T12:25:47.128+05:30  INFO 19972 --- [Customer] [restartedMain] com.zaxxer.hikari.HikariDataSource       : HikariPool-27 - Starting...
2026-10-01T12:25:47.247+05:30  INFO 19972 --- [Customer] [restartedMain] com.zaxxer.hikari.pool.HikariPool        : HikariPool-27 - Added connection org.postgresql.jdbc.PgConnection@7cff709b
2026-10-01T12:25:47.248+05:30  INFO 19972 --- [Customer] [restartedMain] com.zaxxer.hikari.HikariDataSource       : HikariPool-27 - Start completed.
2026-10-01T12:25:47.254+05:30  WARN 19972 --- [Customer] [restartedMain] org.hibernate.orm.deprecation            : HHH90000025: PostgreSQLDialect does not need to be specified explicitly using 'hibernate.dialect' (remove the property setting and it will be selected by default)
2026-10-01T12:25:47.263+05:30  INFO 19972 --- [Customer] [restartedMain] org.hibernate.orm.connections.pooling    : HHH10001005: Database info:
	Database JDBC URL [jdbc:postgresql://localhost:5432/CUSTOMER]
	Database driver: PostgreSQL JDBC Driver
	Database dialect: PostgreSQLDialect
	Database version: 17.5
	Default catalog/schema: CUSTOMER/public
	Autocommit mode: undefined/unknown
	Isolation level: READ_COMMITTED [default READ_COMMITTED]
	JDBC fetch size: none
	Pool: DatasourceConnectionProviderImpl
	Minimum pool size: undefined/unknown
	Maximum pool size: undefined/unknown
2026-10-01T12:25:47.304+05:30  INFO 19972 --- [Customer] [restartedMain] o.h.e.t.j.p.i.JtaPlatformInitiator       : HHH000489: No JTA platform available (set 'hibernate.transaction.jta.platform' to enable JTA platform integration)
2026-10-01T12:25:47.321+05:30  INFO 19972 --- [Customer] [restartedMain] j.LocalContainerEntityManagerFactoryBean : Initialized JPA EntityManagerFactory for persistence unit 'default'
2026-10-01T12:25:47.571+05:30  WARN 19972 --- [Customer] [restartedMain] JpaBaseConfiguration$JpaWebConfiguration : spring.jpa.open-in-view is enabled by default. Therefore, database queries may be performed during view rendering. Explicitly configure spring.jpa.open-in-view to disable this warning
2026-10-01T12:25:47.776+05:30  INFO 19972 --- [Customer] [restartedMain] o.s.c.openfeign.FeignClientFactoryBean   : For 'BANKACCOUNT' URL not provided. Will try picking an instance via load-balancing.
2026-10-01T12:25:48.399+05:30  WARN 19972 --- [Customer] [restartedMain] .s.a.UserDetailsServiceAutoConfiguration : 

Using generated security password: 517bb6a1-bc3f-47df-b98d-f17259e54f88

This generated password is for development use only. Your security configuration must be updated before running your application in production.

2026-10-01T12:25:48.405+05:30  INFO 19972 --- [Customer] [restartedMain] r$InitializeUserDetailsManagerConfigurer : Global AuthenticationManager configured with UserDetailsService bean with name inMemoryUserDetailsManager
2026-10-01T12:25:49.945+05:30  INFO 19972 --- [Customer] [restartedMain] DiscoveryClientOptionalArgsConfiguration : Eureka HTTP Client uses RestClient.
2026-10-01T12:25:50.052+05:30  WARN 19972 --- [Customer] [restartedMain] iguration$LoadBalancerCaffeineWarnLogger : Spring Cloud LoadBalancer is currently working with the default cache. While this cache implementation is useful for development and tests, it's recommended to use Caffeine cache in production.You can switch to using Caffeine cache, by adding it and org.springframework.cache.caffeine.CaffeineCacheManager to the classpath.
2026-10-01T12:25:50.102+05:30  INFO 19972 --- [Customer] [restartedMain] o.s.c.n.eureka.InstanceInfoFactory       : Setting initial instance status as: STARTING
2026-10-01T12:25:50.109+05:30  INFO 19972 --- [Customer] [restartedMain] com.netflix.discovery.DiscoveryClient    : Initializing Eureka in region us-east-1
2026-10-01T12:25:50.109+05:30  INFO 19972 --- [Customer] [restartedMain] c.n.d.s.r.aws.ConfigClusterResolver      : Resolving eureka endpoints via configuration
2026-10-01T12:25:50.109+05:30  INFO 19972 --- [Customer] [restartedMain] com.netflix.discovery.DiscoveryClient    : Disable delta property : false
2026-10-01T12:25:50.109+05:30  INFO 19972 --- [Customer] [restartedMain] com.netflix.discovery.DiscoveryClient    : Single vip registry refresh property : null
2026-10-01T12:25:50.109+05:30  INFO 19972 --- [Customer] [restartedMain] com.netflix.discovery.DiscoveryClient    : Force full registry fetch : false
2026-10-01T12:25:50.109+05:30  INFO 19972 --- [Customer] [restartedMain] com.netflix.discovery.DiscoveryClient    : Application is null : false
2026-10-01T12:25:50.110+05:30  INFO 19972 --- [Customer] [restartedMain] com.netflix.discovery.DiscoveryClient    : Registered Applications size is zero : true
2026-10-01T12:25:50.110+05:30  INFO 19972 --- [Customer] [restartedMain] com.netflix.discovery.DiscoveryClient    : Application version is -1: true
2026-10-01T12:25:50.110+05:30  INFO 19972 --- [Customer] [restartedMain] com.netflix.discovery.DiscoveryClient    : Getting all instance registry info from the eureka server
2026-10-01T12:25:50.130+05:30  INFO 19972 --- [Customer] [restartedMain] com.netflix.discovery.DiscoveryClient    : The response status is 200
2026-10-01T12:25:50.131+05:30  INFO 19972 --- [Customer] [restartedMain] com.netflix.discovery.DiscoveryClient    : Starting heartbeat executor: renew interval is: 30
2026-10-01T12:25:50.131+05:30  INFO 19972 --- [Customer] [restartedMain] c.n.discovery.InstanceInfoReplicator     : InstanceInfoReplicator onDemand update allowed rate per min is 4
2026-10-01T12:25:50.132+05:30  INFO 19972 --- [Customer] [restartedMain] com.netflix.discovery.DiscoveryClient    : Discovery Client initialized at timestamp 1790837750131 with initial instances count: 5
2026-10-01T12:25:50.150+05:30  INFO 19972 --- [Customer] [restartedMain] o.s.c.n.e.s.EurekaServiceRegistry        : Registering application CUSTOMER with eureka with status UP
2026-10-01T12:25:50.150+05:30  INFO 19972 --- [Customer] [restartedMain] com.netflix.discovery.DiscoveryClient    : Saw local status change event StatusChangeEvent [timestamp=1790837750150, current=UP, previous=STARTING]
2026-10-01T12:25:50.151+05:30  INFO 19972 --- [Customer] [DiscoveryClient-InstanceInfoReplicator-%d] com.netflix.discovery.DiscoveryClient    : DiscoveryClient_CUSTOMER/10.207.81.191:Customer:8084: registering service...
2026-10-01T12:25:50.160+05:30  INFO 19972 --- [Customer] [restartedMain] o.s.boot.tomcat.TomcatWebServer          : Tomcat started on port 8084 (http) with context path '/'
2026-10-01T12:25:50.161+05:30  INFO 19972 --- [Customer] [restartedMain] .s.c.n.e.s.EurekaAutoServiceRegistration : Updating port to 8084
2026-10-01T12:25:50.162+05:30  INFO 19972 --- [Customer] [DiscoveryClient-InstanceInfoReplicator-%d] com.netflix.discovery.DiscoveryClient    : DiscoveryClient_CUSTOMER/10.207.81.191:Customer:8084 - registration status: 204
2026-10-01T12:25:50.170+05:30  INFO 19972 --- [Customer] [restartedMain] com.cg.customer.CustomerApplication      : Started CustomerApplication in 4.226 seconds (process running for 83186.402)
2026-10-01T12:25:50.172+05:30  WARN 19972 --- [Customer] [restartedMain] o.s.core.events.SpringDocAppInitializer  : SpringDoc /v3/api-docs endpoint is enabled by default. To disable it in production, set the property 'springdoc.api-docs.enabled=false'
2026-10-01T12:25:50.172+05:30  WARN 19972 --- [Customer] [restartedMain] o.s.core.events.SpringDocAppInitializer  : SpringDoc /swagger-ui.html endpoint is enabled by default. To disable it in production, set the property 'springdoc.swagger-ui.enabled=false'
2026-10-01T12:25:50.173+05:30  INFO 19972 --- [Customer] [restartedMain] .ConditionEvaluationDeltaLoggingListener : Condition evaluation unchanged
2026-10-01T12:25:55.162+05:30  INFO 19972 --- [Customer] [http-nio-8084-exec-1] o.a.c.c.C.[Tomcat-1].[localhost].[/]     : Initializing Spring DispatcherServlet 'dispatcherServlet'
2026-10-01T12:25:55.162+05:30  INFO 19972 --- [Customer] [http-nio-8084-exec-1] o.s.web.servlet.DispatcherServlet        : Initializing Servlet 'dispatcherServlet'
2026-10-01T12:25:55.166+05:30  INFO 19972 --- [Customer] [http-nio-8084-exec-1] o.s.web.servlet.DispatcherServlet        : Completed initialization in 4 ms
2026-10-01T12:25:55.180+05:30  INFO 19972 --- [Customer] [http-nio-8084-exec-1] c.c.c.controller.CustomerController      : -----CusomerMicro----Controller getById method called--------
2026-10-01T12:25:55.229+05:30  INFO 19972 --- [Customer] [http-nio-8084-exec-1] c.c.c.serviceImpl.CustomerServiceImpl    : --CusomerMicro--Service getById  called with bank found----------
2026-10-01T12:26:05.415+05:30  INFO 19972 --- [Customer] [http-nio-8084-exec-2] c.c.c.controller.CustomerController      : -----CusomerMicro----Controller getById method called--------
2026-10-01T12:26:05.431+05:30  INFO 19972 --- [Customer] [http-nio-8084-exec-2] c.c.c.serviceImpl.CustomerServiceImpl    : --CusomerMicro--Service getById  called with bank found----------
2026-10-01T12:26:26.452+05:30  INFO 19972 --- [Customer] [http-nio-8084-exec-3] c.c.c.controller.CustomerController      : -----CusomerMicro----Controller getById method called--------
2026-10-01T12:26:28.483+05:30 ERROR 19972 --- [Customer] [http-nio-8084-exec-3] o.a.c.c.C.[.[.[/].[dispatcherServlet]    : Servlet.service() for servlet [dispatcherServlet] in context with path [] threw exception [Request processing failed: feign.RetryableException: Connection refused: getsockopt executing GET http://BANKACCOUNT/v1/account/customer/1] with root cause

java.net.ConnectException: Connection refused: getsockopt
	at java.base/sun.nio.ch.Net.pollConnect(Native Method) ~[na:na]
	at java.base/sun.nio.ch.Net.pollConnectNow(Net.java:682) ~[na:na]
	at java.base/sun.nio.ch.NioSocketImpl.timedFinishConnect(NioSocketImpl.java:549) ~[na:na]
	at java.base/sun.nio.ch.NioSocketImpl.connect(NioSocketImpl.java:592) ~[na:na]
	at java.base/java.net.Socket.connect(Socket.java:751) ~[na:na]
	at java.base/sun.net.NetworkClient.doConnect(NetworkClient.java:178) ~[na:na]
	at java.base/sun.net.www.http.HttpClient.openServer(HttpClient.java:531) ~[na:na]
	at java.base/sun.net.www.http.HttpClient.openServer(HttpClient.java:636) ~[na:na]
	at java.base/sun.net.www.http.HttpClient.parseHTTP(HttpClient.java:782) ~[na:na]
	at java.base/sun.net.www.protocol.http.HttpURLConnection.getInputStream0(HttpURLConnection.java:1705) ~[na:na]
	at java.base/sun.net.www.protocol.http.HttpURLConnection.getInputStream(HttpURLConnection.java:1614) ~[na:na]
	at java.base/java.net.HttpURLConnection.getResponseCode(HttpURLConnection.java:531) ~[na:na]
	at feign.Client$Default.convertResponse(Client.java:114) ~[feign-core-13.6.1.jar:na]
	at feign.Client$Default.execute(Client.java:110) ~[feign-core-13.6.1.jar:na]
	at org.springframework.cloud.openfeign.loadbalancer.LoadBalancerUtils.executeWithLoadBalancerLifecycleProcessing(LoadBalancerUtils.java:56) ~[spring-cloud-openfeign-core-5.0.3.jar:5.0.3]
	at org.springframework.cloud.openfeign.loadbalancer.LoadBalancerUtils.executeWithLoadBalancerLifecycleProcessing(LoadBalancerUtils.java:91) ~[spring-cloud-openfeign-core-5.0.3.jar:5.0.3]
	at org.springframework.cloud.openfeign.loadbalancer.FeignBlockingLoadBalancerClient.execute(FeignBlockingLoadBalancerClient.java:110) ~[spring-cloud-openfeign-core-5.0.3.jar:5.0.3]
	at feign.SynchronousMethodHandler.executeAndDecode(SynchronousMethodHandler.java:92) ~[feign-core-13.6.1.jar:na]
	at feign.SynchronousMethodHandler.invoke(SynchronousMethodHandler.java:53) ~[feign-core-13.6.1.jar:na]
	at feign.ReflectiveFeign$FeignInvocationHandler.invoke(ReflectiveFeign.java:104) ~[feign-core-13.6.1.jar:na]
	at jdk.proxy30/jdk.proxy30.$Proxy331.getBankByCustomerId(Unknown Source) ~[na:na]
	at com.cg.customer.serviceImpl.CustomerServiceImpl.getCustomerById(CustomerServiceImpl.java:99) ~[classes/:na]
	at java.base/jdk.internal.reflect.DirectMethodHandleAccessor.invoke(DirectMethodHandleAccessor.java:103) ~[na:na]
	at java.base/java.lang.reflect.Method.invoke(Method.java:580) ~[na:na]
	at org.springframework.aop.support.AopUtils.invokeJoinpointUsingReflection(AopUtils.java:359) ~[spring-aop-7.0.1.jar:7.0.1]
	at org.springframework.aop.framework.ReflectiveMethodInvocation.invokeJoinpoint(ReflectiveMethodInvocation.java:190) ~[spring-aop-7.0.1.jar:7.0.1]
	at org.springframework.aop.framework.ReflectiveMethodInvocation.proceed(ReflectiveMethodInvocation.java:158) ~[spring-aop-7.0.1.jar:7.0.1]
	at org.springframework.aop.interceptor.ExposeInvocationInterceptor.invoke(ExposeInvocationInterceptor.java:96) ~[spring-aop-7.0.1.jar:7.0.1]
	at org.springframework.aop.framework.ReflectiveMethodInvocation.proceed(ReflectiveMethodInvocation.java:179) ~[spring-aop-7.0.1.jar:7.0.1]
	at org.springframework.aop.framework.CglibAopProxy$DynamicAdvisedInterceptor.intercept(CglibAopProxy.java:719) ~[spring-aop-7.0.1.jar:7.0.1]
	at com.cg.customer.serviceImpl.CustomerServiceImpl$$SpringCGLIB$$0.getCustomerById(<generated>) ~[classes/:na]
	at com.cg.customer.controller.CustomerController.getById(CustomerController.java:66) ~[classes/:na]
	at java.base/jdk.internal.reflect.DirectMethodHandleAccessor.invoke(DirectMethodHandleAccessor.java:103) ~[na:na]
	at java.base/java.lang.reflect.Method.invoke(Method.java:580) ~[na:na]
	at org.springframework.web.method.support.InvocableHandlerMethod.doInvoke(InvocableHandlerMethod.java:258) ~[spring-web-7.0.1.jar:7.0.1]
	at org.springframework.web.method.support.InvocableHandlerMethod.invokeForRequest(InvocableHandlerMethod.java:190) ~[spring-web-7.0.1.jar:7.0.1]
	at org.springframework.web.servlet.mvc.method.annotation.ServletInvocableHandlerMethod.invokeAndHandle(ServletInvocableHandlerMethod.java:117) ~[spring-webmvc-7.0.1.jar:7.0.1]
	at org.springframework.web.servlet.mvc.method.annotation.RequestMappingHandlerAdapter.invokeHandlerMethod(RequestMappingHandlerAdapter.java:934) ~[spring-webmvc-7.0.1.jar:7.0.1]
	at org.springframework.web.servlet.mvc.method.annotation.RequestMappingHandlerAdapter.handleInternal(RequestMappingHandlerAdapter.java:853) ~[spring-webmvc-7.0.1.jar:7.0.1]
	at org.springframework.web.servlet.mvc.method.AbstractHandlerMethodAdapter.handle(AbstractHandlerMethodAdapter.java:86) ~[spring-webmvc-7.0.1.jar:7.0.1]
	at org.springframework.web.servlet.DispatcherServlet.doDispatch(DispatcherServlet.java:963) ~[spring-webmvc-7.0.1.jar:7.0.1]
	at org.springframework.web.servlet.DispatcherServlet.doService(DispatcherServlet.java:866) ~[spring-webmvc-7.0.1.jar:7.0.1]
	at org.springframework.web.servlet.FrameworkServlet.processRequest(FrameworkServlet.java:1003) ~[spring-webmvc-7.0.1.jar:7.0.1]
	at org.springframework.web.servlet.FrameworkServlet.doGet(FrameworkServlet.java:892) ~[spring-webmvc-7.0.1.jar:7.0.1]
	at jakarta.servlet.http.HttpServlet.service(HttpServlet.java:622) ~[tomcat-embed-core-11.0.14.jar:6.1]
	at org.springframework.web.servlet.FrameworkServlet.service(FrameworkServlet.java:874) ~[spring-webmvc-7.0.1.jar:7.0.1]
	at jakarta.servlet.http.HttpServlet.service(HttpServlet.java:710) ~[tomcat-embed-core-11.0.14.jar:6.1]
	at org.apache.catalina.core.ApplicationFilterChain.doFilter(ApplicationFilterChain.java:128) ~[tomcat-embed-core-11.0.14.jar:11.0.14]
	at org.apache.tomcat.websocket.server.WsFilter.doFilter(WsFilter.java:53) ~[tomcat-embed-websocket-11.0.14.jar:11.0.14]
	at org.apache.catalina.core.ApplicationFilterChain.doFilter(ApplicationFilterChain.java:107) ~[tomcat-embed-core-11.0.14.jar:11.0.14]
	at org.springframework.web.filter.OncePerRequestFilter.doFilter(OncePerRequestFilter.java:110) ~[spring-web-7.0.1.jar:7.0.1]
	at org.apache.catalina.core.ApplicationFilterChain.doFilter(ApplicationFilterChain.java:107) ~[tomcat-embed-core-11.0.14.jar:11.0.14]
	at org.springframework.web.filter.CompositeFilter$VirtualFilterChain.doFilter(CompositeFilter.java:108) ~[spring-web-7.0.1.jar:7.0.1]
	at org.springframework.security.web.FilterChainProxy.lambda$doFilterInternal$3(FilterChainProxy.java:235) ~[spring-security-web-7.0.0.jar:7.0.0]
	at org.springframework.security.web.FilterChainProxy$VirtualFilterChain.doFilter(FilterChainProxy.java:371) ~[spring-security-web-7.0.0.jar:7.0.0]
	at org.springframework.security.web.access.intercept.AuthorizationFilter.doFilter(AuthorizationFilter.java:101) ~[spring-security-web-7.0.0.jar:7.0.0]
	at org.springframework.security.web.FilterChainProxy$VirtualFilterChain.doFilter(FilterChainProxy.java:380) ~[spring-security-web-7.0.0.jar:7.0.0]
	at org.springframework.security.web.access.ExceptionTranslationFilter.doFilter(ExceptionTranslationFilter.java:126) ~[spring-security-web-7.0.0.jar:7.0.0]
	at org.springframework.security.web.access.ExceptionTranslationFilter.doFilter(ExceptionTranslationFilter.java:120) ~[spring-security-web-7.0.0.jar:7.0.0]
	at org.springframework.security.web.FilterChainProxy$VirtualFilterChain.doFilter(FilterChainProxy.java:380) ~[spring-security-web-7.0.0.jar:7.0.0]
	at org.springframework.security.web.session.SessionManagementFilter.doFilter(SessionManagementFilter.java:132) ~[spring-security-web-7.0.0.jar:7.0.0]
	at org.springframework.security.web.session.SessionManagementFilter.doFilter(SessionManagementFilter.java:86) ~[spring-security-web-7.0.0.jar:7.0.0]
	at org.springframework.security.web.FilterChainProxy$VirtualFilterChain.doFilter(FilterChainProxy.java:380) ~[spring-security-web-7.0.0.jar:7.0.0]
	at org.springframework.security.web.authentication.AnonymousAuthenticationFilter.doFilter(AnonymousAuthenticationFilter.java:100) ~[spring-security-web-7.0.0.jar:7.0.0]
	at org.springframework.security.web.FilterChainProxy$VirtualFilterChain.doFilter(FilterChainProxy.java:380) ~[spring-security-web-7.0.0.jar:7.0.0]
	at org.springframework.security.web.servletapi.SecurityContextHolderAwareRequestFilter.doFilter(SecurityContextHolderAwareRequestFilter.java:181) ~[spring-security-web-7.0.0.jar:7.0.0]
	at org.springframework.security.web.FilterChainProxy$VirtualFilterChain.doFilter(FilterChainProxy.java:380) ~[spring-security-web-7.0.0.jar:7.0.0]
	at org.springframework.security.web.savedrequest.RequestCacheAwareFilter.doFilter(RequestCacheAwareFilter.java:63) ~[spring-security-web-7.0.0.jar:7.0.0]
	at org.springframework.security.web.FilterChainProxy$VirtualFilterChain.doFilter(FilterChainProxy.java:380) ~[spring-security-web-7.0.0.jar:7.0.0]
	at com.cg.customer.config.CustomerJWTFilter.doFilterInternal(CustomerJWTFilter.java:62) ~[classes/:na]
	at org.springframework.web.filter.OncePerRequestFilter.doFilter(OncePerRequestFilter.java:116) ~[spring-web-7.0.1.jar:7.0.1]
	at org.springframework.security.web.FilterChainProxy$VirtualFilterChain.doFilter(FilterChainProxy.java:380) ~[spring-security-web-7.0.0.jar:7.0.0]
	at org.springframework.security.web.authentication.logout.LogoutFilter.doFilter(LogoutFilter.java:110) ~[spring-security-web-7.0.0.jar:7.0.0]
	at org.springframework.security.web.authentication.logout.LogoutFilter.doFilter(LogoutFilter.java:96) ~[spring-security-web-7.0.0.jar:7.0.0]
	at org.springframework.security.web.FilterChainProxy$VirtualFilterChain.doFilter(FilterChainProxy.java:380) ~[spring-security-web-7.0.0.jar:7.0.0]
	at org.springframework.security.web.header.HeaderWriterFilter.doHeadersAfter(HeaderWriterFilter.java:90) ~[spring-security-web-7.0.0.jar:7.0.0]
	at org.springframework.security.web.header.HeaderWriterFilter.doFilterInternal(HeaderWriterFilter.java:75) ~[spring-security-web-7.0.0.jar:7.0.0]
	at org.springframework.web.filter.OncePerRequestFilter.doFilter(OncePerRequestFilter.java:116) ~[spring-web-7.0.1.jar:7.0.1]
	at org.springframework.security.web.FilterChainProxy$VirtualFilterChain.doFilter(FilterChainProxy.java:380) ~[spring-security-web-7.0.0.jar:7.0.0]
	at org.springframework.security.web.context.SecurityContextHolderFilter.doFilter(SecurityContextHolderFilter.java:82) ~[spring-security-web-7.0.0.jar:7.0.0]
	at org.springframework.security.web.context.SecurityContextHolderFilter.doFilter(SecurityContextHolderFilter.java:69) ~[spring-security-web-7.0.0.jar:7.0.0]
	at org.springframework.security.web.FilterChainProxy$VirtualFilterChain.doFilter(FilterChainProxy.java:380) ~[spring-security-web-7.0.0.jar:7.0.0]
	at org.springframework.security.web.context.request.async.WebAsyncManagerIntegrationFilter.doFilterInternal(WebAsyncManagerIntegrationFilter.java:62) ~[spring-security-web-7.0.0.jar:7.0.0]
	at org.springframework.web.filter.OncePerRequestFilter.doFilter(OncePerRequestFilter.java:116) ~[spring-web-7.0.1.jar:7.0.1]
	at org.springframework.security.web.FilterChainProxy$VirtualFilterChain.doFilter(FilterChainProxy.java:380) ~[spring-security-web-7.0.0.jar:7.0.0]
	at org.springframework.security.web.session.DisableEncodeUrlFilter.doFilterInternal(DisableEncodeUrlFilter.java:42) ~[spring-security-web-7.0.0.jar:7.0.0]
	at org.springframework.web.filter.OncePerRequestFilter.doFilter(OncePerRequestFilter.java:116) ~[spring-web-7.0.1.jar:7.0.1]
	at org.springframework.security.web.FilterChainProxy$VirtualFilterChain.doFilter(FilterChainProxy.java:380) ~[spring-security-web-7.0.0.jar:7.0.0]
	at org.springframework.security.web.FilterChainProxy.doFilterInternal(FilterChainProxy.java:237) ~[spring-security-web-7.0.0.jar:7.0.0]
	at org.springframework.security.web.FilterChainProxy.doFilter(FilterChainProxy.java:195) ~[spring-security-web-7.0.0.jar:7.0.0]
	at org.springframework.web.filter.CompositeFilter$VirtualFilterChain.doFilter(CompositeFilter.java:113) ~[spring-web-7.0.1.jar:7.0.1]
	at org.springframework.web.filter.ServletRequestPathFilter.doFilter(ServletRequestPathFilter.java:52) ~[spring-web-7.0.1.jar:7.0.1]
	at org.springframework.web.filter.CompositeFilter$VirtualFilterChain.doFilter(CompositeFilter.java:113) ~[spring-web-7.0.1.jar:7.0.1]
	at org.springframework.web.filter.CompositeFilter.doFilter(CompositeFilter.java:74) ~[spring-web-7.0.1.jar:7.0.1]
	at org.springframework.security.config.annotation.web.configuration.WebSecurityConfiguration$CompositeFilterChainProxy.doFilter(WebSecurityConfiguration.java:317) ~[spring-security-config-7.0.0.jar:7.0.0]
	at org.springframework.web.filter.DelegatingFilterProxy.invokeDelegate(DelegatingFilterProxy.java:355) ~[spring-web-7.0.1.jar:7.0.1]
	at org.springframework.web.filter.DelegatingFilterProxy.doFilter(DelegatingFilterProxy.java:272) ~[spring-web-7.0.1.jar:7.0.1]
	at org.apache.catalina.core.ApplicationFilterChain.doFilter(ApplicationFilterChain.java:107) ~[tomcat-embed-core-11.0.14.jar:11.0.14]
	at org.springframework.web.filter.RequestContextFilter.doFilterInternal(RequestContextFilter.java:100) ~[spring-web-7.0.1.jar:7.0.1]
	at org.springframework.web.filter.OncePerRequestFilter.doFilter(OncePerRequestFilter.java:116) ~[spring-web-7.0.1.jar:7.0.1]
	at org.apache.catalina.core.ApplicationFilterChain.doFilter(ApplicationFilterChain.java:107) ~[tomcat-embed-core-11.0.14.jar:11.0.14]
	at org.springframework.web.filter.FormContentFilter.doFilterInternal(FormContentFilter.java:93) ~[spring-web-7.0.1.jar:7.0.1]
	at org.springframework.web.filter.OncePerRequestFilter.doFilter(OncePerRequestFilter.java:116) ~[spring-web-7.0.1.jar:7.0.1]
	at org.apache.catalina.core.ApplicationFilterChain.doFilter(ApplicationFilterChain.java:107) ~[tomcat-embed-core-11.0.14.jar:11.0.14]
	at org.springframework.web.filter.CharacterEncodingFilter.doFilterInternal(CharacterEncodingFilter.java:199) ~[spring-web-7.0.1.jar:7.0.1]
	at org.springframework.web.filter.OncePerRequestFilter.doFilter(OncePerRequestFilter.java:116) ~[spring-web-7.0.1.jar:7.0.1]
	at org.apache.catalina.core.ApplicationFilterChain.doFilter(ApplicationFilterChain.java:107) ~[tomcat-embed-core-11.0.14.jar:11.0.14]
	at org.apache.catalina.core.StandardWrapperValve.invoke(StandardWrapperValve.java:165) ~[tomcat-embed-core-11.0.14.jar:11.0.14]
	at org.apache.catalina.core.StandardContextValve.invoke(StandardContextValve.java:77) ~[tomcat-embed-core-11.0.14.jar:11.0.14]
	at org.apache.catalina.authenticator.AuthenticatorBase.invoke(AuthenticatorBase.java:482) ~[tomcat-embed-core-11.0.14.jar:11.0.14]
	at org.apache.catalina.core.StandardHostValve.invoke(StandardHostValve.java:113) ~[tomcat-embed-core-11.0.14.jar:11.0.14]
	at org.apache.catalina.valves.ErrorReportValve.invoke(ErrorReportValve.java:83) ~[tomcat-embed-core-11.0.14.jar:11.0.14]
	at org.apache.catalina.core.StandardEngineValve.invoke(StandardEngineValve.java:72) ~[tomcat-embed-core-11.0.14.jar:11.0.14]
	at org.apache.catalina.connector.CoyoteAdapter.service(CoyoteAdapter.java:341) ~[tomcat-embed-core-11.0.14.jar:11.0.14]
	at org.apache.coyote.http11.Http11Processor.service(Http11Processor.java:397) ~[tomcat-embed-core-11.0.14.jar:11.0.14]
	at org.apache.coyote.AbstractProcessorLight.process(AbstractProcessorLight.java:63) ~[tomcat-embed-core-11.0.14.jar:11.0.14]
	at org.apache.coyote.AbstractProtocol$ConnectionHandler.process(AbstractProtocol.java:903) ~[tomcat-embed-core-11.0.14.jar:11.0.14]
	at org.apache.tomcat.util.net.NioEndpoint$SocketProcessor.doRun(NioEndpoint.java:1778) ~[tomcat-embed-core-11.0.14.jar:11.0.14]
	at org.apache.tomcat.util.net.SocketProcessorBase.run(SocketProcessorBase.java:52) ~[tomcat-embed-core-11.0.14.jar:11.0.14]
	at org.apache.tomcat.util.threads.ThreadPoolExecutor.runWorker(ThreadPoolExecutor.java:946) ~[tomcat-embed-core-11.0.14.jar:11.0.14]
	at org.apache.tomcat.util.threads.ThreadPoolExecutor$Worker.run(ThreadPoolExecutor.java:480) ~[tomcat-embed-core-11.0.14.jar:11.0.14]
	at org.apache.tomcat.util.threads.TaskThread$WrappingRunnable.run(TaskThread.java:57) ~[tomcat-embed-core-11.0.14.jar:11.0.14]
	at java.base/java.lang.Thread.run(Thread.java:1583) ~[na:na]

2026-10-01T12:26:58.819+05:30  INFO 19972 --- [Customer] [http-nio-8084-exec-6] c.c.c.controller.CustomerController      : -----CusomerMicro----Controller getById method called--------
2026-10-01T12:26:58.819+05:30  WARN 19972 --- [Customer] [http-nio-8084-exec-6] o.s.c.l.core.RoundRobinLoadBalancer      : No servers available for service: BANKACCOUNT
2026-10-01T12:26:58.819+05:30  WARN 19972 --- [Customer] [http-nio-8084-exec-6] .s.c.o.l.FeignBlockingLoadBalancerClient : Load balancer does not contain an instance for the service BANKACCOUNT
2026-10-01T12:26:58.819+05:30 ERROR 19972 --- [Customer] [http-nio-8084-exec-6] o.a.c.c.C.[.[.[/].[dispatcherServlet]    : Servlet.service() for servlet [dispatcherServlet] in context with path [] threw exception [Request processing failed: feign.FeignException$ServiceUnavailable: [503] during [GET] to [http://BANKACCOUNT/v1/account/customer/2] [AccountFeignClient#getBankByCustomerId(Long)]: [Load balancer does not contain an instance for the service BANKACCOUNT]] with root cause

feign.FeignException$ServiceUnavailable: [503] during [GET] to [http://BANKACCOUNT/v1/account/customer/2] [AccountFeignClient#getBankByCustomerId(Long)]: [Load balancer does not contain an instance for the service BANKACCOUNT]
	at feign.FeignException.serverErrorStatus(FeignException.java:287) ~[feign-core-13.6.1.jar:na]
	at feign.FeignException.errorStatus(FeignException.java:226) ~[feign-core-13.6.1.jar:na]
	at feign.FeignException.errorStatus(FeignException.java:213) ~[feign-core-13.6.1.jar:na]
	at feign.codec.ErrorDecoder$Default.decode(ErrorDecoder.java:103) ~[feign-core-13.6.1.jar:na]
	at feign.InvocationContext.decodeError(InvocationContext.java:133) ~[feign-core-13.6.1.jar:na]
	at feign.InvocationContext.proceed(InvocationContext.java:80) ~[feign-core-13.6.1.jar:na]
	at feign.ResponseHandler.handleResponse(ResponseHandler.java:69) ~[feign-core-13.6.1.jar:na]
	at feign.SynchronousMethodHandler.executeAndDecode(SynchronousMethodHandler.java:109) ~[feign-core-13.6.1.jar:na]
	at feign.SynchronousMethodHandler.invoke(SynchronousMethodHandler.java:53) ~[feign-core-13.6.1.jar:na]
	at feign.ReflectiveFeign$FeignInvocationHandler.invoke(ReflectiveFeign.java:104) ~[feign-core-13.6.1.jar:na]
	at jdk.proxy30/jdk.proxy30.$Proxy331.getBankByCustomerId(Unknown Source) ~[na:na]
	at com.cg.customer.serviceImpl.CustomerServiceImpl.getCustomerById(CustomerServiceImpl.java:99) ~[classes/:na]
	at java.base/jdk.internal.reflect.DirectMethodHandleAccessor.invoke(DirectMethodHandleAccessor.java:103) ~[na:na]
	at java.base/java.lang.reflect.Method.invoke(Method.java:580) ~[na:na]
	at org.springframework.aop.support.AopUtils.invokeJoinpointUsingReflection(AopUtils.java:359) ~[spring-aop-7.0.1.jar:7.0.1]
	at org.springframework.aop.framework.ReflectiveMethodInvocation.invokeJoinpoint(ReflectiveMethodInvocation.java:190) ~[spring-aop-7.0.1.jar:7.0.1]
	at org.springframework.aop.framework.ReflectiveMethodInvocation.proceed(ReflectiveMethodInvocation.java:158) ~[spring-aop-7.0.1.jar:7.0.1]
	at org.springframework.aop.interceptor.ExposeInvocationInterceptor.invoke(ExposeInvocationInterceptor.java:96) ~[spring-aop-7.0.1.jar:7.0.1]
	at org.springframework.aop.framework.ReflectiveMethodInvocation.proceed(ReflectiveMethodInvocation.java:179) ~[spring-aop-7.0.1.jar:7.0.1]
	at org.springframework.aop.framework.CglibAopProxy$DynamicAdvisedInterceptor.intercept(CglibAopProxy.java:719) ~[spring-aop-7.0.1.jar:7.0.1]
	at com.cg.customer.serviceImpl.CustomerServiceImpl$$SpringCGLIB$$0.getCustomerById(<generated>) ~[classes/:na]
	at com.cg.customer.controller.CustomerController.getById(CustomerController.java:66) ~[classes/:na]
	at java.base/jdk.internal.reflect.DirectMethodHandleAccessor.invoke(DirectMethodHandleAccessor.java:103) ~[na:na]
	at java.base/java.lang.reflect.Method.invoke(Method.java:580) ~[na:na]
	at org.springframework.web.method.support.InvocableHandlerMethod.doInvoke(InvocableHandlerMethod.java:258) ~[spring-web-7.0.1.jar:7.0.1]
	at org.springframework.web.method.support.InvocableHandlerMethod.invokeForRequest(InvocableHandlerMethod.java:190) ~[spring-web-7.0.1.jar:7.0.1]
	at org.springframework.web.servlet.mvc.method.annotation.ServletInvocableHandlerMethod.invokeAndHandle(ServletInvocableHandlerMethod.java:117) ~[spring-webmvc-7.0.1.jar:7.0.1]
	at org.springframework.web.servlet.mvc.method.annotation.RequestMappingHandlerAdapter.invokeHandlerMethod(RequestMappingHandlerAdapter.java:934) ~[spring-webmvc-7.0.1.jar:7.0.1]
	at org.springframework.web.servlet.mvc.method.annotation.RequestMappingHandlerAdapter.handleInternal(RequestMappingHandlerAdapter.java:853) ~[spring-webmvc-7.0.1.jar:7.0.1]
	at org.springframework.web.servlet.mvc.method.AbstractHandlerMethodAdapter.handle(AbstractHandlerMethodAdapter.java:86) ~[spring-webmvc-7.0.1.jar:7.0.1]
	at org.springframework.web.servlet.DispatcherServlet.doDispatch(DispatcherServlet.java:963) ~[spring-webmvc-7.0.1.jar:7.0.1]
	at org.springframework.web.servlet.DispatcherServlet.doService(DispatcherServlet.java:866) ~[spring-webmvc-7.0.1.jar:7.0.1]
	at org.springframework.web.servlet.FrameworkServlet.processRequest(FrameworkServlet.java:1003) ~[spring-webmvc-7.0.1.jar:7.0.1]
	at org.springframework.web.servlet.FrameworkServlet.doGet(FrameworkServlet.java:892) ~[spring-webmvc-7.0.1.jar:7.0.1]
	at jakarta.servlet.http.HttpServlet.service(HttpServlet.java:622) ~[tomcat-embed-core-11.0.14.jar:6.1]
	at org.springframework.web.servlet.FrameworkServlet.service(FrameworkServlet.java:874) ~[spring-webmvc-7.0.1.jar:7.0.1]
	at jakarta.servlet.http.HttpServlet.service(HttpServlet.java:710) ~[tomcat-embed-core-11.0.14.jar:6.1]
	at org.apache.catalina.core.ApplicationFilterChain.doFilter(ApplicationFilterChain.java:128) ~[tomcat-embed-core-11.0.14.jar:11.0.14]
	at org.apache.tomcat.websocket.server.WsFilter.doFilter(WsFilter.java:53) ~[tomcat-embed-websocket-11.0.14.jar:11.0.14]
	at org.apache.catalina.core.ApplicationFilterChain.doFilter(ApplicationFilterChain.java:107) ~[tomcat-embed-core-11.0.14.jar:11.0.14]
	at org.springframework.web.filter.OncePerRequestFilter.doFilter(OncePerRequestFilter.java:110) ~[spring-web-7.0.1.jar:7.0.1]
	at org.apache.catalina.core.ApplicationFilterChain.doFilter(ApplicationFilterChain.java:107) ~[tomcat-embed-core-11.0.14.jar:11.0.14]
	at org.springframework.web.filter.CompositeFilter$VirtualFilterChain.doFilter(CompositeFilter.java:108) ~[spring-web-7.0.1.jar:7.0.1]
	at org.springframework.security.web.FilterChainProxy.lambda$doFilterInternal$3(FilterChainProxy.java:235) ~[spring-security-web-7.0.0.jar:7.0.0]
	at org.springframework.security.web.FilterChainProxy$VirtualFilterChain.doFilter(FilterChainProxy.java:371) ~[spring-security-web-7.0.0.jar:7.0.0]
	at org.springframework.security.web.access.intercept.AuthorizationFilter.doFilter(AuthorizationFilter.java:101) ~[spring-security-web-7.0.0.jar:7.0.0]
	at org.springframework.security.web.FilterChainProxy$VirtualFilterChain.doFilter(FilterChainProxy.java:380) ~[spring-security-web-7.0.0.jar:7.0.0]
	at org.springframework.security.web.access.ExceptionTranslationFilter.doFilter(ExceptionTranslationFilter.java:126) ~[spring-security-web-7.0.0.jar:7.0.0]
	at org.springframework.security.web.access.ExceptionTranslationFilter.doFilter(ExceptionTranslationFilter.java:120) ~[spring-security-web-7.0.0.jar:7.0.0]
	at org.springframework.security.web.FilterChainProxy$VirtualFilterChain.doFilter(FilterChainProxy.java:380) ~[spring-security-web-7.0.0.jar:7.0.0]
	at org.springframework.security.web.session.SessionManagementFilter.doFilter(SessionManagementFilter.java:132) ~[spring-security-web-7.0.0.jar:7.0.0]
	at org.springframework.security.web.session.SessionManagementFilter.doFilter(SessionManagementFilter.java:86) ~[spring-security-web-7.0.0.jar:7.0.0]
	at org.springframework.security.web.FilterChainProxy$VirtualFilterChain.doFilter(FilterChainProxy.java:380) ~[spring-security-web-7.0.0.jar:7.0.0]
	at org.springframework.security.web.authentication.AnonymousAuthenticationFilter.doFilter(AnonymousAuthenticationFilter.java:100) ~[spring-security-web-7.0.0.jar:7.0.0]
	at org.springframework.security.web.FilterChainProxy$VirtualFilterChain.doFilter(FilterChainProxy.java:380) ~[spring-security-web-7.0.0.jar:7.0.0]
	at org.springframework.security.web.servletapi.SecurityContextHolderAwareRequestFilter.doFilter(SecurityContextHolderAwareRequestFilter.java:181) ~[spring-security-web-7.0.0.jar:7.0.0]
	at org.springframework.security.web.FilterChainProxy$VirtualFilterChain.doFilter(FilterChainProxy.java:380) ~[spring-security-web-7.0.0.jar:7.0.0]
	at org.springframework.security.web.savedrequest.RequestCacheAwareFilter.doFilter(RequestCacheAwareFilter.java:63) ~[spring-security-web-7.0.0.jar:7.0.0]
	at org.springframework.security.web.FilterChainProxy$VirtualFilterChain.doFilter(FilterChainProxy.java:380) ~[spring-security-web-7.0.0.jar:7.0.0]
	at com.cg.customer.config.CustomerJWTFilter.doFilterInternal(CustomerJWTFilter.java:62) ~[classes/:na]
	at org.springframework.web.filter.OncePerRequestFilter.doFilter(OncePerRequestFilter.java:116) ~[spring-web-7.0.1.jar:7.0.1]
	at org.springframework.security.web.FilterChainProxy$VirtualFilterChain.doFilter(FilterChainProxy.java:380) ~[spring-security-web-7.0.0.jar:7.0.0]
	at org.springframework.security.web.authentication.logout.LogoutFilter.doFilter(LogoutFilter.java:110) ~[spring-security-web-7.0.0.jar:7.0.0]
	at org.springframework.security.web.authentication.logout.LogoutFilter.doFilter(LogoutFilter.java:96) ~[spring-security-web-7.0.0.jar:7.0.0]
	at org.springframework.security.web.FilterChainProxy$VirtualFilterChain.doFilter(FilterChainProxy.java:380) ~[spring-security-web-7.0.0.jar:7.0.0]
	at org.springframework.security.web.header.HeaderWriterFilter.doHeadersAfter(HeaderWriterFilter.java:90) ~[spring-security-web-7.0.0.jar:7.0.0]
	at org.springframework.security.web.header.HeaderWriterFilter.doFilterInternal(HeaderWriterFilter.java:75) ~[spring-security-web-7.0.0.jar:7.0.0]
	at org.springframework.web.filter.OncePerRequestFilter.doFilter(OncePerRequestFilter.java:116) ~[spring-web-7.0.1.jar:7.0.1]
	at org.springframework.security.web.FilterChainProxy$VirtualFilterChain.doFilter(FilterChainProxy.java:380) ~[spring-security-web-7.0.0.jar:7.0.0]
	at org.springframework.security.web.context.SecurityContextHolderFilter.doFilter(SecurityContextHolderFilter.java:82) ~[spring-security-web-7.0.0.jar:7.0.0]
	at org.springframework.security.web.context.SecurityContextHolderFilter.doFilter(SecurityContextHolderFilter.java:69) ~[spring-security-web-7.0.0.jar:7.0.0]
	at org.springframework.security.web.FilterChainProxy$VirtualFilterChain.doFilter(FilterChainProxy.java:380) ~[spring-security-web-7.0.0.jar:7.0.0]
	at org.springframework.security.web.context.request.async.WebAsyncManagerIntegrationFilter.doFilterInternal(WebAsyncManagerIntegrationFilter.java:62) ~[spring-security-web-7.0.0.jar:7.0.0]
	at org.springframework.web.filter.OncePerRequestFilter.doFilter(OncePerRequestFilter.java:116) ~[spring-web-7.0.1.jar:7.0.1]
	at org.springframework.security.web.FilterChainProxy$VirtualFilterChain.doFilter(FilterChainProxy.java:380) ~[spring-security-web-7.0.0.jar:7.0.0]
	at org.springframework.security.web.session.DisableEncodeUrlFilter.doFilterInternal(DisableEncodeUrlFilter.java:42) ~[spring-security-web-7.0.0.jar:7.0.0]
	at org.springframework.web.filter.OncePerRequestFilter.doFilter(OncePerRequestFilter.java:116) ~[spring-web-7.0.1.jar:7.0.1]
	at org.springframework.security.web.FilterChainProxy$VirtualFilterChain.doFilter(FilterChainProxy.java:380) ~[spring-security-web-7.0.0.jar:7.0.0]
	at org.springframework.security.web.FilterChainProxy.doFilterInternal(FilterChainProxy.java:237) ~[spring-security-web-7.0.0.jar:7.0.0]
	at org.springframework.security.web.FilterChainProxy.doFilter(FilterChainProxy.java:195) ~[spring-security-web-7.0.0.jar:7.0.0]
	at org.springframework.web.filter.CompositeFilter$VirtualFilterChain.doFilter(CompositeFilter.java:113) ~[spring-web-7.0.1.jar:7.0.1]
	at org.springframework.web.filter.ServletRequestPathFilter.doFilter(ServletRequestPathFilter.java:52) ~[spring-web-7.0.1.jar:7.0.1]
	at org.springframework.web.filter.CompositeFilter$VirtualFilterChain.doFilter(CompositeFilter.java:113) ~[spring-web-7.0.1.jar:7.0.1]
	at org.springframework.web.filter.CompositeFilter.doFilter(CompositeFilter.java:74) ~[spring-web-7.0.1.jar:7.0.1]
	at org.springframework.security.config.annotation.web.configuration.WebSecurityConfiguration$CompositeFilterChainProxy.doFilter(WebSecurityConfiguration.java:317) ~[spring-security-config-7.0.0.jar:7.0.0]
	at org.springframework.web.filter.DelegatingFilterProxy.invokeDelegate(DelegatingFilterProxy.java:355) ~[spring-web-7.0.1.jar:7.0.1]
	at org.springframework.web.filter.DelegatingFilterProxy.doFilter(DelegatingFilterProxy.java:272) ~[spring-web-7.0.1.jar:7.0.1]
	at org.apache.catalina.core.ApplicationFilterChain.doFilter(ApplicationFilterChain.java:107) ~[tomcat-embed-core-11.0.14.jar:11.0.14]
	at org.springframework.web.filter.RequestContextFilter.doFilterInternal(RequestContextFilter.java:100) ~[spring-web-7.0.1.jar:7.0.1]
	at org.springframework.web.filter.OncePerRequestFilter.doFilter(OncePerRequestFilter.java:116) ~[spring-web-7.0.1.jar:7.0.1]
	at org.apache.catalina.core.ApplicationFilterChain.doFilter(ApplicationFilterChain.java:107) ~[tomcat-embed-core-11.0.14.jar:11.0.14]
	at org.springframework.web.filter.FormContentFilter.doFilterInternal(FormContentFilter.java:93) ~[spring-web-7.0.1.jar:7.0.1]
	at org.springframework.web.filter.OncePerRequestFilter.doFilter(OncePerRequestFilter.java:116) ~[spring-web-7.0.1.jar:7.0.1]
	at org.apache.catalina.core.ApplicationFilterChain.doFilter(ApplicationFilterChain.java:107) ~[tomcat-embed-core-11.0.14.jar:11.0.14]
	at org.springframework.web.filter.CharacterEncodingFilter.doFilterInternal(CharacterEncodingFilter.java:199) ~[spring-web-7.0.1.jar:7.0.1]
	at org.springframework.web.filter.OncePerRequestFilter.doFilter(OncePerRequestFilter.java:116) ~[spring-web-7.0.1.jar:7.0.1]
	at org.apache.catalina.core.ApplicationFilterChain.doFilter(ApplicationFilterChain.java:107) ~[tomcat-embed-core-11.0.14.jar:11.0.14]
	at org.apache.catalina.core.StandardWrapperValve.invoke(StandardWrapperValve.java:165) ~[tomcat-embed-core-11.0.14.jar:11.0.14]
	at org.apache.catalina.core.StandardContextValve.invoke(StandardContextValve.java:77) ~[tomcat-embed-core-11.0.14.jar:11.0.14]
	at org.apache.catalina.authenticator.AuthenticatorBase.invoke(AuthenticatorBase.java:482) ~[tomcat-embed-core-11.0.14.jar:11.0.14]
	at org.apache.catalina.core.StandardHostValve.invoke(StandardHostValve.java:113) ~[tomcat-embed-core-11.0.14.jar:11.0.14]
	at org.apache.catalina.valves.ErrorReportValve.invoke(ErrorReportValve.java:83) ~[tomcat-embed-core-11.0.14.jar:11.0.14]
	at org.apache.catalina.core.StandardEngineValve.invoke(StandardEngineValve.java:72) ~[tomcat-embed-core-11.0.14.jar:11.0.14]
	at org.apache.catalina.connector.CoyoteAdapter.service(CoyoteAdapter.java:341) ~[tomcat-embed-core-11.0.14.jar:11.0.14]
	at org.apache.coyote.http11.Http11Processor.service(Http11Processor.java:397) ~[tomcat-embed-core-11.0.14.jar:11.0.14]
	at org.apache.coyote.AbstractProcessorLight.process(AbstractProcessorLight.java:63) ~[tomcat-embed-core-11.0.14.jar:11.0.14]
	at org.apache.coyote.AbstractProtocol$ConnectionHandler.process(AbstractProtocol.java:903) ~[tomcat-embed-core-11.0.14.jar:11.0.14]
	at org.apache.tomcat.util.net.NioEndpoint$SocketProcessor.doRun(NioEndpoint.java:1778) ~[tomcat-embed-core-11.0.14.jar:11.0.14]
	at org.apache.tomcat.util.net.SocketProcessorBase.run(SocketProcessorBase.java:52) ~[tomcat-embed-core-11.0.14.jar:11.0.14]
	at org.apache.tomcat.util.threads.ThreadPoolExecutor.runWorker(ThreadPoolExecutor.java:946) ~[tomcat-embed-core-11.0.14.jar:11.0.14]
	at org.apache.tomcat.util.threads.ThreadPoolExecutor$Worker.run(ThreadPoolExecutor.java:480) ~[tomcat-embed-core-11.0.14.jar:11.0.14]
	at org.apache.tomcat.util.threads.TaskThread$WrappingRunnable.run(TaskThread.java:57) ~[tomcat-embed-core-11.0.14.jar:11.0.14]
	at java.base/java.lang.Thread.run(Thread.java:1583) ~[na:na]

2026-10-01T12:30:50.118+05:30  INFO 19972 --- [Customer] [AsyncResolver-bootstrap-executor-%d] c.n.d.s.r.aws.ConfigClusterResolver      : Resolving eureka endpoints via configuration
2026-10-01T12:33:21.363+05:30  INFO 19972 --- [Customer] [File Watcher] rtingClassPathChangeChangedEventListener : Restarting due to 1 class path change (0 additions, 0 deletions, 1 modification)
2026-10-01T12:33:21.364+05:30  INFO 19972 --- [Customer] [Thread-155] o.s.c.n.e.s.EurekaServiceRegistry        : Unregistering application CUSTOMER with eureka with status DOWN
2026-10-01T12:33:21.364+05:30  INFO 19972 --- [Customer] [Thread-155] com.netflix.discovery.DiscoveryClient    : Saw local status change event StatusChangeEvent [timestamp=1790838201364, current=DOWN, previous=UP]
2026-10-01T12:33:21.364+05:30  INFO 19972 --- [Customer] [DiscoveryClient-InstanceInfoReplicator-%d] com.netflix.discovery.DiscoveryClient    : DiscoveryClient_CUSTOMER/10.207.81.191:Customer:8084: registering service...
2026-10-01T12:33:21.365+05:30  INFO 19972 --- [Customer] [Thread-155] o.s.boot.tomcat.GracefulShutdown         : Commencing graceful shutdown. Waiting for active requests to complete
2026-10-01T12:33:21.368+05:30  INFO 19972 --- [Customer] [DiscoveryClient-InstanceInfoReplicator-%d] com.netflix.discovery.DiscoveryClient    : DiscoveryClient_CUSTOMER/10.207.81.191:Customer:8084 - registration status: 204
2026-10-01T12:33:21.373+05:30  INFO 19972 --- [Customer] [tomcat-shutdown] o.s.boot.tomcat.GracefulShutdown         : Graceful shutdown complete
2026-10-01T12:33:21.377+05:30  INFO 19972 --- [Customer] [Thread-155] j.LocalContainerEntityManagerFactoryBean : Closing JPA EntityManagerFactory for persistence unit 'default'
2026-10-01T12:33:21.378+05:30  INFO 19972 --- [Customer] [Thread-155] com.zaxxer.hikari.HikariDataSource       : HikariPool-27 - Shutdown initiated...
2026-10-01T12:33:21.381+05:30  INFO 19972 --- [Customer] [Thread-155] com.zaxxer.hikari.HikariDataSource       : HikariPool-27 - Shutdown completed.
2026-10-01T12:33:21.382+05:30  INFO 19972 --- [Customer] [Thread-155] com.netflix.discovery.DiscoveryClient    : Shutting down DiscoveryClient ...
2026-10-01T12:33:24.386+05:30  INFO 19972 --- [Customer] [Thread-155] com.netflix.discovery.DiscoveryClient    : Unregistering ...
2026-10-01T12:33:24.403+05:30  INFO 19972 --- [Customer] [Thread-155] com.netflix.discovery.DiscoveryClient    : DiscoveryClient_CUSTOMER/10.207.81.191:Customer:8084 - deregister  status: 200
2026-10-01T12:33:24.404+05:30  INFO 19972 --- [Customer] [Thread-155] com.netflix.discovery.DiscoveryClient    : Completed shut down of DiscoveryClient
2026-10-01T12:33:24.508+05:30  INFO 19972 --- [Customer] [restartedMain] com.cg.customer.CustomerApplication      : Starting CustomerApplication using Java 21.0.7 with PID 19972 (C:\Users\bmanikch\Documents\workspace-spring-tools-for-eclipse-5.0.1.RELEASE\Customer\target\classes started by bmanikch in C:\Users\bmanikch\Documents\workspace-spring-tools-for-eclipse-5.0.1.RELEASE\Customer)
2026-10-01T12:33:24.509+05:30  INFO 19972 --- [Customer] [restartedMain] com.cg.customer.CustomerApplication      : No active profile set, falling back to 1 default profile: "default"
2026-10-01T12:33:24.893+05:30  INFO 19972 --- [Customer] [restartedMain] .s.d.r.c.RepositoryConfigurationDelegate : Bootstrapping Spring Data JPA repositories in DEFAULT mode.
2026-10-01T12:33:24.908+05:30  INFO 19972 --- [Customer] [restartedMain] .s.d.r.c.RepositoryConfigurationDelegate : Finished Spring Data repository scanning in 13 ms. Found 1 JPA repository interface.
2026-10-01T12:33:25.016+05:30  INFO 19972 --- [Customer] [restartedMain] o.s.cloud.context.scope.GenericScope     : BeanFactory id=0a180c12-f20d-3817-a31a-bb347817188d
2026-10-01T12:33:25.277+05:30  INFO 19972 --- [Customer] [restartedMain] o.s.boot.tomcat.TomcatWebServer          : Tomcat initialized with port 8084 (http)
2026-10-01T12:33:25.278+05:30  INFO 19972 --- [Customer] [restartedMain] o.apache.catalina.core.StandardService   : Starting service [Tomcat]
2026-10-01T12:33:25.279+05:30  INFO 19972 --- [Customer] [restartedMain] o.apache.catalina.core.StandardEngine    : Starting Servlet engine: [Apache Tomcat/11.0.14]
2026-10-01T12:33:25.365+05:30  INFO 19972 --- [Customer] [restartedMain] b.w.c.s.WebApplicationContextInitializer : Root WebApplicationContext: initialization completed in 854 ms
2026-10-01T12:33:25.595+05:30  INFO 19972 --- [Customer] [restartedMain] o.hibernate.jpa.internal.util.LogHelper  : HHH000204: Processing PersistenceUnitInfo [name: default]
2026-10-01T12:33:25.642+05:30  INFO 19972 --- [Customer] [restartedMain] o.s.o.j.p.SpringPersistenceUnitInfo      : No LoadTimeWeaver setup: ignoring JPA class transformer
2026-10-01T12:33:25.643+05:30  INFO 19972 --- [Customer] [restartedMain] com.zaxxer.hikari.HikariDataSource       : HikariPool-28 - Starting...
2026-10-01T12:33:25.762+05:30  INFO 19972 --- [Customer] [restartedMain] com.zaxxer.hikari.pool.HikariPool        : HikariPool-28 - Added connection org.postgresql.jdbc.PgConnection@5330e078
2026-10-01T12:33:25.762+05:30  INFO 19972 --- [Customer] [restartedMain] com.zaxxer.hikari.HikariDataSource       : HikariPool-28 - Start completed.
2026-10-01T12:33:25.771+05:30  WARN 19972 --- [Customer] [restartedMain] org.hibernate.orm.deprecation            : HHH90000025: PostgreSQLDialect does not need to be specified explicitly using 'hibernate.dialect' (remove the property setting and it will be selected by default)
2026-10-01T12:33:25.777+05:30  INFO 19972 --- [Customer] [restartedMain] org.hibernate.orm.connections.pooling    : HHH10001005: Database info:
	Database JDBC URL [jdbc:postgresql://localhost:5432/CUSTOMER]
	Database driver: PostgreSQL JDBC Driver
	Database dialect: PostgreSQLDialect
	Database version: 17.5
	Default catalog/schema: CUSTOMER/public
	Autocommit mode: undefined/unknown
	Isolation level: READ_COMMITTED [default READ_COMMITTED]
	JDBC fetch size: none
	Pool: DatasourceConnectionProviderImpl
	Minimum pool size: undefined/unknown
	Maximum pool size: undefined/unknown
2026-10-01T12:33:25.819+05:30  INFO 19972 --- [Customer] [restartedMain] o.h.e.t.j.p.i.JtaPlatformInitiator       : HHH000489: No JTA platform available (set 'hibernate.transaction.jta.platform' to enable JTA platform integration)
2026-10-01T12:33:25.839+05:30  INFO 19972 --- [Customer] [restartedMain] j.LocalContainerEntityManagerFactoryBean : Initialized JPA EntityManagerFactory for persistence unit 'default'
2026-10-01T12:33:26.099+05:30  WARN 19972 --- [Customer] [restartedMain] JpaBaseConfiguration$JpaWebConfiguration : spring.jpa.open-in-view is enabled by default. Therefore, database queries may be performed during view rendering. Explicitly configure spring.jpa.open-in-view to disable this warning
2026-10-01T12:33:26.292+05:30  INFO 19972 --- [Customer] [restartedMain] o.s.c.openfeign.FeignClientFactoryBean   : For 'BANKACCOUNT' URL not provided. Will try picking an instance via load-balancing.
2026-10-01T12:33:26.875+05:30  WARN 19972 --- [Customer] [restartedMain] .s.a.UserDetailsServiceAutoConfiguration : 

Using generated security password: d47998a1-f3cd-47bb-b1ff-a49d6bcf1473

This generated password is for development use only. Your security configuration must be updated before running your application in production.

2026-10-01T12:33:26.884+05:30  INFO 19972 --- [Customer] [restartedMain] r$InitializeUserDetailsManagerConfigurer : Global AuthenticationManager configured with UserDetailsService bean with name inMemoryUserDetailsManager
2026-10-01T12:33:28.253+05:30  INFO 19972 --- [Customer] [restartedMain] DiscoveryClientOptionalArgsConfiguration : Eureka HTTP Client uses RestClient.
2026-10-01T12:33:28.359+05:30  WARN 19972 --- [Customer] [restartedMain] iguration$LoadBalancerCaffeineWarnLogger : Spring Cloud LoadBalancer is currently working with the default cache. While this cache implementation is useful for development and tests, it's recommended to use Caffeine cache in production.You can switch to using Caffeine cache, by adding it and org.springframework.cache.caffeine.CaffeineCacheManager to the classpath.
2026-10-01T12:33:28.406+05:30  INFO 19972 --- [Customer] [restartedMain] o.s.c.n.eureka.InstanceInfoFactory       : Setting initial instance status as: STARTING
2026-10-01T12:33:28.411+05:30  INFO 19972 --- [Customer] [restartedMain] com.netflix.discovery.DiscoveryClient    : Initializing Eureka in region us-east-1
2026-10-01T12:33:28.411+05:30  INFO 19972 --- [Customer] [restartedMain] c.n.d.s.r.aws.ConfigClusterResolver      : Resolving eureka endpoints via configuration
2026-10-01T12:33:28.411+05:30  INFO 19972 --- [Customer] [restartedMain] com.netflix.discovery.DiscoveryClient    : Disable delta property : false
2026-10-01T12:33:28.411+05:30  INFO 19972 --- [Customer] [restartedMain] com.netflix.discovery.DiscoveryClient    : Single vip registry refresh property : null
2026-10-01T12:33:28.411+05:30  INFO 19972 --- [Customer] [restartedMain] com.netflix.discovery.DiscoveryClient    : Force full registry fetch : false
2026-10-01T12:33:28.412+05:30  INFO 19972 --- [Customer] [restartedMain] com.netflix.discovery.DiscoveryClient    : Application is null : false
2026-10-01T12:33:28.412+05:30  INFO 19972 --- [Customer] [restartedMain] com.netflix.discovery.DiscoveryClient    : Registered Applications size is zero : true
2026-10-01T12:33:28.412+05:30  INFO 19972 --- [Customer] [restartedMain] com.netflix.discovery.DiscoveryClient    : Application version is -1: true
2026-10-01T12:33:28.412+05:30  INFO 19972 --- [Customer] [restartedMain] com.netflix.discovery.DiscoveryClient    : Getting all instance registry info from the eureka server
2026-10-01T12:33:28.442+05:30  INFO 19972 --- [Customer] [restartedMain] com.netflix.discovery.DiscoveryClient    : The response status is 200
2026-10-01T12:33:28.444+05:30  INFO 19972 --- [Customer] [restartedMain] com.netflix.discovery.DiscoveryClient    : Starting heartbeat executor: renew interval is: 30
2026-10-01T12:33:28.444+05:30  INFO 19972 --- [Customer] [restartedMain] c.n.discovery.InstanceInfoReplicator     : InstanceInfoReplicator onDemand update allowed rate per min is 4
2026-10-01T12:33:28.445+05:30  INFO 19972 --- [Customer] [restartedMain] com.netflix.discovery.DiscoveryClient    : Discovery Client initialized at timestamp 1790838208445 with initial instances count: 4
2026-10-01T12:33:28.465+05:30  INFO 19972 --- [Customer] [restartedMain] o.s.c.n.e.s.EurekaServiceRegistry        : Registering application CUSTOMER with eureka with status UP
2026-10-01T12:33:28.465+05:30  INFO 19972 --- [Customer] [restartedMain] com.netflix.discovery.DiscoveryClient    : Saw local status change event StatusChangeEvent [timestamp=1790838208465, current=UP, previous=STARTING]
2026-10-01T12:33:28.465+05:30  INFO 19972 --- [Customer] [DiscoveryClient-InstanceInfoReplicator-%d] com.netflix.discovery.DiscoveryClient    : DiscoveryClient_CUSTOMER/10.207.81.191:Customer:8084: registering service...
2026-10-01T12:33:28.474+05:30  INFO 19972 --- [Customer] [restartedMain] o.s.boot.tomcat.TomcatWebServer          : Tomcat started on port 8084 (http) with context path '/'
2026-10-01T12:33:28.475+05:30  INFO 19972 --- [Customer] [restartedMain] .s.c.n.e.s.EurekaAutoServiceRegistration : Updating port to 8084
2026-10-01T12:33:28.478+05:30  INFO 19972 --- [Customer] [DiscoveryClient-InstanceInfoReplicator-%d] com.netflix.discovery.DiscoveryClient    : DiscoveryClient_CUSTOMER/10.207.81.191:Customer:8084 - registration status: 204
2026-10-01T12:33:28.485+05:30  INFO 19972 --- [Customer] [restartedMain] com.cg.customer.CustomerApplication      : Started CustomerApplication in 4.01 seconds (process running for 83644.716)
2026-10-01T12:33:28.486+05:30  WARN 19972 --- [Customer] [restartedMain] o.s.core.events.SpringDocAppInitializer  : SpringDoc /v3/api-docs endpoint is enabled by default. To disable it in production, set the property 'springdoc.api-docs.enabled=false'
2026-10-01T12:33:28.486+05:30  WARN 19972 --- [Customer] [restartedMain] o.s.core.events.SpringDocAppInitializer  : SpringDoc /swagger-ui.html endpoint is enabled by default. To disable it in production, set the property 'springdoc.swagger-ui.enabled=false'
2026-10-01T12:33:28.487+05:30  INFO 19972 --- [Customer] [restartedMain] .ConditionEvaluationDeltaLoggingListener : Condition evaluation unchanged
2026-10-01T12:33:30.420+05:30  INFO 19972 --- [Customer] [File Watcher] rtingClassPathChangeChangedEventListener : Restarting due to 1 class path change (0 additions, 0 deletions, 1 modification)
2026-10-01T12:33:30.421+05:30  INFO 19972 --- [Customer] [Thread-161] o.s.c.n.e.s.EurekaServiceRegistry        : Unregistering application CUSTOMER with eureka with status DOWN
2026-10-01T12:33:30.421+05:30  INFO 19972 --- [Customer] [Thread-161] com.netflix.discovery.DiscoveryClient    : Saw local status change event StatusChangeEvent [timestamp=1790838210421, current=DOWN, previous=UP]
2026-10-01T12:33:30.422+05:30  INFO 19972 --- [Customer] [DiscoveryClient-InstanceInfoReplicator-%d] com.netflix.discovery.DiscoveryClient    : DiscoveryClient_CUSTOMER/10.207.81.191:Customer:8084: registering service...
2026-10-01T12:33:30.422+05:30  INFO 19972 --- [Customer] [Thread-161] o.s.boot.tomcat.GracefulShutdown         : Commencing graceful shutdown. Waiting for active requests to complete
2026-10-01T12:33:30.424+05:30  INFO 19972 --- [Customer] [DiscoveryClient-InstanceInfoReplicator-%d] com.netflix.discovery.DiscoveryClient    : DiscoveryClient_CUSTOMER/10.207.81.191:Customer:8084 - registration status: 204
2026-10-01T12:33:30.431+05:30  INFO 19972 --- [Customer] [tomcat-shutdown] o.s.boot.tomcat.GracefulShutdown         : Graceful shutdown complete
2026-10-01T12:33:30.436+05:30  INFO 19972 --- [Customer] [Thread-161] j.LocalContainerEntityManagerFactoryBean : Closing JPA EntityManagerFactory for persistence unit 'default'
2026-10-01T12:33:30.437+05:30  INFO 19972 --- [Customer] [Thread-161] com.zaxxer.hikari.HikariDataSource       : HikariPool-28 - Shutdown initiated...
2026-10-01T12:33:30.439+05:30  INFO 19972 --- [Customer] [Thread-161] com.zaxxer.hikari.HikariDataSource       : HikariPool-28 - Shutdown completed.
2026-10-01T12:33:30.440+05:30  INFO 19972 --- [Customer] [Thread-161] com.netflix.discovery.DiscoveryClient    : Shutting down DiscoveryClient ...
2026-10-01T12:33:33.444+05:30  INFO 19972 --- [Customer] [Thread-161] com.netflix.discovery.DiscoveryClient    : Unregistering ...
2026-10-01T12:33:33.462+05:30  INFO 19972 --- [Customer] [Thread-161] com.netflix.discovery.DiscoveryClient    : DiscoveryClient_CUSTOMER/10.207.81.191:Customer:8084 - deregister  status: 200
2026-10-01T12:33:33.462+05:30  INFO 19972 --- [Customer] [Thread-161] com.netflix.discovery.DiscoveryClient    : Completed shut down of DiscoveryClient
2026-10-01T12:33:33.567+05:30  INFO 19972 --- [Customer] [restartedMain] com.cg.customer.CustomerApplication      : Starting CustomerApplication using Java 21.0.7 with PID 19972 (C:\Users\bmanikch\Documents\workspace-spring-tools-for-eclipse-5.0.1.RELEASE\Customer\target\classes started by bmanikch in C:\Users\bmanikch\Documents\workspace-spring-tools-for-eclipse-5.0.1.RELEASE\Customer)
2026-10-01T12:33:33.568+05:30  INFO 19972 --- [Customer] [restartedMain] com.cg.customer.CustomerApplication      : No active profile set, falling back to 1 default profile: "default"
2026-10-01T12:33:34.003+05:30  INFO 19972 --- [Customer] [restartedMain] .s.d.r.c.RepositoryConfigurationDelegate : Bootstrapping Spring Data JPA repositories in DEFAULT mode.
2026-10-01T12:33:34.023+05:30  INFO 19972 --- [Customer] [restartedMain] .s.d.r.c.RepositoryConfigurationDelegate : Finished Spring Data repository scanning in 15 ms. Found 1 JPA repository interface.
2026-10-01T12:33:34.154+05:30  INFO 19972 --- [Customer] [restartedMain] o.s.cloud.context.scope.GenericScope     : BeanFactory id=0a180c12-f20d-3817-a31a-bb347817188d
2026-10-01T12:33:34.435+05:30  INFO 19972 --- [Customer] [restartedMain] o.s.boot.tomcat.TomcatWebServer          : Tomcat initialized with port 8084 (http)
2026-10-01T12:33:34.437+05:30  INFO 19972 --- [Customer] [restartedMain] o.apache.catalina.core.StandardService   : Starting service [Tomcat]
2026-10-01T12:33:34.437+05:30  INFO 19972 --- [Customer] [restartedMain] o.apache.catalina.core.StandardEngine    : Starting Servlet engine: [Apache Tomcat/11.0.14]
2026-10-01T12:33:34.517+05:30  INFO 19972 --- [Customer] [restartedMain] b.w.c.s.WebApplicationContextInitializer : Root WebApplicationContext: initialization completed in 946 ms
2026-10-01T12:33:34.700+05:30  INFO 19972 --- [Customer] [restartedMain] o.hibernate.jpa.internal.util.LogHelper  : HHH000204: Processing PersistenceUnitInfo [name: default]
2026-10-01T12:33:34.736+05:30  INFO 19972 --- [Customer] [restartedMain] o.s.o.j.p.SpringPersistenceUnitInfo      : No LoadTimeWeaver setup: ignoring JPA class transformer
2026-10-01T12:33:34.737+05:30  INFO 19972 --- [Customer] [restartedMain] com.zaxxer.hikari.HikariDataSource       : HikariPool-29 - Starting...
2026-10-01T12:33:34.858+05:30  INFO 19972 --- [Customer] [restartedMain] com.zaxxer.hikari.pool.HikariPool        : HikariPool-29 - Added connection org.postgresql.jdbc.PgConnection@6ce55a25
2026-10-01T12:33:34.859+05:30  INFO 19972 --- [Customer] [restartedMain] com.zaxxer.hikari.HikariDataSource       : HikariPool-29 - Start completed.
2026-10-01T12:33:34.868+05:30  WARN 19972 --- [Customer] [restartedMain] org.hibernate.orm.deprecation            : HHH90000025: PostgreSQLDialect does not need to be specified explicitly using 'hibernate.dialect' (remove the property setting and it will be selected by default)
2026-10-01T12:33:34.875+05:30  INFO 19972 --- [Customer] [restartedMain] org.hibernate.orm.connections.pooling    : HHH10001005: Database info:
	Database JDBC URL [jdbc:postgresql://localhost:5432/CUSTOMER]
	Database driver: PostgreSQL JDBC Driver
	Database dialect: PostgreSQLDialect
	Database version: 17.5
	Default catalog/schema: CUSTOMER/public
	Autocommit mode: undefined/unknown
	Isolation level: READ_COMMITTED [default READ_COMMITTED]
	JDBC fetch size: none
	Pool: DatasourceConnectionProviderImpl
	Minimum pool size: undefined/unknown
	Maximum pool size: undefined/unknown
2026-10-01T12:33:34.918+05:30  INFO 19972 --- [Customer] [restartedMain] o.h.e.t.j.p.i.JtaPlatformInitiator       : HHH000489: No JTA platform available (set 'hibernate.transaction.jta.platform' to enable JTA platform integration)
2026-10-01T12:33:34.938+05:30  INFO 19972 --- [Customer] [restartedMain] j.LocalContainerEntityManagerFactoryBean : Initialized JPA EntityManagerFactory for persistence unit 'default'
2026-10-01T12:33:35.172+05:30  WARN 19972 --- [Customer] [restartedMain] JpaBaseConfiguration$JpaWebConfiguration : spring.jpa.open-in-view is enabled by default. Therefore, database queries may be performed during view rendering. Explicitly configure spring.jpa.open-in-view to disable this warning
2026-10-01T12:33:35.377+05:30  INFO 19972 --- [Customer] [restartedMain] o.s.c.openfeign.FeignClientFactoryBean   : For 'BANKACCOUNT' URL not provided. Will try picking an instance via load-balancing.
2026-10-01T12:33:35.999+05:30  WARN 19972 --- [Customer] [restartedMain] .s.a.UserDetailsServiceAutoConfiguration : 

Using generated security password: 20d3a178-632f-4297-bf91-cc6360fcee0c

This generated password is for development use only. Your security configuration must be updated before running your application in production.

2026-10-01T12:33:36.007+05:30  INFO 19972 --- [Customer] [restartedMain] r$InitializeUserDetailsManagerConfigurer : Global AuthenticationManager configured with UserDetailsService bean with name inMemoryUserDetailsManager
2026-10-01T12:33:37.581+05:30  INFO 19972 --- [Customer] [restartedMain] DiscoveryClientOptionalArgsConfiguration : Eureka HTTP Client uses RestClient.
2026-10-01T12:33:37.689+05:30  WARN 19972 --- [Customer] [restartedMain] iguration$LoadBalancerCaffeineWarnLogger : Spring Cloud LoadBalancer is currently working with the default cache. While this cache implementation is useful for development and tests, it's recommended to use Caffeine cache in production.You can switch to using Caffeine cache, by adding it and org.springframework.cache.caffeine.CaffeineCacheManager to the classpath.
2026-10-01T12:33:37.734+05:30  INFO 19972 --- [Customer] [restartedMain] o.s.c.n.eureka.InstanceInfoFactory       : Setting initial instance status as: STARTING
2026-10-01T12:33:37.740+05:30  INFO 19972 --- [Customer] [restartedMain] com.netflix.discovery.DiscoveryClient    : Initializing Eureka in region us-east-1
2026-10-01T12:33:37.740+05:30  INFO 19972 --- [Customer] [restartedMain] c.n.d.s.r.aws.ConfigClusterResolver      : Resolving eureka endpoints via configuration
2026-10-01T12:33:37.740+05:30  INFO 19972 --- [Customer] [restartedMain] com.netflix.discovery.DiscoveryClient    : Disable delta property : false
2026-10-01T12:33:37.740+05:30  INFO 19972 --- [Customer] [restartedMain] com.netflix.discovery.DiscoveryClient    : Single vip registry refresh property : null
2026-10-01T12:33:37.740+05:30  INFO 19972 --- [Customer] [restartedMain] com.netflix.discovery.DiscoveryClient    : Force full registry fetch : false
2026-10-01T12:33:37.740+05:30  INFO 19972 --- [Customer] [restartedMain] com.netflix.discovery.DiscoveryClient    : Application is null : false
2026-10-01T12:33:37.740+05:30  INFO 19972 --- [Customer] [restartedMain] com.netflix.discovery.DiscoveryClient    : Registered Applications size is zero : true
2026-10-01T12:33:37.740+05:30  INFO 19972 --- [Customer] [restartedMain] com.netflix.discovery.DiscoveryClient    : Application version is -1: true
2026-10-01T12:33:37.740+05:30  INFO 19972 --- [Customer] [restartedMain] com.netflix.discovery.DiscoveryClient    : Getting all instance registry info from the eureka server
2026-10-01T12:33:37.764+05:30  INFO 19972 --- [Customer] [restartedMain] com.netflix.discovery.DiscoveryClient    : The response status is 200
2026-10-01T12:33:37.765+05:30  INFO 19972 --- [Customer] [restartedMain] com.netflix.discovery.DiscoveryClient    : Starting heartbeat executor: renew interval is: 30
2026-10-01T12:33:37.766+05:30  INFO 19972 --- [Customer] [restartedMain] c.n.discovery.InstanceInfoReplicator     : InstanceInfoReplicator onDemand update allowed rate per min is 4
2026-10-01T12:33:37.766+05:30  INFO 19972 --- [Customer] [restartedMain] com.netflix.discovery.DiscoveryClient    : Discovery Client initialized at timestamp 1790838217766 with initial instances count: 4
2026-10-01T12:33:37.780+05:30  INFO 19972 --- [Customer] [restartedMain] o.s.c.n.e.s.EurekaServiceRegistry        : Registering application CUSTOMER with eureka with status UP
2026-10-01T12:33:37.781+05:30  INFO 19972 --- [Customer] [restartedMain] com.netflix.discovery.DiscoveryClient    : Saw local status change event StatusChangeEvent [timestamp=1790838217781, current=UP, previous=STARTING]
2026-10-01T12:33:37.781+05:30  INFO 19972 --- [Customer] [DiscoveryClient-InstanceInfoReplicator-%d] com.netflix.discovery.DiscoveryClient    : DiscoveryClient_CUSTOMER/10.207.81.191:Customer:8084: registering service...
2026-10-01T12:33:37.790+05:30  INFO 19972 --- [Customer] [restartedMain] o.s.boot.tomcat.TomcatWebServer          : Tomcat started on port 8084 (http) with context path '/'
2026-10-01T12:33:37.791+05:30  INFO 19972 --- [Customer] [restartedMain] .s.c.n.e.s.EurekaAutoServiceRegistration : Updating port to 8084
2026-10-01T12:33:37.793+05:30  INFO 19972 --- [Customer] [DiscoveryClient-InstanceInfoReplicator-%d] com.netflix.discovery.DiscoveryClient    : DiscoveryClient_CUSTOMER/10.207.81.191:Customer:8084 - registration status: 204
2026-10-01T12:33:37.801+05:30  INFO 19972 --- [Customer] [restartedMain] com.cg.customer.CustomerApplication      : Started CustomerApplication in 4.271 seconds (process running for 83654.032)
2026-10-01T12:33:37.802+05:30  WARN 19972 --- [Customer] [restartedMain] o.s.core.events.SpringDocAppInitializer  : SpringDoc /v3/api-docs endpoint is enabled by default. To disable it in production, set the property 'springdoc.api-docs.enabled=false'
2026-10-01T12:33:37.802+05:30  WARN 19972 --- [Customer] [restartedMain] o.s.core.events.SpringDocAppInitializer  : SpringDoc /swagger-ui.html endpoint is enabled by default. To disable it in production, set the property 'springdoc.swagger-ui.enabled=false'
2026-10-01T12:33:37.803+05:30  INFO 19972 --- [Customer] [restartedMain] .ConditionEvaluationDeltaLoggingListener : Condition evaluation unchanged
2026-10-01T12:36:52.095+05:30  INFO 19972 --- [Customer] [File Watcher] rtingClassPathChangeChangedEventListener : Restarting due to 1 class path change (0 additions, 0 deletions, 1 modification)
2026-10-01T12:36:52.097+05:30  INFO 19972 --- [Customer] [Thread-167] o.s.c.n.e.s.EurekaServiceRegistry        : Unregistering application CUSTOMER with eureka with status DOWN
2026-10-01T12:36:52.097+05:30  INFO 19972 --- [Customer] [Thread-167] com.netflix.discovery.DiscoveryClient    : Saw local status change event StatusChangeEvent [timestamp=1790838412097, current=DOWN, previous=UP]
2026-10-01T12:36:52.097+05:30  INFO 19972 --- [Customer] [DiscoveryClient-InstanceInfoReplicator-%d] com.netflix.discovery.DiscoveryClient    : DiscoveryClient_CUSTOMER/10.207.81.191:Customer:8084: registering service...
2026-10-01T12:36:52.097+05:30  INFO 19972 --- [Customer] [Thread-167] o.s.boot.tomcat.GracefulShutdown         : Commencing graceful shutdown. Waiting for active requests to complete
2026-10-01T12:36:52.105+05:30  INFO 19972 --- [Customer] [tomcat-shutdown] o.s.boot.tomcat.GracefulShutdown         : Graceful shutdown complete
2026-10-01T12:36:52.108+05:30  INFO 19972 --- [Customer] [Thread-167] j.LocalContainerEntityManagerFactoryBean : Closing JPA EntityManagerFactory for persistence unit 'default'
2026-10-01T12:36:52.110+05:30  INFO 19972 --- [Customer] [Thread-167] com.zaxxer.hikari.HikariDataSource       : HikariPool-29 - Shutdown initiated...
2026-10-01T12:36:52.111+05:30  INFO 19972 --- [Customer] [DiscoveryClient-InstanceInfoReplicator-%d] com.netflix.discovery.DiscoveryClient    : DiscoveryClient_CUSTOMER/10.207.81.191:Customer:8084 - registration status: 204
2026-10-01T12:36:52.113+05:30  INFO 19972 --- [Customer] [Thread-167] com.zaxxer.hikari.HikariDataSource       : HikariPool-29 - Shutdown completed.
2026-10-01T12:36:52.119+05:30  INFO 19972 --- [Customer] [Thread-167] com.netflix.discovery.DiscoveryClient    : Shutting down DiscoveryClient ...
2026-10-01T12:36:55.136+05:30  INFO 19972 --- [Customer] [Thread-167] com.netflix.discovery.DiscoveryClient    : Unregistering ...
2026-10-01T12:36:55.154+05:30  INFO 19972 --- [Customer] [Thread-167] com.netflix.discovery.DiscoveryClient    : DiscoveryClient_CUSTOMER/10.207.81.191:Customer:8084 - deregister  status: 200
2026-10-01T12:36:55.154+05:30  INFO 19972 --- [Customer] [Thread-167] com.netflix.discovery.DiscoveryClient    : Completed shut down of DiscoveryClient
2026-10-01T12:36:55.270+05:30  INFO 19972 --- [Customer] [restartedMain] com.cg.customer.CustomerApplication      : Starting CustomerApplication using Java 21.0.7 with PID 19972 (C:\Users\bmanikch\Documents\workspace-spring-tools-for-eclipse-5.0.1.RELEASE\Customer\target\classes started by bmanikch in C:\Users\bmanikch\Documents\workspace-spring-tools-for-eclipse-5.0.1.RELEASE\Customer)
2026-10-01T12:36:55.270+05:30  INFO 19972 --- [Customer] [restartedMain] com.cg.customer.CustomerApplication      : No active profile set, falling back to 1 default profile: "default"
2026-10-01T12:36:55.696+05:30  INFO 19972 --- [Customer] [restartedMain] .s.d.r.c.RepositoryConfigurationDelegate : Bootstrapping Spring Data JPA repositories in DEFAULT mode.
2026-10-01T12:36:55.712+05:30  INFO 19972 --- [Customer] [restartedMain] .s.d.r.c.RepositoryConfigurationDelegate : Finished Spring Data repository scanning in 12 ms. Found 1 JPA repository interface.
2026-10-01T12:36:55.808+05:30  INFO 19972 --- [Customer] [restartedMain] o.s.cloud.context.scope.GenericScope     : BeanFactory id=0a180c12-f20d-3817-a31a-bb347817188d
2026-10-01T12:36:56.082+05:30  INFO 19972 --- [Customer] [restartedMain] o.s.boot.tomcat.TomcatWebServer          : Tomcat initialized with port 8084 (http)
2026-10-01T12:36:56.084+05:30  INFO 19972 --- [Customer] [restartedMain] o.apache.catalina.core.StandardService   : Starting service [Tomcat]
2026-10-01T12:36:56.084+05:30  INFO 19972 --- [Customer] [restartedMain] o.apache.catalina.core.StandardEngine    : Starting Servlet engine: [Apache Tomcat/11.0.14]
2026-10-01T12:36:56.166+05:30  INFO 19972 --- [Customer] [restartedMain] b.w.c.s.WebApplicationContextInitializer : Root WebApplicationContext: initialization completed in 894 ms
2026-10-01T12:36:56.357+05:30  INFO 19972 --- [Customer] [restartedMain] o.hibernate.jpa.internal.util.LogHelper  : HHH000204: Processing PersistenceUnitInfo [name: default]
2026-10-01T12:36:56.396+05:30  INFO 19972 --- [Customer] [restartedMain] o.s.o.j.p.SpringPersistenceUnitInfo      : No LoadTimeWeaver setup: ignoring JPA class transformer
2026-10-01T12:36:56.398+05:30  INFO 19972 --- [Customer] [restartedMain] com.zaxxer.hikari.HikariDataSource       : HikariPool-30 - Starting...
2026-10-01T12:36:56.512+05:30  INFO 19972 --- [Customer] [restartedMain] com.zaxxer.hikari.pool.HikariPool        : HikariPool-30 - Added connection org.postgresql.jdbc.PgConnection@1fa0762c
2026-10-01T12:36:56.513+05:30  INFO 19972 --- [Customer] [restartedMain] com.zaxxer.hikari.HikariDataSource       : HikariPool-30 - Start completed.
2026-10-01T12:36:56.520+05:30  WARN 19972 --- [Customer] [restartedMain] org.hibernate.orm.deprecation            : HHH90000025: PostgreSQLDialect does not need to be specified explicitly using 'hibernate.dialect' (remove the property setting and it will be selected by default)
2026-10-01T12:36:56.525+05:30  INFO 19972 --- [Customer] [restartedMain] org.hibernate.orm.connections.pooling    : HHH10001005: Database info:
	Database JDBC URL [jdbc:postgresql://localhost:5432/CUSTOMER]
	Database driver: PostgreSQL JDBC Driver
	Database dialect: PostgreSQLDialect
	Database version: 17.5
	Default catalog/schema: CUSTOMER/public
	Autocommit mode: undefined/unknown
	Isolation level: READ_COMMITTED [default READ_COMMITTED]
	JDBC fetch size: none
	Pool: DatasourceConnectionProviderImpl
	Minimum pool size: undefined/unknown
	Maximum pool size: undefined/unknown
2026-10-01T12:36:56.567+05:30  INFO 19972 --- [Customer] [restartedMain] o.h.e.t.j.p.i.JtaPlatformInitiator       : HHH000489: No JTA platform available (set 'hibernate.transaction.jta.platform' to enable JTA platform integration)
2026-10-01T12:36:56.583+05:30  INFO 19972 --- [Customer] [restartedMain] j.LocalContainerEntityManagerFactoryBean : Initialized JPA EntityManagerFactory for persistence unit 'default'
2026-10-01T12:36:56.815+05:30  WARN 19972 --- [Customer] [restartedMain] JpaBaseConfiguration$JpaWebConfiguration : spring.jpa.open-in-view is enabled by default. Therefore, database queries may be performed during view rendering. Explicitly configure spring.jpa.open-in-view to disable this warning
2026-10-01T12:36:57.016+05:30  INFO 19972 --- [Customer] [restartedMain] o.s.c.openfeign.FeignClientFactoryBean   : For 'BANKACCOUNT' URL not provided. Will try picking an instance via load-balancing.
2026-10-01T12:36:57.615+05:30  WARN 19972 --- [Customer] [restartedMain] .s.a.UserDetailsServiceAutoConfiguration : 

Using generated security password: 22462e76-6386-4a1f-b927-7d6bf7da1a5e

This generated password is for development use only. Your security configuration must be updated before running your application in production.

2026-10-01T12:36:57.622+05:30  INFO 19972 --- [Customer] [restartedMain] r$InitializeUserDetailsManagerConfigurer : Global AuthenticationManager configured with UserDetailsService bean with name inMemoryUserDetailsManager
2026-10-01T12:36:59.282+05:30  INFO 19972 --- [Customer] [restartedMain] DiscoveryClientOptionalArgsConfiguration : Eureka HTTP Client uses RestClient.
2026-10-01T12:36:59.393+05:30  WARN 19972 --- [Customer] [restartedMain] iguration$LoadBalancerCaffeineWarnLogger : Spring Cloud LoadBalancer is currently working with the default cache. While this cache implementation is useful for development and tests, it's recommended to use Caffeine cache in production.You can switch to using Caffeine cache, by adding it and org.springframework.cache.caffeine.CaffeineCacheManager to the classpath.
2026-10-01T12:36:59.456+05:30  INFO 19972 --- [Customer] [restartedMain] o.s.c.n.eureka.InstanceInfoFactory       : Setting initial instance status as: STARTING
2026-10-01T12:36:59.463+05:30  INFO 19972 --- [Customer] [restartedMain] com.netflix.discovery.DiscoveryClient    : Initializing Eureka in region us-east-1
2026-10-01T12:36:59.463+05:30  INFO 19972 --- [Customer] [restartedMain] c.n.d.s.r.aws.ConfigClusterResolver      : Resolving eureka endpoints via configuration
2026-10-01T12:36:59.463+05:30  INFO 19972 --- [Customer] [restartedMain] com.netflix.discovery.DiscoveryClient    : Disable delta property : false
2026-10-01T12:36:59.463+05:30  INFO 19972 --- [Customer] [restartedMain] com.netflix.discovery.DiscoveryClient    : Single vip registry refresh property : null
2026-10-01T12:36:59.463+05:30  INFO 19972 --- [Customer] [restartedMain] com.netflix.discovery.DiscoveryClient    : Force full registry fetch : false
2026-10-01T12:36:59.463+05:30  INFO 19972 --- [Customer] [restartedMain] com.netflix.discovery.DiscoveryClient    : Application is null : false
2026-10-01T12:36:59.463+05:30  INFO 19972 --- [Customer] [restartedMain] com.netflix.discovery.DiscoveryClient    : Registered Applications size is zero : true
2026-10-01T12:36:59.463+05:30  INFO 19972 --- [Customer] [restartedMain] com.netflix.discovery.DiscoveryClient    : Application version is -1: true
2026-10-01T12:36:59.463+05:30  INFO 19972 --- [Customer] [restartedMain] com.netflix.discovery.DiscoveryClient    : Getting all instance registry info from the eureka server
2026-10-01T12:36:59.495+05:30  INFO 19972 --- [Customer] [restartedMain] com.netflix.discovery.DiscoveryClient    : The response status is 200
2026-10-01T12:36:59.496+05:30  INFO 19972 --- [Customer] [restartedMain] com.netflix.discovery.DiscoveryClient    : Starting heartbeat executor: renew interval is: 30
2026-10-01T12:36:59.496+05:30  INFO 19972 --- [Customer] [restartedMain] c.n.discovery.InstanceInfoReplicator     : InstanceInfoReplicator onDemand update allowed rate per min is 4
2026-10-01T12:36:59.497+05:30  INFO 19972 --- [Customer] [restartedMain] com.netflix.discovery.DiscoveryClient    : Discovery Client initialized at timestamp 1790838419496 with initial instances count: 4
2026-10-01T12:36:59.510+05:30  INFO 19972 --- [Customer] [restartedMain] o.s.c.n.e.s.EurekaServiceRegistry        : Registering application CUSTOMER with eureka with status UP
2026-10-01T12:36:59.510+05:30  INFO 19972 --- [Customer] [restartedMain] com.netflix.discovery.DiscoveryClient    : Saw local status change event StatusChangeEvent [timestamp=1790838419510, current=UP, previous=STARTING]
2026-10-01T12:36:59.510+05:30  INFO 19972 --- [Customer] [DiscoveryClient-InstanceInfoReplicator-%d] com.netflix.discovery.DiscoveryClient    : DiscoveryClient_CUSTOMER/10.207.81.191:Customer:8084: registering service...
2026-10-01T12:36:59.518+05:30  INFO 19972 --- [Customer] [restartedMain] o.s.boot.tomcat.TomcatWebServer          : Tomcat started on port 8084 (http) with context path '/'
2026-10-01T12:36:59.519+05:30  INFO 19972 --- [Customer] [restartedMain] .s.c.n.e.s.EurekaAutoServiceRegistration : Updating port to 8084
2026-10-01T12:36:59.522+05:30  INFO 19972 --- [Customer] [DiscoveryClient-InstanceInfoReplicator-%d] com.netflix.discovery.DiscoveryClient    : DiscoveryClient_CUSTOMER/10.207.81.191:Customer:8084 - registration status: 204
2026-10-01T12:36:59.533+05:30  INFO 19972 --- [Customer] [restartedMain] com.cg.customer.CustomerApplication      : Started CustomerApplication in 4.311 seconds (process running for 83855.764)
2026-10-01T12:36:59.535+05:30  WARN 19972 --- [Customer] [restartedMain] o.s.core.events.SpringDocAppInitializer  : SpringDoc /v3/api-docs endpoint is enabled by default. To disable it in production, set the property 'springdoc.api-docs.enabled=false'
2026-10-01T12:36:59.535+05:30  WARN 19972 --- [Customer] [restartedMain] o.s.core.events.SpringDocAppInitializer  : SpringDoc /swagger-ui.html endpoint is enabled by default. To disable it in production, set the property 'springdoc.swagger-ui.enabled=false'
2026-10-01T12:36:59.537+05:30  INFO 19972 --- [Customer] [restartedMain] .ConditionEvaluationDeltaLoggingListener : Condition evaluation unchanged
2026-10-01T12:37:00.377+05:30  INFO 19972 --- [Customer] [File Watcher] rtingClassPathChangeChangedEventListener : Restarting due to 1 class path change (0 additions, 0 deletions, 1 modification)
2026-10-01T12:37:00.380+05:30  INFO 19972 --- [Customer] [Thread-173] o.s.c.n.e.s.EurekaServiceRegistry        : Unregistering application CUSTOMER with eureka with status DOWN
2026-10-01T12:37:00.380+05:30  INFO 19972 --- [Customer] [Thread-173] com.netflix.discovery.DiscoveryClient    : Saw local status change event StatusChangeEvent [timestamp=1790838420380, current=DOWN, previous=UP]
2026-10-01T12:37:00.380+05:30  INFO 19972 --- [Customer] [DiscoveryClient-InstanceInfoReplicator-%d] com.netflix.discovery.DiscoveryClient    : DiscoveryClient_CUSTOMER/10.207.81.191:Customer:8084: registering service...
2026-10-01T12:37:00.381+05:30  INFO 19972 --- [Customer] [Thread-173] o.s.boot.tomcat.GracefulShutdown         : Commencing graceful shutdown. Waiting for active requests to complete
2026-10-01T12:37:00.385+05:30  INFO 19972 --- [Customer] [DiscoveryClient-InstanceInfoReplicator-%d] com.netflix.discovery.DiscoveryClient    : DiscoveryClient_CUSTOMER/10.207.81.191:Customer:8084 - registration status: 204
2026-10-01T12:37:00.390+05:30  INFO 19972 --- [Customer] [tomcat-shutdown] o.s.boot.tomcat.GracefulShutdown         : Graceful shutdown complete
2026-10-01T12:37:00.394+05:30  INFO 19972 --- [Customer] [Thread-173] j.LocalContainerEntityManagerFactoryBean : Closing JPA EntityManagerFactory for persistence unit 'default'
2026-10-01T12:37:00.395+05:30  INFO 19972 --- [Customer] [Thread-173] com.zaxxer.hikari.HikariDataSource       : HikariPool-30 - Shutdown initiated...
2026-10-01T12:37:00.397+05:30  INFO 19972 --- [Customer] [Thread-173] com.zaxxer.hikari.HikariDataSource       : HikariPool-30 - Shutdown completed.
2026-10-01T12:37:00.407+05:30  INFO 19972 --- [Customer] [Thread-173] com.netflix.discovery.DiscoveryClient    : Shutting down DiscoveryClient ...
2026-10-01T12:37:03.417+05:30  INFO 19972 --- [Customer] [Thread-173] com.netflix.discovery.DiscoveryClient    : Unregistering ...
2026-10-01T12:37:03.433+05:30  INFO 19972 --- [Customer] [Thread-173] com.netflix.discovery.DiscoveryClient    : DiscoveryClient_CUSTOMER/10.207.81.191:Customer:8084 - deregister  status: 200
2026-10-01T12:37:03.433+05:30  INFO 19972 --- [Customer] [Thread-173] com.netflix.discovery.DiscoveryClient    : Completed shut down of DiscoveryClient
2026-10-01T12:37:03.535+05:30  INFO 19972 --- [Customer] [restartedMain] com.cg.customer.CustomerApplication      : Starting CustomerApplication using Java 21.0.7 with PID 19972 (C:\Users\bmanikch\Documents\workspace-spring-tools-for-eclipse-5.0.1.RELEASE\Customer\target\classes started by bmanikch in C:\Users\bmanikch\Documents\workspace-spring-tools-for-eclipse-5.0.1.RELEASE\Customer)
2026-10-01T12:37:03.536+05:30  INFO 19972 --- [Customer] [restartedMain] com.cg.customer.CustomerApplication      : No active profile set, falling back to 1 default profile: "default"
2026-10-01T12:37:03.937+05:30  INFO 19972 --- [Customer] [restartedMain] .s.d.r.c.RepositoryConfigurationDelegate : Bootstrapping Spring Data JPA repositories in DEFAULT mode.
2026-10-01T12:37:03.951+05:30  INFO 19972 --- [Customer] [restartedMain] .s.d.r.c.RepositoryConfigurationDelegate : Finished Spring Data repository scanning in 12 ms. Found 1 JPA repository interface.
2026-10-01T12:37:04.053+05:30  INFO 19972 --- [Customer] [restartedMain] o.s.cloud.context.scope.GenericScope     : BeanFactory id=0a180c12-f20d-3817-a31a-bb347817188d
2026-10-01T12:37:04.322+05:30  INFO 19972 --- [Customer] [restartedMain] o.s.boot.tomcat.TomcatWebServer          : Tomcat initialized with port 8084 (http)
2026-10-01T12:37:04.324+05:30  INFO 19972 --- [Customer] [restartedMain] o.apache.catalina.core.StandardService   : Starting service [Tomcat]
2026-10-01T12:37:04.324+05:30  INFO 19972 --- [Customer] [restartedMain] o.apache.catalina.core.StandardEngine    : Starting Servlet engine: [Apache Tomcat/11.0.14]
2026-10-01T12:37:04.401+05:30  INFO 19972 --- [Customer] [restartedMain] b.w.c.s.WebApplicationContextInitializer : Root WebApplicationContext: initialization completed in 863 ms
2026-10-01T12:37:04.609+05:30  INFO 19972 --- [Customer] [restartedMain] o.hibernate.jpa.internal.util.LogHelper  : HHH000204: Processing PersistenceUnitInfo [name: default]
2026-10-01T12:37:04.641+05:30  INFO 19972 --- [Customer] [restartedMain] o.s.o.j.p.SpringPersistenceUnitInfo      : No LoadTimeWeaver setup: ignoring JPA class transformer
2026-10-01T12:37:04.642+05:30  INFO 19972 --- [Customer] [restartedMain] com.zaxxer.hikari.HikariDataSource       : HikariPool-31 - Starting...
2026-10-01T12:37:04.767+05:30  INFO 19972 --- [Customer] [restartedMain] com.zaxxer.hikari.pool.HikariPool        : HikariPool-31 - Added connection org.postgresql.jdbc.PgConnection@5a11ac91
2026-10-01T12:37:04.767+05:30  INFO 19972 --- [Customer] [restartedMain] com.zaxxer.hikari.HikariDataSource       : HikariPool-31 - Start completed.
2026-10-01T12:37:04.775+05:30  WARN 19972 --- [Customer] [restartedMain] org.hibernate.orm.deprecation            : HHH90000025: PostgreSQLDialect does not need to be specified explicitly using 'hibernate.dialect' (remove the property setting and it will be selected by default)
2026-10-01T12:37:04.781+05:30  INFO 19972 --- [Customer] [restartedMain] org.hibernate.orm.connections.pooling    : HHH10001005: Database info:
	Database JDBC URL [jdbc:postgresql://localhost:5432/CUSTOMER]
	Database driver: PostgreSQL JDBC Driver
	Database dialect: PostgreSQLDialect
	Database version: 17.5
	Default catalog/schema: CUSTOMER/public
	Autocommit mode: undefined/unknown
	Isolation level: READ_COMMITTED [default READ_COMMITTED]
	JDBC fetch size: none
	Pool: DatasourceConnectionProviderImpl
	Minimum pool size: undefined/unknown
	Maximum pool size: undefined/unknown
2026-10-01T12:37:04.820+05:30  INFO 19972 --- [Customer] [restartedMain] o.h.e.t.j.p.i.JtaPlatformInitiator       : HHH000489: No JTA platform available (set 'hibernate.transaction.jta.platform' to enable JTA platform integration)
2026-10-01T12:37:04.839+05:30  INFO 19972 --- [Customer] [restartedMain] j.LocalContainerEntityManagerFactoryBean : Initialized JPA EntityManagerFactory for persistence unit 'default'
2026-10-01T12:37:05.091+05:30  WARN 19972 --- [Customer] [restartedMain] JpaBaseConfiguration$JpaWebConfiguration : spring.jpa.open-in-view is enabled by default. Therefore, database queries may be performed during view rendering. Explicitly configure spring.jpa.open-in-view to disable this warning
2026-10-01T12:37:05.281+05:30  INFO 19972 --- [Customer] [restartedMain] o.s.c.openfeign.FeignClientFactoryBean   : For 'BANKACCOUNT' URL not provided. Will try picking an instance via load-balancing.
2026-10-01T12:37:05.858+05:30  WARN 19972 --- [Customer] [restartedMain] .s.a.UserDetailsServiceAutoConfiguration : 

Using generated security password: 1c4bdf4d-f3cc-4f1d-843c-2339fd71a826

This generated password is for development use only. Your security configuration must be updated before running your application in production.

2026-10-01T12:37:05.867+05:30  INFO 19972 --- [Customer] [restartedMain] r$InitializeUserDetailsManagerConfigurer : Global AuthenticationManager configured with UserDetailsService bean with name inMemoryUserDetailsManager
2026-10-01T12:37:07.318+05:30  INFO 19972 --- [Customer] [restartedMain] DiscoveryClientOptionalArgsConfiguration : Eureka HTTP Client uses RestClient.
2026-10-01T12:37:07.435+05:30  WARN 19972 --- [Customer] [restartedMain] iguration$LoadBalancerCaffeineWarnLogger : Spring Cloud LoadBalancer is currently working with the default cache. While this cache implementation is useful for development and tests, it's recommended to use Caffeine cache in production.You can switch to using Caffeine cache, by adding it and org.springframework.cache.caffeine.CaffeineCacheManager to the classpath.
2026-10-01T12:37:07.487+05:30  INFO 19972 --- [Customer] [restartedMain] o.s.c.n.eureka.InstanceInfoFactory       : Setting initial instance status as: STARTING
2026-10-01T12:37:07.496+05:30  INFO 19972 --- [Customer] [restartedMain] com.netflix.discovery.DiscoveryClient    : Initializing Eureka in region us-east-1
2026-10-01T12:37:07.497+05:30  INFO 19972 --- [Customer] [restartedMain] c.n.d.s.r.aws.ConfigClusterResolver      : Resolving eureka endpoints via configuration
2026-10-01T12:37:07.497+05:30  INFO 19972 --- [Customer] [restartedMain] com.netflix.discovery.DiscoveryClient    : Disable delta property : false
2026-10-01T12:37:07.497+05:30  INFO 19972 --- [Customer] [restartedMain] com.netflix.discovery.DiscoveryClient    : Single vip registry refresh property : null
2026-10-01T12:37:07.497+05:30  INFO 19972 --- [Customer] [restartedMain] com.netflix.discovery.DiscoveryClient    : Force full registry fetch : false
2026-10-01T12:37:07.497+05:30  INFO 19972 --- [Customer] [restartedMain] com.netflix.discovery.DiscoveryClient    : Application is null : false
2026-10-01T12:37:07.497+05:30  INFO 19972 --- [Customer] [restartedMain] com.netflix.discovery.DiscoveryClient    : Registered Applications size is zero : true
2026-10-01T12:37:07.497+05:30  INFO 19972 --- [Customer] [restartedMain] com.netflix.discovery.DiscoveryClient    : Application version is -1: true
2026-10-01T12:37:07.497+05:30  INFO 19972 --- [Customer] [restartedMain] com.netflix.discovery.DiscoveryClient    : Getting all instance registry info from the eureka server
2026-10-01T12:37:07.525+05:30  INFO 19972 --- [Customer] [restartedMain] com.netflix.discovery.DiscoveryClient    : The response status is 200
2026-10-01T12:37:07.525+05:30  INFO 19972 --- [Customer] [restartedMain] com.netflix.discovery.DiscoveryClient    : Starting heartbeat executor: renew interval is: 30
2026-10-01T12:37:07.526+05:30  INFO 19972 --- [Customer] [restartedMain] c.n.discovery.InstanceInfoReplicator     : InstanceInfoReplicator onDemand update allowed rate per min is 4
2026-10-01T12:37:07.526+05:30  INFO 19972 --- [Customer] [restartedMain] com.netflix.discovery.DiscoveryClient    : Discovery Client initialized at timestamp 1790838427526 with initial instances count: 4
2026-10-01T12:37:07.540+05:30  INFO 19972 --- [Customer] [restartedMain] o.s.c.n.e.s.EurekaServiceRegistry        : Registering application CUSTOMER with eureka with status UP
2026-10-01T12:37:07.541+05:30  INFO 19972 --- [Customer] [restartedMain] com.netflix.discovery.DiscoveryClient    : Saw local status change event StatusChangeEvent [timestamp=1790838427541, current=UP, previous=STARTING]
2026-10-01T12:37:07.541+05:30  INFO 19972 --- [Customer] [DiscoveryClient-InstanceInfoReplicator-%d] com.netflix.discovery.DiscoveryClient    : DiscoveryClient_CUSTOMER/10.207.81.191:Customer:8084: registering service...
2026-10-01T12:37:07.548+05:30  INFO 19972 --- [Customer] [restartedMain] o.s.boot.tomcat.TomcatWebServer          : Tomcat started on port 8084 (http) with context path '/'
2026-10-01T12:37:07.549+05:30  INFO 19972 --- [Customer] [restartedMain] .s.c.n.e.s.EurekaAutoServiceRegistration : Updating port to 8084
2026-10-01T12:37:07.550+05:30  INFO 19972 --- [Customer] [DiscoveryClient-InstanceInfoReplicator-%d] com.netflix.discovery.DiscoveryClient    : DiscoveryClient_CUSTOMER/10.207.81.191:Customer:8084 - registration status: 204
2026-10-01T12:37:07.563+05:30  INFO 19972 --- [Customer] [restartedMain] com.cg.customer.CustomerApplication      : Started CustomerApplication in 4.065 seconds (process running for 83863.793)
2026-10-01T12:37:07.563+05:30  WARN 19972 --- [Customer] [restartedMain] o.s.core.events.SpringDocAppInitializer  : SpringDoc /v3/api-docs endpoint is enabled by default. To disable it in production, set the property 'springdoc.api-docs.enabled=false'
2026-10-01T12:37:07.563+05:30  WARN 19972 --- [Customer] [restartedMain] o.s.core.events.SpringDocAppInitializer  : SpringDoc /swagger-ui.html endpoint is enabled by default. To disable it in production, set the property 'springdoc.swagger-ui.enabled=false'
2026-10-01T12:37:07.564+05:30  INFO 19972 --- [Customer] [restartedMain] .ConditionEvaluationDeltaLoggingListener : Condition evaluation unchanged
2026-10-01T12:37:44.526+05:30  INFO 19972 --- [Customer] [File Watcher] rtingClassPathChangeChangedEventListener : Restarting due to 1 class path change (0 additions, 0 deletions, 1 modification)
2026-10-01T12:37:44.527+05:30  INFO 19972 --- [Customer] [Thread-179] o.s.c.n.e.s.EurekaServiceRegistry        : Unregistering application CUSTOMER with eureka with status DOWN
2026-10-01T12:37:44.528+05:30  INFO 19972 --- [Customer] [Thread-179] com.netflix.discovery.DiscoveryClient    : Saw local status change event StatusChangeEvent [timestamp=1790838464528, current=DOWN, previous=UP]
2026-10-01T12:37:44.528+05:30  INFO 19972 --- [Customer] [DiscoveryClient-InstanceInfoReplicator-%d] com.netflix.discovery.DiscoveryClient    : DiscoveryClient_CUSTOMER/10.207.81.191:Customer:8084: registering service...
2026-10-01T12:37:44.529+05:30  INFO 19972 --- [Customer] [Thread-179] o.s.boot.tomcat.GracefulShutdown         : Commencing graceful shutdown. Waiting for active requests to complete
2026-10-01T12:37:44.536+05:30  INFO 19972 --- [Customer] [tomcat-shutdown] o.s.boot.tomcat.GracefulShutdown         : Graceful shutdown complete
2026-10-01T12:37:44.538+05:30  INFO 19972 --- [Customer] [Thread-179] j.LocalContainerEntityManagerFactoryBean : Closing JPA EntityManagerFactory for persistence unit 'default'
2026-10-01T12:37:44.539+05:30  INFO 19972 --- [Customer] [Thread-179] com.zaxxer.hikari.HikariDataSource       : HikariPool-31 - Shutdown initiated...
2026-10-01T12:37:44.541+05:30  INFO 19972 --- [Customer] [Thread-179] com.zaxxer.hikari.HikariDataSource       : HikariPool-31 - Shutdown completed.
2026-10-01T12:37:44.542+05:30  INFO 19972 --- [Customer] [Thread-179] com.netflix.discovery.DiscoveryClient    : Shutting down DiscoveryClient ...
2026-10-01T12:37:44.552+05:30  INFO 19972 --- [Customer] [DiscoveryClient-InstanceInfoReplicator-%d] com.netflix.discovery.DiscoveryClient    : DiscoveryClient_CUSTOMER/10.207.81.191:Customer:8084 - registration status: 204
2026-10-01T12:37:44.553+05:30  INFO 19972 --- [Customer] [Thread-179] com.netflix.discovery.DiscoveryClient    : Unregistering ...
2026-10-01T12:37:44.557+05:30  INFO 19972 --- [Customer] [Thread-179] com.netflix.discovery.DiscoveryClient    : DiscoveryClient_CUSTOMER/10.207.81.191:Customer:8084 - deregister  status: 200
2026-10-01T12:37:44.557+05:30  INFO 19972 --- [Customer] [Thread-179] com.netflix.discovery.DiscoveryClient    : Completed shut down of DiscoveryClient
2026-10-01T12:37:44.663+05:30  INFO 19972 --- [Customer] [restartedMain] com.cg.customer.CustomerApplication      : Starting CustomerApplication using Java 21.0.7 with PID 19972 (C:\Users\bmanikch\Documents\workspace-spring-tools-for-eclipse-5.0.1.RELEASE\Customer\target\classes started by bmanikch in C:\Users\bmanikch\Documents\workspace-spring-tools-for-eclipse-5.0.1.RELEASE\Customer)
2026-10-01T12:37:44.663+05:30  INFO 19972 --- [Customer] [restartedMain] com.cg.customer.CustomerApplication      : No active profile set, falling back to 1 default profile: "default"
2026-10-01T12:37:45.042+05:30  INFO 19972 --- [Customer] [restartedMain] .s.d.r.c.RepositoryConfigurationDelegate : Bootstrapping Spring Data JPA repositories in DEFAULT mode.
2026-10-01T12:37:45.056+05:30  INFO 19972 --- [Customer] [restartedMain] .s.d.r.c.RepositoryConfigurationDelegate : Finished Spring Data repository scanning in 11 ms. Found 1 JPA repository interface.
2026-10-01T12:37:45.156+05:30  INFO 19972 --- [Customer] [restartedMain] o.s.cloud.context.scope.GenericScope     : BeanFactory id=0a180c12-f20d-3817-a31a-bb347817188d
2026-10-01T12:37:45.408+05:30  INFO 19972 --- [Customer] [restartedMain] o.s.boot.tomcat.TomcatWebServer          : Tomcat initialized with port 8084 (http)
2026-10-01T12:37:45.409+05:30  INFO 19972 --- [Customer] [restartedMain] o.apache.catalina.core.StandardService   : Starting service [Tomcat]
2026-10-01T12:37:45.410+05:30  INFO 19972 --- [Customer] [restartedMain] o.apache.catalina.core.StandardEngine    : Starting Servlet engine: [Apache Tomcat/11.0.14]
2026-10-01T12:37:45.481+05:30  INFO 19972 --- [Customer] [restartedMain] b.w.c.s.WebApplicationContextInitializer : Root WebApplicationContext: initialization completed in 816 ms
2026-10-01T12:37:45.685+05:30  INFO 19972 --- [Customer] [restartedMain] o.hibernate.jpa.internal.util.LogHelper  : HHH000204: Processing PersistenceUnitInfo [name: default]
2026-10-01T12:37:45.722+05:30  INFO 19972 --- [Customer] [restartedMain] o.s.o.j.p.SpringPersistenceUnitInfo      : No LoadTimeWeaver setup: ignoring JPA class transformer
2026-10-01T12:37:45.724+05:30  INFO 19972 --- [Customer] [restartedMain] com.zaxxer.hikari.HikariDataSource       : HikariPool-32 - Starting...
2026-10-01T12:37:45.838+05:30  INFO 19972 --- [Customer] [restartedMain] com.zaxxer.hikari.pool.HikariPool        : HikariPool-32 - Added connection org.postgresql.jdbc.PgConnection@5926e6cf
2026-10-01T12:37:45.838+05:30  INFO 19972 --- [Customer] [restartedMain] com.zaxxer.hikari.HikariDataSource       : HikariPool-32 - Start completed.
2026-10-01T12:37:45.846+05:30  WARN 19972 --- [Customer] [restartedMain] org.hibernate.orm.deprecation            : HHH90000025: PostgreSQLDialect does not need to be specified explicitly using 'hibernate.dialect' (remove the property setting and it will be selected by default)
2026-10-01T12:37:45.852+05:30  INFO 19972 --- [Customer] [restartedMain] org.hibernate.orm.connections.pooling    : HHH10001005: Database info:
	Database JDBC URL [jdbc:postgresql://localhost:5432/CUSTOMER]
	Database driver: PostgreSQL JDBC Driver
	Database dialect: PostgreSQLDialect
	Database version: 17.5
	Default catalog/schema: CUSTOMER/public
	Autocommit mode: undefined/unknown
	Isolation level: READ_COMMITTED [default READ_COMMITTED]
	JDBC fetch size: none
	Pool: DatasourceConnectionProviderImpl
	Minimum pool size: undefined/unknown
	Maximum pool size: undefined/unknown
2026-10-01T12:37:45.900+05:30  INFO 19972 --- [Customer] [restartedMain] o.h.e.t.j.p.i.JtaPlatformInitiator       : HHH000489: No JTA platform available (set 'hibernate.transaction.jta.platform' to enable JTA platform integration)
2026-10-01T12:37:45.919+05:30  INFO 19972 --- [Customer] [restartedMain] j.LocalContainerEntityManagerFactoryBean : Initialized JPA EntityManagerFactory for persistence unit 'default'
2026-10-01T12:37:46.198+05:30  WARN 19972 --- [Customer] [restartedMain] JpaBaseConfiguration$JpaWebConfiguration : spring.jpa.open-in-view is enabled by default. Therefore, database queries may be performed during view rendering. Explicitly configure spring.jpa.open-in-view to disable this warning
2026-10-01T12:37:46.400+05:30  INFO 19972 --- [Customer] [restartedMain] o.s.c.openfeign.FeignClientFactoryBean   : For 'BANKACCOUNT' URL not provided. Will try picking an instance via load-balancing.
2026-10-01T12:37:47.013+05:30  WARN 19972 --- [Customer] [restartedMain] .s.a.UserDetailsServiceAutoConfiguration : 

Using generated security password: 8f52ff80-a4e8-4821-b0b1-d70febf68207

This generated password is for development use only. Your security configuration must be updated before running your application in production.

2026-10-01T12:37:47.022+05:30  INFO 19972 --- [Customer] [restartedMain] r$InitializeUserDetailsManagerConfigurer : Global AuthenticationManager configured with UserDetailsService bean with name inMemoryUserDetailsManager
2026-10-01T12:37:48.469+05:30  INFO 19972 --- [Customer] [restartedMain] DiscoveryClientOptionalArgsConfiguration : Eureka HTTP Client uses RestClient.
2026-10-01T12:37:48.556+05:30  WARN 19972 --- [Customer] [restartedMain] iguration$LoadBalancerCaffeineWarnLogger : Spring Cloud LoadBalancer is currently working with the default cache. While this cache implementation is useful for development and tests, it's recommended to use Caffeine cache in production.You can switch to using Caffeine cache, by adding it and org.springframework.cache.caffeine.CaffeineCacheManager to the classpath.
2026-10-01T12:37:48.603+05:30  INFO 19972 --- [Customer] [restartedMain] o.s.c.n.eureka.InstanceInfoFactory       : Setting initial instance status as: STARTING
2026-10-01T12:37:48.608+05:30  INFO 19972 --- [Customer] [restartedMain] com.netflix.discovery.DiscoveryClient    : Initializing Eureka in region us-east-1
2026-10-01T12:37:48.608+05:30  INFO 19972 --- [Customer] [restartedMain] c.n.d.s.r.aws.ConfigClusterResolver      : Resolving eureka endpoints via configuration
2026-10-01T12:37:48.608+05:30  INFO 19972 --- [Customer] [restartedMain] com.netflix.discovery.DiscoveryClient    : Disable delta property : false
2026-10-01T12:37:48.608+05:30  INFO 19972 --- [Customer] [restartedMain] com.netflix.discovery.DiscoveryClient    : Single vip registry refresh property : null
2026-10-01T12:37:48.608+05:30  INFO 19972 --- [Customer] [restartedMain] com.netflix.discovery.DiscoveryClient    : Force full registry fetch : false
2026-10-01T12:37:48.608+05:30  INFO 19972 --- [Customer] [restartedMain] com.netflix.discovery.DiscoveryClient    : Application is null : false
2026-10-01T12:37:48.608+05:30  INFO 19972 --- [Customer] [restartedMain] com.netflix.discovery.DiscoveryClient    : Registered Applications size is zero : true
2026-10-01T12:37:48.608+05:30  INFO 19972 --- [Customer] [restartedMain] com.netflix.discovery.DiscoveryClient    : Application version is -1: true
2026-10-01T12:37:48.608+05:30  INFO 19972 --- [Customer] [restartedMain] com.netflix.discovery.DiscoveryClient    : Getting all instance registry info from the eureka server
2026-10-01T12:37:48.630+05:30  INFO 19972 --- [Customer] [restartedMain] com.netflix.discovery.DiscoveryClient    : The response status is 200
2026-10-01T12:37:48.631+05:30  INFO 19972 --- [Customer] [restartedMain] com.netflix.discovery.DiscoveryClient    : Starting heartbeat executor: renew interval is: 30
2026-10-01T12:37:48.631+05:30  INFO 19972 --- [Customer] [restartedMain] c.n.discovery.InstanceInfoReplicator     : InstanceInfoReplicator onDemand update allowed rate per min is 4
2026-10-01T12:37:48.631+05:30  INFO 19972 --- [Customer] [restartedMain] com.netflix.discovery.DiscoveryClient    : Discovery Client initialized at timestamp 1790838468631 with initial instances count: 4
2026-10-01T12:37:48.644+05:30  INFO 19972 --- [Customer] [restartedMain] o.s.c.n.e.s.EurekaServiceRegistry        : Registering application CUSTOMER with eureka with status UP
2026-10-01T12:37:48.644+05:30  INFO 19972 --- [Customer] [restartedMain] com.netflix.discovery.DiscoveryClient    : Saw local status change event StatusChangeEvent [timestamp=1790838468644, current=UP, previous=STARTING]
2026-10-01T12:37:48.645+05:30  INFO 19972 --- [Customer] [DiscoveryClient-InstanceInfoReplicator-%d] com.netflix.discovery.DiscoveryClient    : DiscoveryClient_CUSTOMER/10.207.81.191:Customer:8084: registering service...
2026-10-01T12:37:48.654+05:30  INFO 19972 --- [Customer] [restartedMain] o.s.boot.tomcat.TomcatWebServer          : Tomcat started on port 8084 (http) with context path '/'
2026-10-01T12:37:48.655+05:30  INFO 19972 --- [Customer] [restartedMain] .s.c.n.e.s.EurekaAutoServiceRegistration : Updating port to 8084
2026-10-01T12:37:48.658+05:30  INFO 19972 --- [Customer] [DiscoveryClient-InstanceInfoReplicator-%d] com.netflix.discovery.DiscoveryClient    : DiscoveryClient_CUSTOMER/10.207.81.191:Customer:8084 - registration status: 204
2026-10-01T12:37:48.680+05:30  INFO 19972 --- [Customer] [restartedMain] com.cg.customer.CustomerApplication      : Started CustomerApplication in 4.052 seconds (process running for 83904.911)
2026-10-01T12:37:48.681+05:30  WARN 19972 --- [Customer] [restartedMain] o.s.core.events.SpringDocAppInitializer  : SpringDoc /v3/api-docs endpoint is enabled by default. To disable it in production, set the property 'springdoc.api-docs.enabled=false'
2026-10-01T12:37:48.681+05:30  WARN 19972 --- [Customer] [restartedMain] o.s.core.events.SpringDocAppInitializer  : SpringDoc /swagger-ui.html endpoint is enabled by default. To disable it in production, set the property 'springdoc.swagger-ui.enabled=false'
2026-10-01T12:37:48.682+05:30  INFO 19972 --- [Customer] [restartedMain] .ConditionEvaluationDeltaLoggingListener : Condition evaluation unchanged
2026-10-01T12:38:22.521+05:30  INFO 19972 --- [Customer] [File Watcher] rtingClassPathChangeChangedEventListener : Restarting due to 1 class path change (0 additions, 0 deletions, 1 modification)
2026-10-01T12:38:22.522+05:30  INFO 19972 --- [Customer] [Thread-185] o.s.c.n.e.s.EurekaServiceRegistry        : Unregistering application CUSTOMER with eureka with status DOWN
2026-10-01T12:38:22.522+05:30  INFO 19972 --- [Customer] [Thread-185] com.netflix.discovery.DiscoveryClient    : Saw local status change event StatusChangeEvent [timestamp=1790838502522, current=DOWN, previous=UP]
2026-10-01T12:38:22.524+05:30  INFO 19972 --- [Customer] [DiscoveryClient-InstanceInfoReplicator-%d] com.netflix.discovery.DiscoveryClient    : DiscoveryClient_CUSTOMER/10.207.81.191:Customer:8084: registering service...
2026-10-01T12:38:22.524+05:30  INFO 19972 --- [Customer] [Thread-185] o.s.boot.tomcat.GracefulShutdown         : Commencing graceful shutdown. Waiting for active requests to complete
2026-10-01T12:38:22.531+05:30  INFO 19972 --- [Customer] [tomcat-shutdown] o.s.boot.tomcat.GracefulShutdown         : Graceful shutdown complete
2026-10-01T12:38:22.536+05:30  INFO 19972 --- [Customer] [Thread-185] j.LocalContainerEntityManagerFactoryBean : Closing JPA EntityManagerFactory for persistence unit 'default'
2026-10-01T12:38:22.537+05:30  INFO 19972 --- [Customer] [DiscoveryClient-InstanceInfoReplicator-%d] com.netflix.discovery.DiscoveryClient    : DiscoveryClient_CUSTOMER/10.207.81.191:Customer:8084 - registration status: 204
2026-10-01T12:38:22.537+05:30  INFO 19972 --- [Customer] [Thread-185] com.zaxxer.hikari.HikariDataSource       : HikariPool-32 - Shutdown initiated...
2026-10-01T12:38:22.539+05:30  INFO 19972 --- [Customer] [Thread-185] com.zaxxer.hikari.HikariDataSource       : HikariPool-32 - Shutdown completed.
2026-10-01T12:38:22.540+05:30  INFO 19972 --- [Customer] [Thread-185] com.netflix.discovery.DiscoveryClient    : Shutting down DiscoveryClient ...
2026-10-01T12:38:25.550+05:30  INFO 19972 --- [Customer] [Thread-185] com.netflix.discovery.DiscoveryClient    : Unregistering ...
2026-10-01T12:38:25.567+05:30  INFO 19972 --- [Customer] [Thread-185] com.netflix.discovery.DiscoveryClient    : DiscoveryClient_CUSTOMER/10.207.81.191:Customer:8084 - deregister  status: 200
2026-10-01T12:38:25.568+05:30  INFO 19972 --- [Customer] [Thread-185] com.netflix.discovery.DiscoveryClient    : Completed shut down of DiscoveryClient
2026-10-01T12:38:25.670+05:30  INFO 19972 --- [Customer] [restartedMain] com.cg.customer.CustomerApplication      : Starting CustomerApplication using Java 21.0.7 with PID 19972 (C:\Users\bmanikch\Documents\workspace-spring-tools-for-eclipse-5.0.1.RELEASE\Customer\target\classes started by bmanikch in C:\Users\bmanikch\Documents\workspace-spring-tools-for-eclipse-5.0.1.RELEASE\Customer)
2026-10-01T12:38:25.671+05:30  INFO 19972 --- [Customer] [restartedMain] com.cg.customer.CustomerApplication      : No active profile set, falling back to 1 default profile: "default"
2026-10-01T12:38:26.093+05:30  INFO 19972 --- [Customer] [restartedMain] .s.d.r.c.RepositoryConfigurationDelegate : Bootstrapping Spring Data JPA repositories in DEFAULT mode.
2026-10-01T12:38:26.108+05:30  INFO 19972 --- [Customer] [restartedMain] .s.d.r.c.RepositoryConfigurationDelegate : Finished Spring Data repository scanning in 11 ms. Found 1 JPA repository interface.
2026-10-01T12:38:26.223+05:30  INFO 19972 --- [Customer] [restartedMain] o.s.cloud.context.scope.GenericScope     : BeanFactory id=0a180c12-f20d-3817-a31a-bb347817188d
2026-10-01T12:38:26.542+05:30  INFO 19972 --- [Customer] [restartedMain] o.s.boot.tomcat.TomcatWebServer          : Tomcat initialized with port 8084 (http)
2026-10-01T12:38:26.544+05:30  INFO 19972 --- [Customer] [restartedMain] o.apache.catalina.core.StandardService   : Starting service [Tomcat]
2026-10-01T12:38:26.544+05:30  INFO 19972 --- [Customer] [restartedMain] o.apache.catalina.core.StandardEngine    : Starting Servlet engine: [Apache Tomcat/11.0.14]
2026-10-01T12:38:26.629+05:30  INFO 19972 --- [Customer] [restartedMain] b.w.c.s.WebApplicationContextInitializer : Root WebApplicationContext: initialization completed in 956 ms
2026-10-01T12:38:26.896+05:30  INFO 19972 --- [Customer] [restartedMain] o.hibernate.jpa.internal.util.LogHelper  : HHH000204: Processing PersistenceUnitInfo [name: default]
2026-10-01T12:38:26.929+05:30  INFO 19972 --- [Customer] [restartedMain] o.s.o.j.p.SpringPersistenceUnitInfo      : No LoadTimeWeaver setup: ignoring JPA class transformer
2026-10-01T12:38:26.931+05:30  INFO 19972 --- [Customer] [restartedMain] com.zaxxer.hikari.HikariDataSource       : HikariPool-33 - Starting...
2026-10-01T12:38:27.047+05:30  INFO 19972 --- [Customer] [restartedMain] com.zaxxer.hikari.pool.HikariPool        : HikariPool-33 - Added connection org.postgresql.jdbc.PgConnection@46d251cd
2026-10-01T12:38:27.047+05:30  INFO 19972 --- [Customer] [restartedMain] com.zaxxer.hikari.HikariDataSource       : HikariPool-33 - Start completed.
2026-10-01T12:38:27.054+05:30  WARN 19972 --- [Customer] [restartedMain] org.hibernate.orm.deprecation            : HHH90000025: PostgreSQLDialect does not need to be specified explicitly using 'hibernate.dialect' (remove the property setting and it will be selected by default)
2026-10-01T12:38:27.060+05:30  INFO 19972 --- [Customer] [restartedMain] org.hibernate.orm.connections.pooling    : HHH10001005: Database info:
	Database JDBC URL [jdbc:postgresql://localhost:5432/CUSTOMER]
	Database driver: PostgreSQL JDBC Driver
	Database dialect: PostgreSQLDialect
	Database version: 17.5
	Default catalog/schema: CUSTOMER/public
	Autocommit mode: undefined/unknown
	Isolation level: READ_COMMITTED [default READ_COMMITTED]
	JDBC fetch size: none
	Pool: DatasourceConnectionProviderImpl
	Minimum pool size: undefined/unknown
	Maximum pool size: undefined/unknown
2026-10-01T12:38:27.108+05:30  INFO 19972 --- [Customer] [restartedMain] o.h.e.t.j.p.i.JtaPlatformInitiator       : HHH000489: No JTA platform available (set 'hibernate.transaction.jta.platform' to enable JTA platform integration)
2026-10-01T12:38:27.127+05:30  INFO 19972 --- [Customer] [restartedMain] j.LocalContainerEntityManagerFactoryBean : Initialized JPA EntityManagerFactory for persistence unit 'default'
2026-10-01T12:38:27.361+05:30  WARN 19972 --- [Customer] [restartedMain] JpaBaseConfiguration$JpaWebConfiguration : spring.jpa.open-in-view is enabled by default. Therefore, database queries may be performed during view rendering. Explicitly configure spring.jpa.open-in-view to disable this warning
2026-10-01T12:38:27.564+05:30  INFO 19972 --- [Customer] [restartedMain] o.s.c.openfeign.FeignClientFactoryBean   : For 'BANKACCOUNT' URL not provided. Will try picking an instance via load-balancing.
2026-10-01T12:38:28.136+05:30  WARN 19972 --- [Customer] [restartedMain] .s.a.UserDetailsServiceAutoConfiguration : 

Using generated security password: d857a817-91e4-44d4-be0c-7cafe83230f6

This generated password is for development use only. Your security configuration must be updated before running your application in production.

2026-10-01T12:38:28.147+05:30  INFO 19972 --- [Customer] [restartedMain] r$InitializeUserDetailsManagerConfigurer : Global AuthenticationManager configured with UserDetailsService bean with name inMemoryUserDetailsManager
2026-10-01T12:38:29.775+05:30  INFO 19972 --- [Customer] [restartedMain] DiscoveryClientOptionalArgsConfiguration : Eureka HTTP Client uses RestClient.
2026-10-01T12:38:29.894+05:30  WARN 19972 --- [Customer] [restartedMain] iguration$LoadBalancerCaffeineWarnLogger : Spring Cloud LoadBalancer is currently working with the default cache. While this cache implementation is useful for development and tests, it's recommended to use Caffeine cache in production.You can switch to using Caffeine cache, by adding it and org.springframework.cache.caffeine.CaffeineCacheManager to the classpath.
2026-10-01T12:38:29.949+05:30  INFO 19972 --- [Customer] [restartedMain] o.s.c.n.eureka.InstanceInfoFactory       : Setting initial instance status as: STARTING
2026-10-01T12:38:29.956+05:30  INFO 19972 --- [Customer] [restartedMain] com.netflix.discovery.DiscoveryClient    : Initializing Eureka in region us-east-1
2026-10-01T12:38:29.957+05:30  INFO 19972 --- [Customer] [restartedMain] c.n.d.s.r.aws.ConfigClusterResolver      : Resolving eureka endpoints via configuration
2026-10-01T12:38:29.957+05:30  INFO 19972 --- [Customer] [restartedMain] com.netflix.discovery.DiscoveryClient    : Disable delta property : false
2026-10-01T12:38:29.957+05:30  INFO 19972 --- [Customer] [restartedMain] com.netflix.discovery.DiscoveryClient    : Single vip registry refresh property : null
2026-10-01T12:38:29.957+05:30  INFO 19972 --- [Customer] [restartedMain] com.netflix.discovery.DiscoveryClient    : Force full registry fetch : false
2026-10-01T12:38:29.957+05:30  INFO 19972 --- [Customer] [restartedMain] com.netflix.discovery.DiscoveryClient    : Application is null : false
2026-10-01T12:38:29.957+05:30  INFO 19972 --- [Customer] [restartedMain] com.netflix.discovery.DiscoveryClient    : Registered Applications size is zero : true
2026-10-01T12:38:29.957+05:30  INFO 19972 --- [Customer] [restartedMain] com.netflix.discovery.DiscoveryClient    : Application version is -1: true
2026-10-01T12:38:29.957+05:30  INFO 19972 --- [Customer] [restartedMain] com.netflix.discovery.DiscoveryClient    : Getting all instance registry info from the eureka server
2026-10-01T12:38:29.978+05:30  INFO 19972 --- [Customer] [restartedMain] com.netflix.discovery.DiscoveryClient    : The response status is 200
2026-10-01T12:38:29.979+05:30  INFO 19972 --- [Customer] [restartedMain] com.netflix.discovery.DiscoveryClient    : Starting heartbeat executor: renew interval is: 30
2026-10-01T12:38:29.980+05:30  INFO 19972 --- [Customer] [restartedMain] c.n.discovery.InstanceInfoReplicator     : InstanceInfoReplicator onDemand update allowed rate per min is 4
2026-10-01T12:38:29.980+05:30  INFO 19972 --- [Customer] [restartedMain] com.netflix.discovery.DiscoveryClient    : Discovery Client initialized at timestamp 1790838509980 with initial instances count: 4
2026-10-01T12:38:29.993+05:30  INFO 19972 --- [Customer] [restartedMain] o.s.c.n.e.s.EurekaServiceRegistry        : Registering application CUSTOMER with eureka with status UP
2026-10-01T12:38:29.993+05:30  INFO 19972 --- [Customer] [restartedMain] com.netflix.discovery.DiscoveryClient    : Saw local status change event StatusChangeEvent [timestamp=1790838509993, current=UP, previous=STARTING]
2026-10-01T12:38:29.994+05:30  INFO 19972 --- [Customer] [DiscoveryClient-InstanceInfoReplicator-%d] com.netflix.discovery.DiscoveryClient    : DiscoveryClient_CUSTOMER/10.207.81.191:Customer:8084: registering service...
2026-10-01T12:38:30.002+05:30  INFO 19972 --- [Customer] [restartedMain] o.s.boot.tomcat.TomcatWebServer          : Tomcat started on port 8084 (http) with context path '/'
2026-10-01T12:38:30.003+05:30  INFO 19972 --- [Customer] [restartedMain] .s.c.n.e.s.EurekaAutoServiceRegistration : Updating port to 8084
2026-10-01T12:38:30.004+05:30  INFO 19972 --- [Customer] [DiscoveryClient-InstanceInfoReplicator-%d] com.netflix.discovery.DiscoveryClient    : DiscoveryClient_CUSTOMER/10.207.81.191:Customer:8084 - registration status: 204
2026-10-01T12:38:30.014+05:30  INFO 19972 --- [Customer] [restartedMain] com.cg.customer.CustomerApplication      : Started CustomerApplication in 4.378 seconds (process running for 83946.245)
2026-10-01T12:38:30.016+05:30  WARN 19972 --- [Customer] [restartedMain] o.s.core.events.SpringDocAppInitializer  : SpringDoc /v3/api-docs endpoint is enabled by default. To disable it in production, set the property 'springdoc.api-docs.enabled=false'
2026-10-01T12:38:30.016+05:30  WARN 19972 --- [Customer] [restartedMain] o.s.core.events.SpringDocAppInitializer  : SpringDoc /swagger-ui.html endpoint is enabled by default. To disable it in production, set the property 'springdoc.swagger-ui.enabled=false'
2026-10-01T12:38:30.017+05:30  INFO 19972 --- [Customer] [restartedMain] .ConditionEvaluationDeltaLoggingListener : Condition evaluation unchanged
2026-10-01T12:38:48.077+05:30  INFO 19972 --- [Customer] [http-nio-8084-exec-1] o.a.c.c.C.[Tomcat-1].[localhost].[/]     : Initializing Spring DispatcherServlet 'dispatcherServlet'
2026-10-01T12:38:48.077+05:30  INFO 19972 --- [Customer] [http-nio-8084-exec-1] o.s.web.servlet.DispatcherServlet        : Initializing Servlet 'dispatcherServlet'
2026-10-01T12:38:48.077+05:30  INFO 19972 --- [Customer] [http-nio-8084-exec-1] o.s.web.servlet.DispatcherServlet        : Completed initialization in 0 ms
2026-10-01T12:38:48.077+05:30 ERROR 19972 --- [Customer] [http-nio-8084-exec-1] o.a.c.c.C.[.[.[/].[dispatcherServlet]    : Servlet.service() for servlet [dispatcherServlet] in context with path [] threw exception

io.jsonwebtoken.ExpiredJwtException: JWT expired at 2026-10-01T07:01:16Z. Current time: 2026-10-01T07:08:48Z, a difference of 452077 milliseconds.  Allowed clock skew: 0 milliseconds.
	at io.jsonwebtoken.impl.DefaultJwtParser.parse(DefaultJwtParser.java:427) ~[jjwt-impl-0.11.5.jar:0.11.5]
	at io.jsonwebtoken.impl.DefaultJwtParser.parse(DefaultJwtParser.java:529) ~[jjwt-impl-0.11.5.jar:0.11.5]
	at io.jsonwebtoken.impl.DefaultJwtParser.parseClaimsJws(DefaultJwtParser.java:589) ~[jjwt-impl-0.11.5.jar:0.11.5]
	at io.jsonwebtoken.impl.ImmutableJwtParser.parseClaimsJws(ImmutableJwtParser.java:173) ~[jjwt-impl-0.11.5.jar:0.11.5]
	at com.cg.customer.serviceImpl.CustomerJwtService.extractAllClaims(CustomerJwtService.java:41) ~[classes/:na]
	at com.cg.customer.serviceImpl.CustomerJwtService.extractClaim(CustomerJwtService.java:33) ~[classes/:na]
	at com.cg.customer.serviceImpl.CustomerJwtService.extractUsername(CustomerJwtService.java:29) ~[classes/:na]
	at com.cg.customer.serviceImpl.CustomerJwtService.validateToken(CustomerJwtService.java:47) ~[classes/:na]
	at com.cg.customer.config.CustomerJWTFilter.doFilterInternal(CustomerJWTFilter.java:46) ~[classes/:na]
	at org.springframework.web.filter.OncePerRequestFilter.doFilter(OncePerRequestFilter.java:116) ~[spring-web-7.0.1.jar:7.0.1]
	at org.springframework.security.web.FilterChainProxy$VirtualFilterChain.doFilter(FilterChainProxy.java:380) ~[spring-security-web-7.0.0.jar:7.0.0]
	at org.springframework.security.web.authentication.logout.LogoutFilter.doFilter(LogoutFilter.java:110) ~[spring-security-web-7.0.0.jar:7.0.0]
	at org.springframework.security.web.authentication.logout.LogoutFilter.doFilter(LogoutFilter.java:96) ~[spring-security-web-7.0.0.jar:7.0.0]
	at org.springframework.security.web.FilterChainProxy$VirtualFilterChain.doFilter(FilterChainProxy.java:380) ~[spring-security-web-7.0.0.jar:7.0.0]
	at org.springframework.security.web.header.HeaderWriterFilter.doHeadersAfter(HeaderWriterFilter.java:90) ~[spring-security-web-7.0.0.jar:7.0.0]
	at org.springframework.security.web.header.HeaderWriterFilter.doFilterInternal(HeaderWriterFilter.java:75) ~[spring-security-web-7.0.0.jar:7.0.0]
	at org.springframework.web.filter.OncePerRequestFilter.doFilter(OncePerRequestFilter.java:116) ~[spring-web-7.0.1.jar:7.0.1]
	at org.springframework.security.web.FilterChainProxy$VirtualFilterChain.doFilter(FilterChainProxy.java:380) ~[spring-security-web-7.0.0.jar:7.0.0]
	at org.springframework.security.web.context.SecurityContextHolderFilter.doFilter(SecurityContextHolderFilter.java:82) ~[spring-security-web-7.0.0.jar:7.0.0]
	at org.springframework.security.web.context.SecurityContextHolderFilter.doFilter(SecurityContextHolderFilter.java:69) ~[spring-security-web-7.0.0.jar:7.0.0]
	at org.springframework.security.web.FilterChainProxy$VirtualFilterChain.doFilter(FilterChainProxy.java:380) ~[spring-security-web-7.0.0.jar:7.0.0]
	at org.springframework.security.web.context.request.async.WebAsyncManagerIntegrationFilter.doFilterInternal(WebAsyncManagerIntegrationFilter.java:62) ~[spring-security-web-7.0.0.jar:7.0.0]
	at org.springframework.web.filter.OncePerRequestFilter.doFilter(OncePerRequestFilter.java:116) ~[spring-web-7.0.1.jar:7.0.1]
	at org.springframework.security.web.FilterChainProxy$VirtualFilterChain.doFilter(FilterChainProxy.java:380) ~[spring-security-web-7.0.0.jar:7.0.0]
	at org.springframework.security.web.session.DisableEncodeUrlFilter.doFilterInternal(DisableEncodeUrlFilter.java:42) ~[spring-security-web-7.0.0.jar:7.0.0]
	at org.springframework.web.filter.OncePerRequestFilter.doFilter(OncePerRequestFilter.java:116) ~[spring-web-7.0.1.jar:7.0.1]
	at org.springframework.security.web.FilterChainProxy$VirtualFilterChain.doFilter(FilterChainProxy.java:380) ~[spring-security-web-7.0.0.jar:7.0.0]
	at org.springframework.security.web.FilterChainProxy.doFilterInternal(FilterChainProxy.java:237) ~[spring-security-web-7.0.0.jar:7.0.0]
	at org.springframework.security.web.FilterChainProxy.doFilter(FilterChainProxy.java:195) ~[spring-security-web-7.0.0.jar:7.0.0]
	at org.springframework.web.filter.CompositeFilter$VirtualFilterChain.doFilter(CompositeFilter.java:113) ~[spring-web-7.0.1.jar:7.0.1]
	at org.springframework.web.filter.ServletRequestPathFilter.doFilter(ServletRequestPathFilter.java:52) ~[spring-web-7.0.1.jar:7.0.1]
	at org.springframework.web.filter.CompositeFilter$VirtualFilterChain.doFilter(CompositeFilter.java:113) ~[spring-web-7.0.1.jar:7.0.1]
	at org.springframework.web.filter.CompositeFilter.doFilter(CompositeFilter.java:74) ~[spring-web-7.0.1.jar:7.0.1]
	at org.springframework.security.config.annotation.web.configuration.WebSecurityConfiguration$CompositeFilterChainProxy.doFilter(WebSecurityConfiguration.java:317) ~[spring-security-config-7.0.0.jar:7.0.0]
	at org.springframework.web.filter.DelegatingFilterProxy.invokeDelegate(DelegatingFilterProxy.java:355) ~[spring-web-7.0.1.jar:7.0.1]
	at org.springframework.web.filter.DelegatingFilterProxy.doFilter(DelegatingFilterProxy.java:272) ~[spring-web-7.0.1.jar:7.0.1]
	at org.apache.catalina.core.ApplicationFilterChain.doFilter(ApplicationFilterChain.java:107) ~[tomcat-embed-core-11.0.14.jar:11.0.14]
	at org.springframework.web.filter.RequestContextFilter.doFilterInternal(RequestContextFilter.java:100) ~[spring-web-7.0.1.jar:7.0.1]
	at org.springframework.web.filter.OncePerRequestFilter.doFilter(OncePerRequestFilter.java:116) ~[spring-web-7.0.1.jar:7.0.1]
	at org.apache.catalina.core.ApplicationFilterChain.doFilter(ApplicationFilterChain.java:107) ~[tomcat-embed-core-11.0.14.jar:11.0.14]
	at org.springframework.web.filter.FormContentFilter.doFilterInternal(FormContentFilter.java:93) ~[spring-web-7.0.1.jar:7.0.1]
	at org.springframework.web.filter.OncePerRequestFilter.doFilter(OncePerRequestFilter.java:116) ~[spring-web-7.0.1.jar:7.0.1]
	at org.apache.catalina.core.ApplicationFilterChain.doFilter(ApplicationFilterChain.java:107) ~[tomcat-embed-core-11.0.14.jar:11.0.14]
	at org.springframework.web.filter.CharacterEncodingFilter.doFilterInternal(CharacterEncodingFilter.java:199) ~[spring-web-7.0.1.jar:7.0.1]
	at org.springframework.web.filter.OncePerRequestFilter.doFilter(OncePerRequestFilter.java:116) ~[spring-web-7.0.1.jar:7.0.1]
	at org.apache.catalina.core.ApplicationFilterChain.doFilter(ApplicationFilterChain.java:107) ~[tomcat-embed-core-11.0.14.jar:11.0.14]
	at org.apache.catalina.core.StandardWrapperValve.invoke(StandardWrapperValve.java:165) ~[tomcat-embed-core-11.0.14.jar:11.0.14]
	at org.apache.catalina.core.StandardContextValve.invoke(StandardContextValve.java:77) ~[tomcat-embed-core-11.0.14.jar:11.0.14]
	at org.apache.catalina.authenticator.AuthenticatorBase.invoke(AuthenticatorBase.java:482) ~[tomcat-embed-core-11.0.14.jar:11.0.14]
	at org.apache.catalina.core.StandardHostValve.invoke(StandardHostValve.java:113) ~[tomcat-embed-core-11.0.14.jar:11.0.14]
	at org.apache.catalina.valves.ErrorReportValve.invoke(ErrorReportValve.java:83) ~[tomcat-embed-core-11.0.14.jar:11.0.14]
	at org.apache.catalina.core.StandardEngineValve.invoke(StandardEngineValve.java:72) ~[tomcat-embed-core-11.0.14.jar:11.0.14]
	at org.apache.catalina.connector.CoyoteAdapter.service(CoyoteAdapter.java:341) ~[tomcat-embed-core-11.0.14.jar:11.0.14]
	at org.apache.coyote.http11.Http11Processor.service(Http11Processor.java:397) ~[tomcat-embed-core-11.0.14.jar:11.0.14]
	at org.apache.coyote.AbstractProcessorLight.process(AbstractProcessorLight.java:63) ~[tomcat-embed-core-11.0.14.jar:11.0.14]
	at org.apache.coyote.AbstractProtocol$ConnectionHandler.process(AbstractProtocol.java:903) ~[tomcat-embed-core-11.0.14.jar:11.0.14]
	at org.apache.tomcat.util.net.NioEndpoint$SocketProcessor.doRun(NioEndpoint.java:1778) ~[tomcat-embed-core-11.0.14.jar:11.0.14]
	at org.apache.tomcat.util.net.SocketProcessorBase.run(SocketProcessorBase.java:52) ~[tomcat-embed-core-11.0.14.jar:11.0.14]
	at org.apache.tomcat.util.threads.ThreadPoolExecutor.runWorker(ThreadPoolExecutor.java:946) ~[tomcat-embed-core-11.0.14.jar:11.0.14]
	at org.apache.tomcat.util.threads.ThreadPoolExecutor$Worker.run(ThreadPoolExecutor.java:480) ~[tomcat-embed-core-11.0.14.jar:11.0.14]
	at org.apache.tomcat.util.threads.TaskThread$WrappingRunnable.run(TaskThread.java:57) ~[tomcat-embed-core-11.0.14.jar:11.0.14]
	at java.base/java.lang.Thread.run(Thread.java:1583) ~[na:na]

2026-10-01T12:39:03.965+05:30 ERROR 19972 --- [Customer] [http-nio-8084-exec-2] o.a.c.c.C.[.[.[/].[dispatcherServlet]    : Servlet.service() for servlet [dispatcherServlet] in context with path [] threw exception

io.jsonwebtoken.ExpiredJwtException: JWT expired at 2026-10-01T07:01:16Z. Current time: 2026-10-01T07:09:03Z, a difference of 467965 milliseconds.  Allowed clock skew: 0 milliseconds.
	at io.jsonwebtoken.impl.DefaultJwtParser.parse(DefaultJwtParser.java:427) ~[jjwt-impl-0.11.5.jar:0.11.5]
	at io.jsonwebtoken.impl.DefaultJwtParser.parse(DefaultJwtParser.java:529) ~[jjwt-impl-0.11.5.jar:0.11.5]
	at io.jsonwebtoken.impl.DefaultJwtParser.parseClaimsJws(DefaultJwtParser.java:589) ~[jjwt-impl-0.11.5.jar:0.11.5]
	at io.jsonwebtoken.impl.ImmutableJwtParser.parseClaimsJws(ImmutableJwtParser.java:173) ~[jjwt-impl-0.11.5.jar:0.11.5]
	at com.cg.customer.serviceImpl.CustomerJwtService.extractAllClaims(CustomerJwtService.java:41) ~[classes/:na]
	at com.cg.customer.serviceImpl.CustomerJwtService.extractClaim(CustomerJwtService.java:33) ~[classes/:na]
	at com.cg.customer.serviceImpl.CustomerJwtService.extractUsername(CustomerJwtService.java:29) ~[classes/:na]
	at com.cg.customer.serviceImpl.CustomerJwtService.validateToken(CustomerJwtService.java:47) ~[classes/:na]
	at com.cg.customer.config.CustomerJWTFilter.doFilterInternal(CustomerJWTFilter.java:46) ~[classes/:na]
	at org.springframework.web.filter.OncePerRequestFilter.doFilter(OncePerRequestFilter.java:116) ~[spring-web-7.0.1.jar:7.0.1]
	at org.springframework.security.web.FilterChainProxy$VirtualFilterChain.doFilter(FilterChainProxy.java:380) ~[spring-security-web-7.0.0.jar:7.0.0]
	at org.springframework.security.web.authentication.logout.LogoutFilter.doFilter(LogoutFilter.java:110) ~[spring-security-web-7.0.0.jar:7.0.0]
	at org.springframework.security.web.authentication.logout.LogoutFilter.doFilter(LogoutFilter.java:96) ~[spring-security-web-7.0.0.jar:7.0.0]
	at org.springframework.security.web.FilterChainProxy$VirtualFilterChain.doFilter(FilterChainProxy.java:380) ~[spring-security-web-7.0.0.jar:7.0.0]
	at org.springframework.security.web.header.HeaderWriterFilter.doHeadersAfter(HeaderWriterFilter.java:90) ~[spring-security-web-7.0.0.jar:7.0.0]
	at org.springframework.security.web.header.HeaderWriterFilter.doFilterInternal(HeaderWriterFilter.java:75) ~[spring-security-web-7.0.0.jar:7.0.0]
	at org.springframework.web.filter.OncePerRequestFilter.doFilter(OncePerRequestFilter.java:116) ~[spring-web-7.0.1.jar:7.0.1]
	at org.springframework.security.web.FilterChainProxy$VirtualFilterChain.doFilter(FilterChainProxy.java:380) ~[spring-security-web-7.0.0.jar:7.0.0]
	at org.springframework.security.web.context.SecurityContextHolderFilter.doFilter(SecurityContextHolderFilter.java:82) ~[spring-security-web-7.0.0.jar:7.0.0]
	at org.springframework.security.web.context.SecurityContextHolderFilter.doFilter(SecurityContextHolderFilter.java:69) ~[spring-security-web-7.0.0.jar:7.0.0]
	at org.springframework.security.web.FilterChainProxy$VirtualFilterChain.doFilter(FilterChainProxy.java:380) ~[spring-security-web-7.0.0.jar:7.0.0]
	at org.springframework.security.web.context.request.async.WebAsyncManagerIntegrationFilter.doFilterInternal(WebAsyncManagerIntegrationFilter.java:62) ~[spring-security-web-7.0.0.jar:7.0.0]
	at org.springframework.web.filter.OncePerRequestFilter.doFilter(OncePerRequestFilter.java:116) ~[spring-web-7.0.1.jar:7.0.1]
	at org.springframework.security.web.FilterChainProxy$VirtualFilterChain.doFilter(FilterChainProxy.java:380) ~[spring-security-web-7.0.0.jar:7.0.0]
	at org.springframework.security.web.session.DisableEncodeUrlFilter.doFilterInternal(DisableEncodeUrlFilter.java:42) ~[spring-security-web-7.0.0.jar:7.0.0]
	at org.springframework.web.filter.OncePerRequestFilter.doFilter(OncePerRequestFilter.java:116) ~[spring-web-7.0.1.jar:7.0.1]
	at org.springframework.security.web.FilterChainProxy$VirtualFilterChain.doFilter(FilterChainProxy.java:380) ~[spring-security-web-7.0.0.jar:7.0.0]
	at org.springframework.security.web.FilterChainProxy.doFilterInternal(FilterChainProxy.java:237) ~[spring-security-web-7.0.0.jar:7.0.0]
	at org.springframework.security.web.FilterChainProxy.doFilter(FilterChainProxy.java:195) ~[spring-security-web-7.0.0.jar:7.0.0]
	at org.springframework.web.filter.CompositeFilter$VirtualFilterChain.doFilter(CompositeFilter.java:113) ~[spring-web-7.0.1.jar:7.0.1]
	at org.springframework.web.filter.ServletRequestPathFilter.doFilter(ServletRequestPathFilter.java:52) ~[spring-web-7.0.1.jar:7.0.1]
	at org.springframework.web.filter.CompositeFilter$VirtualFilterChain.doFilter(CompositeFilter.java:113) ~[spring-web-7.0.1.jar:7.0.1]
	at org.springframework.web.filter.CompositeFilter.doFilter(CompositeFilter.java:74) ~[spring-web-7.0.1.jar:7.0.1]
	at org.springframework.security.config.annotation.web.configuration.WebSecurityConfiguration$CompositeFilterChainProxy.doFilter(WebSecurityConfiguration.java:317) ~[spring-security-config-7.0.0.jar:7.0.0]
	at org.springframework.web.filter.DelegatingFilterProxy.invokeDelegate(DelegatingFilterProxy.java:355) ~[spring-web-7.0.1.jar:7.0.1]
	at org.springframework.web.filter.DelegatingFilterProxy.doFilter(DelegatingFilterProxy.java:272) ~[spring-web-7.0.1.jar:7.0.1]
	at org.apache.catalina.core.ApplicationFilterChain.doFilter(ApplicationFilterChain.java:107) ~[tomcat-embed-core-11.0.14.jar:11.0.14]
	at org.springframework.web.filter.RequestContextFilter.doFilterInternal(RequestContextFilter.java:100) ~[spring-web-7.0.1.jar:7.0.1]
	at org.springframework.web.filter.OncePerRequestFilter.doFilter(OncePerRequestFilter.java:116) ~[spring-web-7.0.1.jar:7.0.1]
	at org.apache.catalina.core.ApplicationFilterChain.doFilter(ApplicationFilterChain.java:107) ~[tomcat-embed-core-11.0.14.jar:11.0.14]
	at org.springframework.web.filter.FormContentFilter.doFilterInternal(FormContentFilter.java:93) ~[spring-web-7.0.1.jar:7.0.1]
	at org.springframework.web.filter.OncePerRequestFilter.doFilter(OncePerRequestFilter.java:116) ~[spring-web-7.0.1.jar:7.0.1]
	at org.apache.catalina.core.ApplicationFilterChain.doFilter(ApplicationFilterChain.java:107) ~[tomcat-embed-core-11.0.14.jar:11.0.14]
	at org.springframework.web.filter.CharacterEncodingFilter.doFilterInternal(CharacterEncodingFilter.java:199) ~[spring-web-7.0.1.jar:7.0.1]
	at org.springframework.web.filter.OncePerRequestFilter.doFilter(OncePerRequestFilter.java:116) ~[spring-web-7.0.1.jar:7.0.1]
	at org.apache.catalina.core.ApplicationFilterChain.doFilter(ApplicationFilterChain.java:107) ~[tomcat-embed-core-11.0.14.jar:11.0.14]
	at org.apache.catalina.core.StandardWrapperValve.invoke(StandardWrapperValve.java:165) ~[tomcat-embed-core-11.0.14.jar:11.0.14]
	at org.apache.catalina.core.StandardContextValve.invoke(StandardContextValve.java:77) ~[tomcat-embed-core-11.0.14.jar:11.0.14]
	at org.apache.catalina.authenticator.AuthenticatorBase.invoke(AuthenticatorBase.java:482) ~[tomcat-embed-core-11.0.14.jar:11.0.14]
	at org.apache.catalina.core.StandardHostValve.invoke(StandardHostValve.java:113) ~[tomcat-embed-core-11.0.14.jar:11.0.14]
	at org.apache.catalina.valves.ErrorReportValve.invoke(ErrorReportValve.java:83) ~[tomcat-embed-core-11.0.14.jar:11.0.14]
	at org.apache.catalina.core.StandardEngineValve.invoke(StandardEngineValve.java:72) ~[tomcat-embed-core-11.0.14.jar:11.0.14]
	at org.apache.catalina.connector.CoyoteAdapter.service(CoyoteAdapter.java:341) ~[tomcat-embed-core-11.0.14.jar:11.0.14]
	at org.apache.coyote.http11.Http11Processor.service(Http11Processor.java:397) ~[tomcat-embed-core-11.0.14.jar:11.0.14]
	at org.apache.coyote.AbstractProcessorLight.process(AbstractProcessorLight.java:63) ~[tomcat-embed-core-11.0.14.jar:11.0.14]
	at org.apache.coyote.AbstractProtocol$ConnectionHandler.process(AbstractProtocol.java:903) ~[tomcat-embed-core-11.0.14.jar:11.0.14]
	at org.apache.tomcat.util.net.NioEndpoint$SocketProcessor.doRun(NioEndpoint.java:1778) ~[tomcat-embed-core-11.0.14.jar:11.0.14]
	at org.apache.tomcat.util.net.SocketProcessorBase.run(SocketProcessorBase.java:52) ~[tomcat-embed-core-11.0.14.jar:11.0.14]
	at org.apache.tomcat.util.threads.ThreadPoolExecutor.runWorker(ThreadPoolExecutor.java:946) ~[tomcat-embed-core-11.0.14.jar:11.0.14]
	at org.apache.tomcat.util.threads.ThreadPoolExecutor$Worker.run(ThreadPoolExecutor.java:480) ~[tomcat-embed-core-11.0.14.jar:11.0.14]
	at org.apache.tomcat.util.threads.TaskThread$WrappingRunnable.run(TaskThread.java:57) ~[tomcat-embed-core-11.0.14.jar:11.0.14]
	at java.base/java.lang.Thread.run(Thread.java:1583) ~[na:na]

2026-10-01T12:39:12.709+05:30  INFO 19972 --- [Customer] [http-nio-8084-exec-4] c.c.c.controller.CustomerController      : -----CusomerMicro----Controller getById method called--------
2026-10-01T12:39:21.930+05:30  INFO 19972 --- [Customer] [http-nio-8084-exec-5] c.c.c.controller.CustomerController      : -----CusomerMicro----Controller getById method called--------
2026-10-01T12:40:26.111+05:30  INFO 19972 --- [Customer] [File Watcher] rtingClassPathChangeChangedEventListener : Restarting due to 1 class path change (0 additions, 0 deletions, 1 modification)
2026-10-01T12:40:26.112+05:30  INFO 19972 --- [Customer] [Thread-191] o.s.c.n.e.s.EurekaServiceRegistry        : Unregistering application CUSTOMER with eureka with status DOWN
2026-10-01T12:40:26.112+05:30  INFO 19972 --- [Customer] [Thread-191] com.netflix.discovery.DiscoveryClient    : Saw local status change event StatusChangeEvent [timestamp=1790838626112, current=DOWN, previous=UP]
2026-10-01T12:40:26.112+05:30  INFO 19972 --- [Customer] [DiscoveryClient-InstanceInfoReplicator-%d] com.netflix.discovery.DiscoveryClient    : DiscoveryClient_CUSTOMER/10.207.81.191:Customer:8084: registering service...
2026-10-01T12:40:26.113+05:30  INFO 19972 --- [Customer] [Thread-191] o.s.boot.tomcat.GracefulShutdown         : Commencing graceful shutdown. Waiting for active requests to complete
2026-10-01T12:40:26.118+05:30  INFO 19972 --- [Customer] [tomcat-shutdown] o.s.boot.tomcat.GracefulShutdown         : Graceful shutdown complete
2026-10-01T12:40:26.122+05:30  INFO 19972 --- [Customer] [Thread-191] j.LocalContainerEntityManagerFactoryBean : Closing JPA EntityManagerFactory for persistence unit 'default'
2026-10-01T12:40:26.123+05:30  INFO 19972 --- [Customer] [Thread-191] com.zaxxer.hikari.HikariDataSource       : HikariPool-33 - Shutdown initiated...
2026-10-01T12:40:26.124+05:30  INFO 19972 --- [Customer] [Thread-191] com.zaxxer.hikari.HikariDataSource       : HikariPool-33 - Shutdown completed.
2026-10-01T12:40:26.125+05:30  INFO 19972 --- [Customer] [DiscoveryClient-InstanceInfoReplicator-%d] com.netflix.discovery.DiscoveryClient    : DiscoveryClient_CUSTOMER/10.207.81.191:Customer:8084 - registration status: 204
2026-10-01T12:40:26.125+05:30  INFO 19972 --- [Customer] [Thread-191] com.netflix.discovery.DiscoveryClient    : Shutting down DiscoveryClient ...
2026-10-01T12:40:29.130+05:30  INFO 19972 --- [Customer] [Thread-191] com.netflix.discovery.DiscoveryClient    : Unregistering ...
2026-10-01T12:40:29.147+05:30  INFO 19972 --- [Customer] [Thread-191] com.netflix.discovery.DiscoveryClient    : DiscoveryClient_CUSTOMER/10.207.81.191:Customer:8084 - deregister  status: 200
2026-10-01T12:40:29.147+05:30  INFO 19972 --- [Customer] [Thread-191] com.netflix.discovery.DiscoveryClient    : Completed shut down of DiscoveryClient
2026-10-01T12:40:29.256+05:30  INFO 19972 --- [Customer] [restartedMain] com.cg.customer.CustomerApplication      : Starting CustomerApplication using Java 21.0.7 with PID 19972 (C:\Users\bmanikch\Documents\workspace-spring-tools-for-eclipse-5.0.1.RELEASE\Customer\target\classes started by bmanikch in C:\Users\bmanikch\Documents\workspace-spring-tools-for-eclipse-5.0.1.RELEASE\Customer)
2026-10-01T12:40:29.257+05:30  INFO 19972 --- [Customer] [restartedMain] com.cg.customer.CustomerApplication      : No active profile set, falling back to 1 default profile: "default"
2026-10-01T12:40:29.688+05:30  INFO 19972 --- [Customer] [restartedMain] .s.d.r.c.RepositoryConfigurationDelegate : Bootstrapping Spring Data JPA repositories in DEFAULT mode.
2026-10-01T12:40:29.704+05:30  INFO 19972 --- [Customer] [restartedMain] .s.d.r.c.RepositoryConfigurationDelegate : Finished Spring Data repository scanning in 13 ms. Found 1 JPA repository interface.
2026-10-01T12:40:29.801+05:30  INFO 19972 --- [Customer] [restartedMain] o.s.cloud.context.scope.GenericScope     : BeanFactory id=0a180c12-f20d-3817-a31a-bb347817188d
2026-10-01T12:40:30.106+05:30  INFO 19972 --- [Customer] [restartedMain] o.s.boot.tomcat.TomcatWebServer          : Tomcat initialized with port 8084 (http)
2026-10-01T12:40:30.108+05:30  INFO 19972 --- [Customer] [restartedMain] o.apache.catalina.core.StandardService   : Starting service [Tomcat]
2026-10-01T12:40:30.108+05:30  INFO 19972 --- [Customer] [restartedMain] o.apache.catalina.core.StandardEngine    : Starting Servlet engine: [Apache Tomcat/11.0.14]
2026-10-01T12:40:30.196+05:30  INFO 19972 --- [Customer] [restartedMain] b.w.c.s.WebApplicationContextInitializer : Root WebApplicationContext: initialization completed in 937 ms
2026-10-01T12:40:30.396+05:30  INFO 19972 --- [Customer] [restartedMain] o.hibernate.jpa.internal.util.LogHelper  : HHH000204: Processing PersistenceUnitInfo [name: default]
2026-10-01T12:40:30.432+05:30  INFO 19972 --- [Customer] [restartedMain] o.s.o.j.p.SpringPersistenceUnitInfo      : No LoadTimeWeaver setup: ignoring JPA class transformer
2026-10-01T12:40:30.434+05:30  INFO 19972 --- [Customer] [restartedMain] com.zaxxer.hikari.HikariDataSource       : HikariPool-34 - Starting...
2026-10-01T12:40:30.552+05:30  INFO 19972 --- [Customer] [restartedMain] com.zaxxer.hikari.pool.HikariPool        : HikariPool-34 - Added connection org.postgresql.jdbc.PgConnection@67300047
2026-10-01T12:40:30.553+05:30  INFO 19972 --- [Customer] [restartedMain] com.zaxxer.hikari.HikariDataSource       : HikariPool-34 - Start completed.
2026-10-01T12:40:30.558+05:30  WARN 19972 --- [Customer] [restartedMain] org.hibernate.orm.deprecation            : HHH90000025: PostgreSQLDialect does not need to be specified explicitly using 'hibernate.dialect' (remove the property setting and it will be selected by default)
2026-10-01T12:40:30.565+05:30  INFO 19972 --- [Customer] [restartedMain] org.hibernate.orm.connections.pooling    : HHH10001005: Database info:
	Database JDBC URL [jdbc:postgresql://localhost:5432/CUSTOMER]
	Database driver: PostgreSQL JDBC Driver
	Database dialect: PostgreSQLDialect
	Database version: 17.5
	Default catalog/schema: CUSTOMER/public
	Autocommit mode: undefined/unknown
	Isolation level: READ_COMMITTED [default READ_COMMITTED]
	JDBC fetch size: none
	Pool: DatasourceConnectionProviderImpl
	Minimum pool size: undefined/unknown
	Maximum pool size: undefined/unknown
2026-10-01T12:40:30.607+05:30  INFO 19972 --- [Customer] [restartedMain] o.h.e.t.j.p.i.JtaPlatformInitiator       : HHH000489: No JTA platform available (set 'hibernate.transaction.jta.platform' to enable JTA platform integration)
2026-10-01T12:40:30.627+05:30  INFO 19972 --- [Customer] [restartedMain] j.LocalContainerEntityManagerFactoryBean : Initialized JPA EntityManagerFactory for persistence unit 'default'
2026-10-01T12:40:30.867+05:30  WARN 19972 --- [Customer] [restartedMain] JpaBaseConfiguration$JpaWebConfiguration : spring.jpa.open-in-view is enabled by default. Therefore, database queries may be performed during view rendering. Explicitly configure spring.jpa.open-in-view to disable this warning
2026-10-01T12:40:31.084+05:30  INFO 19972 --- [Customer] [restartedMain] o.s.c.openfeign.FeignClientFactoryBean   : For 'BANKACCOUNT' URL not provided. Will try picking an instance via load-balancing.
2026-10-01T12:40:31.707+05:30  WARN 19972 --- [Customer] [restartedMain] .s.a.UserDetailsServiceAutoConfiguration : 

Using generated security password: fbab6be9-0448-48fb-adfb-e792c54fab82

This generated password is for development use only. Your security configuration must be updated before running your application in production.

2026-10-01T12:40:31.715+05:30  INFO 19972 --- [Customer] [restartedMain] r$InitializeUserDetailsManagerConfigurer : Global AuthenticationManager configured with UserDetailsService bean with name inMemoryUserDetailsManager
2026-10-01T12:40:33.930+05:30  INFO 19972 --- [Customer] [restartedMain] DiscoveryClientOptionalArgsConfiguration : Eureka HTTP Client uses RestClient.
2026-10-01T12:40:34.112+05:30  WARN 19972 --- [Customer] [restartedMain] iguration$LoadBalancerCaffeineWarnLogger : Spring Cloud LoadBalancer is currently working with the default cache. While this cache implementation is useful for development and tests, it's recommended to use Caffeine cache in production.You can switch to using Caffeine cache, by adding it and org.springframework.cache.caffeine.CaffeineCacheManager to the classpath.
2026-10-01T12:40:34.211+05:30  INFO 19972 --- [Customer] [restartedMain] o.s.c.n.eureka.InstanceInfoFactory       : Setting initial instance status as: STARTING
2026-10-01T12:40:34.229+05:30  INFO 19972 --- [Customer] [restartedMain] com.netflix.discovery.DiscoveryClient    : Initializing Eureka in region us-east-1
2026-10-01T12:40:34.229+05:30  INFO 19972 --- [Customer] [restartedMain] c.n.d.s.r.aws.ConfigClusterResolver      : Resolving eureka endpoints via configuration
2026-10-01T12:40:34.229+05:30  INFO 19972 --- [Customer] [restartedMain] com.netflix.discovery.DiscoveryClient    : Disable delta property : false
2026-10-01T12:40:34.229+05:30  INFO 19972 --- [Customer] [restartedMain] com.netflix.discovery.DiscoveryClient    : Single vip registry refresh property : null
2026-10-01T12:40:34.229+05:30  INFO 19972 --- [Customer] [restartedMain] com.netflix.discovery.DiscoveryClient    : Force full registry fetch : false
2026-10-01T12:40:34.229+05:30  INFO 19972 --- [Customer] [restartedMain] com.netflix.discovery.DiscoveryClient    : Application is null : false
2026-10-01T12:40:34.229+05:30  INFO 19972 --- [Customer] [restartedMain] com.netflix.discovery.DiscoveryClient    : Registered Applications size is zero : true
2026-10-01T12:40:34.229+05:30  INFO 19972 --- [Customer] [restartedMain] com.netflix.discovery.DiscoveryClient    : Application version is -1: true
2026-10-01T12:40:34.229+05:30  INFO 19972 --- [Customer] [restartedMain] com.netflix.discovery.DiscoveryClient    : Getting all instance registry info from the eureka server
2026-10-01T12:40:34.280+05:30  INFO 19972 --- [Customer] [restartedMain] com.netflix.discovery.DiscoveryClient    : The response status is 200
2026-10-01T12:40:34.280+05:30  INFO 19972 --- [Customer] [restartedMain] com.netflix.discovery.DiscoveryClient    : Starting heartbeat executor: renew interval is: 30
2026-10-01T12:40:34.280+05:30  INFO 19972 --- [Customer] [restartedMain] c.n.discovery.InstanceInfoReplicator     : InstanceInfoReplicator onDemand update allowed rate per min is 4
2026-10-01T12:40:34.280+05:30  INFO 19972 --- [Customer] [restartedMain] com.netflix.discovery.DiscoveryClient    : Discovery Client initialized at timestamp 1790838634280 with initial instances count: 4
2026-10-01T12:40:34.313+05:30  INFO 19972 --- [Customer] [restartedMain] o.s.c.n.e.s.EurekaServiceRegistry        : Registering application CUSTOMER with eureka with status UP
2026-10-01T12:40:34.313+05:30  INFO 19972 --- [Customer] [restartedMain] com.netflix.discovery.DiscoveryClient    : Saw local status change event StatusChangeEvent [timestamp=1790838634313, current=UP, previous=STARTING]
2026-10-01T12:40:34.313+05:30  INFO 19972 --- [Customer] [DiscoveryClient-InstanceInfoReplicator-%d] com.netflix.discovery.DiscoveryClient    : DiscoveryClient_CUSTOMER/10.207.81.191:Customer:8084: registering service...
2026-10-01T12:40:34.324+05:30  INFO 19972 --- [Customer] [restartedMain] o.s.boot.tomcat.TomcatWebServer          : Tomcat started on port 8084 (http) with context path '/'
2026-10-01T12:40:34.328+05:30  INFO 19972 --- [Customer] [DiscoveryClient-InstanceInfoReplicator-%d] com.netflix.discovery.DiscoveryClient    : DiscoveryClient_CUSTOMER/10.207.81.191:Customer:8084 - registration status: 204
2026-10-01T12:40:34.328+05:30  INFO 19972 --- [Customer] [restartedMain] .s.c.n.e.s.EurekaAutoServiceRegistration : Updating port to 8084
2026-10-01T12:40:34.343+05:30  INFO 19972 --- [Customer] [restartedMain] com.cg.customer.CustomerApplication      : Started CustomerApplication in 5.128 seconds (process running for 84070.574)
2026-10-01T12:40:34.345+05:30  WARN 19972 --- [Customer] [restartedMain] o.s.core.events.SpringDocAppInitializer  : SpringDoc /v3/api-docs endpoint is enabled by default. To disable it in production, set the property 'springdoc.api-docs.enabled=false'
2026-10-01T12:40:34.345+05:30  WARN 19972 --- [Customer] [restartedMain] o.s.core.events.SpringDocAppInitializer  : SpringDoc /swagger-ui.html endpoint is enabled by default. To disable it in production, set the property 'springdoc.swagger-ui.enabled=false'
2026-10-01T12:40:34.345+05:30  INFO 19972 --- [Customer] [restartedMain] .ConditionEvaluationDeltaLoggingListener : Condition evaluation unchanged
2026-10-01T12:40:43.306+05:30  INFO 19972 --- [Customer] [http-nio-8084-exec-1] o.a.c.c.C.[Tomcat-1].[localhost].[/]     : Initializing Spring DispatcherServlet 'dispatcherServlet'
2026-10-01T12:40:43.307+05:30  INFO 19972 --- [Customer] [http-nio-8084-exec-1] o.s.web.servlet.DispatcherServlet        : Initializing Servlet 'dispatcherServlet'
2026-10-01T12:40:43.310+05:30  INFO 19972 --- [Customer] [http-nio-8084-exec-1] o.s.web.servlet.DispatcherServlet        : Completed initialization in 3 ms
2026-10-01T12:40:49.650+05:30  INFO 19972 --- [Customer] [http-nio-8084-exec-2] c.c.c.controller.CustomerController      : -----CusomerMicro----Controller getById method called--------
2026-10-01T12:40:49.701+05:30  WARN 19972 --- [Customer] [http-nio-8084-exec-2] o.s.c.l.core.RoundRobinLoadBalancer      : No servers available for service: BANKACCOUNT
2026-10-01T12:40:49.701+05:30  WARN 19972 --- [Customer] [http-nio-8084-exec-2] .s.c.o.l.FeignBlockingLoadBalancerClient : Load balancer does not contain an instance for the service BANKACCOUNT
2026-10-01T12:41:28.856+05:30  INFO 19972 --- [Customer] [http-nio-8084-exec-3] c.c.c.controller.CustomerController      : -----CusomerMicro----Controller getById method called--------
2026-10-01T12:41:28.862+05:30  WARN 19972 --- [Customer] [http-nio-8084-exec-3] o.s.c.l.core.RoundRobinLoadBalancer      : No servers available for service: BANKACCOUNT
2026-10-01T12:41:28.862+05:30  WARN 19972 --- [Customer] [http-nio-8084-exec-3] .s.c.o.l.FeignBlockingLoadBalancerClient : Load balancer does not contain an instance for the service BANKACCOUNT
2026-10-01T12:41:40.236+05:30  INFO 19972 --- [Customer] [http-nio-8084-exec-5] c.c.c.controller.CustomerController      : -----CusomerMicro----Controller getById method called--------
2026-10-01T12:41:40.240+05:30  WARN 19972 --- [Customer] [http-nio-8084-exec-5] o.s.c.l.core.RoundRobinLoadBalancer      : No servers available for service: BANKACCOUNT
2026-10-01T12:41:40.240+05:30  WARN 19972 --- [Customer] [http-nio-8084-exec-5] .s.c.o.l.FeignBlockingLoadBalancerClient : Load balancer does not contain an instance for the service BANKACCOUNT
2026-10-01T12:41:56.549+05:30  INFO 19972 --- [Customer] [http-nio-8084-exec-6] c.c.c.controller.CustomerController      : -----CusomerMicro----Controller getById method called--------
2026-10-01T12:41:56.552+05:30  WARN 19972 --- [Customer] [http-nio-8084-exec-6] o.s.c.l.core.RoundRobinLoadBalancer      : No servers available for service: BANKACCOUNT
2026-10-01T12:41:56.552+05:30  WARN 19972 --- [Customer] [http-nio-8084-exec-6] .s.c.o.l.FeignBlockingLoadBalancerClient : Load balancer does not contain an instance for the service BANKACCOUNT
2026-10-01T12:41:57.601+05:30  INFO 19972 --- [Customer] [http-nio-8084-exec-7] c.c.c.controller.CustomerController      : -----CusomerMicro----Controller getById method called--------
2026-10-01T12:41:57.603+05:30  WARN 19972 --- [Customer] [http-nio-8084-exec-7] o.s.c.l.core.RoundRobinLoadBalancer      : No servers available for service: BANKACCOUNT
2026-10-01T12:41:57.605+05:30  WARN 19972 --- [Customer] [http-nio-8084-exec-7] .s.c.o.l.FeignBlockingLoadBalancerClient : Load balancer does not contain an instance for the service BANKACCOUNT
2026-10-01T12:42:04.037+05:30  INFO 19972 --- [Customer] [http-nio-8084-exec-8] c.c.c.controller.CustomerController      : -----CusomerMicro----Controller getById method called--------
2026-10-01T12:43:02.138+05:30  INFO 19972 --- [Customer] [http-nio-8084-exec-9] c.c.c.controller.CustomerController      : -----CusomerMicro----Controller getById method called--------
2026-10-01T12:44:02.718+05:30  INFO 19972 --- [Customer] [http-nio-8084-exec-10] c.c.c.controller.CustomerController      : -----CusomerMicro----Controller getById method called--------
2026-10-01T12:45:17.248+05:30  INFO 19972 --- [Customer] [http-nio-8084-exec-3] c.c.c.controller.CustomerController      : -----CusomerMicro----Controller getById method called--------
2026-10-01T12:45:17.253+05:30  WARN 19972 --- [Customer] [http-nio-8084-exec-3] o.s.c.l.core.RoundRobinLoadBalancer      : No servers available for service: BANKACCOUNT
2026-10-01T12:45:17.253+05:30  WARN 19972 --- [Customer] [http-nio-8084-exec-3] .s.c.o.l.FeignBlockingLoadBalancerClient : Load balancer does not contain an instance for the service BANKACCOUNT
2026-10-01T12:45:24.718+05:30  INFO 19972 --- [Customer] [http-nio-8084-exec-4] c.c.c.controller.CustomerController      : -----CusomerMicro----Controller getById method called--------
2026-10-01T12:45:34.244+05:30  INFO 19972 --- [Customer] [AsyncResolver-bootstrap-executor-%d] c.n.d.s.r.aws.ConfigClusterResolver      : Resolving eureka endpoints via configuration
2026-10-01T12:45:56.380+05:30  INFO 19972 --- [Customer] [http-nio-8084-exec-6] c.c.c.controller.CustomerController      : -----CusomerMicro----Controller getById method called--------
2026-10-01T12:46:09.150+05:30  INFO 19972 --- [Customer] [http-nio-8084-exec-7] c.c.c.controller.CustomerController      : -----CusomerMicro----Controller getById method called--------
2026-10-01T12:46:30.094+05:30  INFO 19972 --- [Customer] [http-nio-8084-exec-8] c.c.c.controller.CustomerController      : -----CusomerMicro----Controller getById method called--------
2026-10-01T12:50:24.413+05:30  INFO 19972 --- [Customer] [http-nio-8084-exec-10] c.c.c.controller.CustomerController      : -----CusomerMicro----Controller getById method called--------
2026-10-01T12:50:24.419+05:30  WARN 19972 --- [Customer] [http-nio-8084-exec-10] o.s.c.l.core.RoundRobinLoadBalancer      : No servers available for service: BANKACCOUNT
2026-10-01T12:50:24.419+05:30  WARN 19972 --- [Customer] [http-nio-8084-exec-10] .s.c.o.l.FeignBlockingLoadBalancerClient : Load balancer does not contain an instance for the service BANKACCOUNT
2026-10-01T12:50:34.258+05:30  INFO 19972 --- [Customer] [AsyncResolver-bootstrap-executor-%d] c.n.d.s.r.aws.ConfigClusterResolver      : Resolving eureka endpoints via configuration
2026-10-01T12:55:34.267+05:30  INFO 19972 --- [Customer] [AsyncResolver-bootstrap-executor-%d] c.n.d.s.r.aws.ConfigClusterResolver      : Resolving eureka endpoints via configuration
2026-10-01T13:00:34.268+05:30  INFO 19972 --- [Customer] [AsyncResolver-bootstrap-executor-%d] c.n.d.s.r.aws.ConfigClusterResolver      : Resolving eureka endpoints via configuration
2026-10-01T13:05:34.268+05:30  INFO 19972 --- [Customer] [AsyncResolver-bootstrap-executor-%d] c.n.d.s.r.aws.ConfigClusterResolver      : Resolving eureka endpoints via configuration
2026-10-01T13:10:34.276+05:30  INFO 19972 --- [Customer] [AsyncResolver-bootstrap-executor-%d] c.n.d.s.r.aws.ConfigClusterResolver      : Resolving eureka endpoints via configuration
2026-10-01T13:15:34.284+05:30  INFO 19972 --- [Customer] [AsyncResolver-bootstrap-executor-%d] c.n.d.s.r.aws.ConfigClusterResolver      : Resolving eureka endpoints via configuration
2026-10-01T13:20:34.286+05:30  INFO 19972 --- [Customer] [AsyncResolver-bootstrap-executor-%d] c.n.d.s.r.aws.ConfigClusterResolver      : Resolving eureka endpoints via configuration
2026-10-01T14:22:04.887+05:30  WARN 19972 --- [Customer] [HikariPool-34:housekeeper] com.zaxxer.hikari.pool.HikariPool        : HikariPool-34 - Thread starvation or clock leap detected (housekeeper delta=1h33s540ms673µs800ns).
2026-10-01T14:32:00.049+05:30  WARN 19972 --- [Customer] [HikariPool-34:housekeeper] com.zaxxer.hikari.pool.HikariPool        : HikariPool-34 - Thread starvation or clock leap detected (housekeeper delta=9m57s980ms732µs800ns).
2026-10-01T14:35:08.551+05:30  INFO 19972 --- [Customer] [AsyncResolver-bootstrap-executor-%d] c.n.d.s.r.aws.ConfigClusterResolver      : Resolving eureka endpoints via configuration
2026-10-01T14:40:08.560+05:30  INFO 19972 --- [Customer] [AsyncResolver-bootstrap-executor-%d] c.n.d.s.r.aws.ConfigClusterResolver      : Resolving eureka endpoints via configuration
2026-10-01T14:45:08.569+05:30  INFO 19972 --- [Customer] [AsyncResolver-bootstrap-executor-%d] c.n.d.s.r.aws.ConfigClusterResolver      : Resolving eureka endpoints via configuration
2026-10-01T14:50:08.581+05:30  INFO 19972 --- [Customer] [AsyncResolver-bootstrap-executor-%d] c.n.d.s.r.aws.ConfigClusterResolver      : Resolving eureka endpoints via configuration
2026-10-01T14:55:08.587+05:30  INFO 19972 --- [Customer] [AsyncResolver-bootstrap-executor-%d] c.n.d.s.r.aws.ConfigClusterResolver      : Resolving eureka endpoints via configuration
2026-10-01T15:00:08.593+05:30  INFO 19972 --- [Customer] [AsyncResolver-bootstrap-executor-%d] c.n.d.s.r.aws.ConfigClusterResolver      : Resolving eureka endpoints via configuration
2026-10-01T15:05:08.610+05:30  INFO 19972 --- [Customer] [AsyncResolver-bootstrap-executor-%d] c.n.d.s.r.aws.ConfigClusterResolver      : Resolving eureka endpoints via configuration
2026-10-01T15:10:08.624+05:30  INFO 19972 --- [Customer] [AsyncResolver-bootstrap-executor-%d] c.n.d.s.r.aws.ConfigClusterResolver      : Resolving eureka endpoints via configuration
2026-10-01T15:15:08.628+05:30  INFO 19972 --- [Customer] [AsyncResolver-bootstrap-executor-%d] c.n.d.s.r.aws.ConfigClusterResolver      : Resolving eureka endpoints via configuration
2026-10-01T15:20:08.631+05:30  INFO 19972 --- [Customer] [AsyncResolver-bootstrap-executor-%d] c.n.d.s.r.aws.ConfigClusterResolver      : Resolving eureka endpoints via configuration
2026-10-01T15:25:08.642+05:30  INFO 19972 --- [Customer] [AsyncResolver-bootstrap-executor-%d] c.n.d.s.r.aws.ConfigClusterResolver      : Resolving eureka endpoints via configuration
2026-10-01T15:30:08.654+05:30  INFO 19972 --- [Customer] [AsyncResolver-bootstrap-executor-%d] c.n.d.s.r.aws.ConfigClusterResolver      : Resolving eureka endpoints via configuration
2026-10-01T15:35:08.667+05:30  INFO 19972 --- [Customer] [AsyncResolver-bootstrap-executor-%d] c.n.d.s.r.aws.ConfigClusterResolver      : Resolving eureka endpoints via configuration
2026-10-01T15:40:08.673+05:30  INFO 19972 --- [Customer] [AsyncResolver-bootstrap-executor-%d] c.n.d.s.r.aws.ConfigClusterResolver      : Resolving eureka endpoints via configuration
2026-10-01T15:45:08.689+05:30  INFO 19972 --- [Customer] [AsyncResolver-bootstrap-executor-%d] c.n.d.s.r.aws.ConfigClusterResolver      : Resolving eureka endpoints via configuration
2026-10-01T15:50:08.699+05:30  INFO 19972 --- [Customer] [AsyncResolver-bootstrap-executor-%d] c.n.d.s.r.aws.ConfigClusterResolver      : Resolving eureka endpoints via configuration
2026-10-01T15:55:08.710+05:30  INFO 19972 --- [Customer] [AsyncResolver-bootstrap-executor-%d] c.n.d.s.r.aws.ConfigClusterResolver      : Resolving eureka endpoints via configuration
2026-10-01T16:00:08.715+05:30  INFO 19972 --- [Customer] [AsyncResolver-bootstrap-executor-%d] c.n.d.s.r.aws.ConfigClusterResolver      : Resolving eureka endpoints via configuration
2026-10-01T16:05:08.716+05:30  INFO 19972 --- [Customer] [AsyncResolver-bootstrap-executor-%d] c.n.d.s.r.aws.ConfigClusterResolver      : Resolving eureka endpoints via configuration
2026-10-01T16:10:08.722+05:30  INFO 19972 --- [Customer] [AsyncResolver-bootstrap-executor-%d] c.n.d.s.r.aws.ConfigClusterResolver      : Resolving eureka endpoints via configuration
2026-10-01T16:15:08.729+05:30  INFO 19972 --- [Customer] [AsyncResolver-bootstrap-executor-%d] c.n.d.s.r.aws.ConfigClusterResolver      : Resolving eureka endpoints via configuration
2026-10-01T16:20:08.736+05:30  INFO 19972 --- [Customer] [AsyncResolver-bootstrap-executor-%d] c.n.d.s.r.aws.ConfigClusterResolver      : Resolving eureka endpoints via configuration
2026-10-01T16:25:08.742+05:30  INFO 19972 --- [Customer] [AsyncResolver-bootstrap-executor-%d] c.n.d.s.r.aws.ConfigClusterResolver      : Resolving eureka endpoints via configuration
2026-10-01T16:30:08.778+05:30  INFO 19972 --- [Customer] [AsyncResolver-bootstrap-executor-%d] c.n.d.s.r.aws.ConfigClusterResolver      : Resolving eureka endpoints via configuration
2026-10-01T16:32:45.601+05:30  INFO 19972 --- [Customer] [File Watcher] rtingClassPathChangeChangedEventListener : Restarting due to 7 class path changes (0 additions, 0 deletions, 7 modifications)
2026-10-01T16:32:45.615+05:30  INFO 19972 --- [Customer] [Thread-197] o.s.c.n.e.s.EurekaServiceRegistry        : Unregistering application CUSTOMER with eureka with status DOWN
2026-10-01T16:32:45.617+05:30  INFO 19972 --- [Customer] [Thread-197] com.netflix.discovery.DiscoveryClient    : Saw local status change event StatusChangeEvent [timestamp=1790852565616, current=DOWN, previous=UP]
2026-10-01T16:32:45.619+05:30  INFO 19972 --- [Customer] [DiscoveryClient-InstanceInfoReplicator-%d] com.netflix.discovery.DiscoveryClient    : DiscoveryClient_CUSTOMER/10.207.81.191:Customer:8084: registering service...
2026-10-01T16:32:45.664+05:30  INFO 19972 --- [Customer] [Thread-197] o.s.boot.tomcat.GracefulShutdown         : Commencing graceful shutdown. Waiting for active requests to complete
2026-10-01T16:32:45.700+05:30  INFO 19972 --- [Customer] [tomcat-shutdown] o.s.boot.tomcat.GracefulShutdown         : Graceful shutdown complete
2026-10-01T16:32:45.710+05:30  INFO 19972 --- [Customer] [DiscoveryClient-InstanceInfoReplicator-%d] com.netflix.discovery.DiscoveryClient    : DiscoveryClient_CUSTOMER/10.207.81.191:Customer:8084 - registration status: 204
2026-10-01T16:32:45.768+05:30  INFO 19972 --- [Customer] [Thread-197] j.LocalContainerEntityManagerFactoryBean : Closing JPA EntityManagerFactory for persistence unit 'default'
2026-10-01T16:32:45.795+05:30  INFO 19972 --- [Customer] [Thread-197] com.zaxxer.hikari.HikariDataSource       : HikariPool-34 - Shutdown initiated...
2026-10-01T16:32:45.823+05:30  INFO 19972 --- [Customer] [Thread-197] com.zaxxer.hikari.HikariDataSource       : HikariPool-34 - Shutdown completed.
2026-10-01T16:32:45.829+05:30  INFO 19972 --- [Customer] [Thread-197] com.netflix.discovery.DiscoveryClient    : Shutting down DiscoveryClient ...
2026-10-01T16:32:48.841+05:30  WARN 19972 --- [Customer] [DiscoveryClient-%d] c.netflix.discovery.TimedSupervisorTask  : task supervisor shutting down, can't accept the task
2026-10-01T16:32:48.842+05:30  INFO 19972 --- [Customer] [Thread-197] com.netflix.discovery.DiscoveryClient    : Unregistering ...
2026-10-01T16:32:48.848+05:30  INFO 19972 --- [Customer] [Thread-197] com.netflix.discovery.DiscoveryClient    : DiscoveryClient_CUSTOMER/10.207.81.191:Customer:8084 - deregister  status: 200
2026-10-01T16:32:48.848+05:30  INFO 19972 --- [Customer] [Thread-197] com.netflix.discovery.DiscoveryClient    : Completed shut down of DiscoveryClient
2026-10-01T16:32:49.375+05:30  INFO 19972 --- [Customer] [restartedMain] com.cg.customer.CustomerApplication      : Starting CustomerApplication using Java 21.0.7 with PID 19972 (C:\Users\bmanikch\Documents\workspace-spring-tools-for-eclipse-5.0.1.RELEASE\Customer\target\classes started by bmanikch in C:\Users\bmanikch\Documents\workspace-spring-tools-for-eclipse-5.0.1.RELEASE\Customer)
2026-10-01T16:32:49.376+05:30  INFO 19972 --- [Customer] [restartedMain] com.cg.customer.CustomerApplication      : No active profile set, falling back to 1 default profile: "default"
2026-10-01T16:32:50.438+05:30  INFO 19972 --- [Customer] [restartedMain] .s.d.r.c.RepositoryConfigurationDelegate : Bootstrapping Spring Data JPA repositories in DEFAULT mode.
2026-10-01T16:32:50.485+05:30  INFO 19972 --- [Customer] [restartedMain] .s.d.r.c.RepositoryConfigurationDelegate : Finished Spring Data repository scanning in 42 ms. Found 1 JPA repository interface.
2026-10-01T16:32:50.745+05:30  INFO 19972 --- [Customer] [restartedMain] o.s.cloud.context.scope.GenericScope     : BeanFactory id=0a180c12-f20d-3817-a31a-bb347817188d
2026-10-01T16:32:51.515+05:30  INFO 19972 --- [Customer] [restartedMain] o.s.boot.tomcat.TomcatWebServer          : Tomcat initialized with port 8084 (http)
2026-10-01T16:32:51.520+05:30  INFO 19972 --- [Customer] [restartedMain] o.apache.catalina.core.StandardService   : Starting service [Tomcat]
2026-10-01T16:32:51.520+05:30  INFO 19972 --- [Customer] [restartedMain] o.apache.catalina.core.StandardEngine    : Starting Servlet engine: [Apache Tomcat/11.0.14]
2026-10-01T16:32:51.685+05:30  INFO 19972 --- [Customer] [restartedMain] b.w.c.s.WebApplicationContextInitializer : Root WebApplicationContext: initialization completed in 2304 ms
2026-10-01T16:32:52.043+05:30  INFO 19972 --- [Customer] [restartedMain] o.hibernate.jpa.internal.util.LogHelper  : HHH000204: Processing PersistenceUnitInfo [name: default]
2026-10-01T16:32:52.169+05:30  INFO 19972 --- [Customer] [restartedMain] o.s.o.j.p.SpringPersistenceUnitInfo      : No LoadTimeWeaver setup: ignoring JPA class transformer
2026-10-01T16:32:52.172+05:30  INFO 19972 --- [Customer] [restartedMain] com.zaxxer.hikari.HikariDataSource       : HikariPool-35 - Starting...
2026-10-01T16:32:52.359+05:30  INFO 19972 --- [Customer] [restartedMain] com.zaxxer.hikari.pool.HikariPool        : HikariPool-35 - Added connection org.postgresql.jdbc.PgConnection@24a9a7e5
2026-10-01T16:32:52.359+05:30  INFO 19972 --- [Customer] [restartedMain] com.zaxxer.hikari.HikariDataSource       : HikariPool-35 - Start completed.
2026-10-01T16:32:52.374+05:30  WARN 19972 --- [Customer] [restartedMain] org.hibernate.orm.deprecation            : HHH90000025: PostgreSQLDialect does not need to be specified explicitly using 'hibernate.dialect' (remove the property setting and it will be selected by default)
2026-10-01T16:32:52.387+05:30  INFO 19972 --- [Customer] [restartedMain] org.hibernate.orm.connections.pooling    : HHH10001005: Database info:
	Database JDBC URL [jdbc:postgresql://localhost:5432/CUSTOMER]
	Database driver: PostgreSQL JDBC Driver
	Database dialect: PostgreSQLDialect
	Database version: 17.5
	Default catalog/schema: CUSTOMER/public
	Autocommit mode: undefined/unknown
	Isolation level: READ_COMMITTED [default READ_COMMITTED]
	JDBC fetch size: none
	Pool: DatasourceConnectionProviderImpl
	Minimum pool size: undefined/unknown
	Maximum pool size: undefined/unknown
2026-10-01T16:32:52.521+05:30  INFO 19972 --- [Customer] [restartedMain] o.h.e.t.j.p.i.JtaPlatformInitiator       : HHH000489: No JTA platform available (set 'hibernate.transaction.jta.platform' to enable JTA platform integration)
2026-10-01T16:32:52.576+05:30  INFO 19972 --- [Customer] [restartedMain] j.LocalContainerEntityManagerFactoryBean : Initialized JPA EntityManagerFactory for persistence unit 'default'
2026-10-01T16:32:53.100+05:30  WARN 19972 --- [Customer] [restartedMain] JpaBaseConfiguration$JpaWebConfiguration : spring.jpa.open-in-view is enabled by default. Therefore, database queries may be performed during view rendering. Explicitly configure spring.jpa.open-in-view to disable this warning
2026-10-01T16:32:53.524+05:30  INFO 19972 --- [Customer] [restartedMain] o.s.c.openfeign.FeignClientFactoryBean   : For 'BANKACCOUNT' URL not provided. Will try picking an instance via load-balancing.
2026-10-01T16:32:54.599+05:30  WARN 19972 --- [Customer] [restartedMain] .s.a.UserDetailsServiceAutoConfiguration : 

Using generated security password: 00af993b-94a3-4e0a-85b4-81a75208c276

This generated password is for development use only. Your security configuration must be updated before running your application in production.

2026-10-01T16:32:54.613+05:30  INFO 19972 --- [Customer] [restartedMain] r$InitializeUserDetailsManagerConfigurer : Global AuthenticationManager configured with UserDetailsService bean with name inMemoryUserDetailsManager
2026-10-01T16:32:57.673+05:30  INFO 19972 --- [Customer] [restartedMain] DiscoveryClientOptionalArgsConfiguration : Eureka HTTP Client uses RestClient.
2026-10-01T16:32:57.891+05:30  WARN 19972 --- [Customer] [restartedMain] iguration$LoadBalancerCaffeineWarnLogger : Spring Cloud LoadBalancer is currently working with the default cache. While this cache implementation is useful for development and tests, it's recommended to use Caffeine cache in production.You can switch to using Caffeine cache, by adding it and org.springframework.cache.caffeine.CaffeineCacheManager to the classpath.
2026-10-01T16:32:57.996+05:30  INFO 19972 --- [Customer] [restartedMain] o.s.c.n.eureka.InstanceInfoFactory       : Setting initial instance status as: STARTING
2026-10-01T16:32:58.010+05:30  INFO 19972 --- [Customer] [restartedMain] com.netflix.discovery.DiscoveryClient    : Initializing Eureka in region us-east-1
2026-10-01T16:32:58.010+05:30  INFO 19972 --- [Customer] [restartedMain] c.n.d.s.r.aws.ConfigClusterResolver      : Resolving eureka endpoints via configuration
2026-10-01T16:32:58.011+05:30  INFO 19972 --- [Customer] [restartedMain] com.netflix.discovery.DiscoveryClient    : Disable delta property : false
2026-10-01T16:32:58.011+05:30  INFO 19972 --- [Customer] [restartedMain] com.netflix.discovery.DiscoveryClient    : Single vip registry refresh property : null
2026-10-01T16:32:58.011+05:30  INFO 19972 --- [Customer] [restartedMain] com.netflix.discovery.DiscoveryClient    : Force full registry fetch : false
2026-10-01T16:32:58.011+05:30  INFO 19972 --- [Customer] [restartedMain] com.netflix.discovery.DiscoveryClient    : Application is null : false
2026-10-01T16:32:58.011+05:30  INFO 19972 --- [Customer] [restartedMain] com.netflix.discovery.DiscoveryClient    : Registered Applications size is zero : true
2026-10-01T16:32:58.011+05:30  INFO 19972 --- [Customer] [restartedMain] com.netflix.discovery.DiscoveryClient    : Application version is -1: true
2026-10-01T16:32:58.011+05:30  INFO 19972 --- [Customer] [restartedMain] com.netflix.discovery.DiscoveryClient    : Getting all instance registry info from the eureka server
2026-10-01T16:32:58.050+05:30  INFO 19972 --- [Customer] [restartedMain] com.netflix.discovery.DiscoveryClient    : The response status is 200
2026-10-01T16:32:58.051+05:30  INFO 19972 --- [Customer] [restartedMain] com.netflix.discovery.DiscoveryClient    : Starting heartbeat executor: renew interval is: 30
2026-10-01T16:32:58.053+05:30  INFO 19972 --- [Customer] [restartedMain] c.n.discovery.InstanceInfoReplicator     : InstanceInfoReplicator onDemand update allowed rate per min is 4
2026-10-01T16:32:58.054+05:30  INFO 19972 --- [Customer] [restartedMain] com.netflix.discovery.DiscoveryClient    : Discovery Client initialized at timestamp 1790852578054 with initial instances count: 4
2026-10-01T16:32:58.083+05:30  INFO 19972 --- [Customer] [restartedMain] o.s.c.n.e.s.EurekaServiceRegistry        : Registering application CUSTOMER with eureka with status UP
2026-10-01T16:32:58.084+05:30  INFO 19972 --- [Customer] [restartedMain] com.netflix.discovery.DiscoveryClient    : Saw local status change event StatusChangeEvent [timestamp=1790852578084, current=UP, previous=STARTING]
2026-10-01T16:32:58.084+05:30  INFO 19972 --- [Customer] [DiscoveryClient-InstanceInfoReplicator-%d] com.netflix.discovery.DiscoveryClient    : DiscoveryClient_CUSTOMER/10.207.81.191:Customer:8084: registering service...
2026-10-01T16:32:58.097+05:30  INFO 19972 --- [Customer] [restartedMain] o.s.boot.tomcat.TomcatWebServer          : Tomcat started on port 8084 (http) with context path '/'
2026-10-01T16:32:58.098+05:30  INFO 19972 --- [Customer] [DiscoveryClient-InstanceInfoReplicator-%d] com.netflix.discovery.DiscoveryClient    : DiscoveryClient_CUSTOMER/10.207.81.191:Customer:8084 - registration status: 204
2026-10-01T16:32:58.098+05:30  INFO 19972 --- [Customer] [restartedMain] .s.c.n.e.s.EurekaAutoServiceRegistration : Updating port to 8084
2026-10-01T16:32:58.117+05:30  INFO 19972 --- [Customer] [restartedMain] com.cg.customer.CustomerApplication      : Started CustomerApplication in 8.887 seconds (process running for 98017.166)
2026-10-01T16:32:58.119+05:30  WARN 19972 --- [Customer] [restartedMain] o.s.core.events.SpringDocAppInitializer  : SpringDoc /v3/api-docs endpoint is enabled by default. To disable it in production, set the property 'springdoc.api-docs.enabled=false'
2026-10-01T16:32:58.119+05:30  WARN 19972 --- [Customer] [restartedMain] o.s.core.events.SpringDocAppInitializer  : SpringDoc /swagger-ui.html endpoint is enabled by default. To disable it in production, set the property 'springdoc.swagger-ui.enabled=false'
2026-10-01T16:32:58.120+05:30  INFO 19972 --- [Customer] [restartedMain] .ConditionEvaluationDeltaLoggingListener : Condition evaluation unchanged
2026-10-01T16:33:27.644+05:30  INFO 19972 --- [Customer] [File Watcher] rtingClassPathChangeChangedEventListener : Restarting due to 1 class path change (0 additions, 0 deletions, 1 modification)
2026-10-01T16:33:27.646+05:30  INFO 19972 --- [Customer] [Thread-203] o.s.c.n.e.s.EurekaServiceRegistry        : Unregistering application CUSTOMER with eureka with status DOWN
2026-10-01T16:33:27.646+05:30  INFO 19972 --- [Customer] [Thread-203] com.netflix.discovery.DiscoveryClient    : Saw local status change event StatusChangeEvent [timestamp=1790852607646, current=DOWN, previous=UP]
2026-10-01T16:33:27.646+05:30  INFO 19972 --- [Customer] [DiscoveryClient-InstanceInfoReplicator-%d] com.netflix.discovery.DiscoveryClient    : DiscoveryClient_CUSTOMER/10.207.81.191:Customer:8084: registering service...
2026-10-01T16:33:27.647+05:30  INFO 19972 --- [Customer] [Thread-203] o.s.boot.tomcat.GracefulShutdown         : Commencing graceful shutdown. Waiting for active requests to complete
2026-10-01T16:33:27.654+05:30  INFO 19972 --- [Customer] [DiscoveryClient-InstanceInfoReplicator-%d] com.netflix.discovery.DiscoveryClient    : DiscoveryClient_CUSTOMER/10.207.81.191:Customer:8084 - registration status: 204
2026-10-01T16:33:27.676+05:30  INFO 19972 --- [Customer] [tomcat-shutdown] o.s.boot.tomcat.GracefulShutdown         : Graceful shutdown complete
2026-10-01T16:33:27.682+05:30  INFO 19972 --- [Customer] [Thread-203] j.LocalContainerEntityManagerFactoryBean : Closing JPA EntityManagerFactory for persistence unit 'default'
2026-10-01T16:33:27.683+05:30  INFO 19972 --- [Customer] [Thread-203] com.zaxxer.hikari.HikariDataSource       : HikariPool-35 - Shutdown initiated...
2026-10-01T16:33:27.730+05:30  INFO 19972 --- [Customer] [Thread-203] com.zaxxer.hikari.HikariDataSource       : HikariPool-35 - Shutdown completed.
2026-10-01T16:33:27.733+05:30  INFO 19972 --- [Customer] [Thread-203] com.netflix.discovery.DiscoveryClient    : Shutting down DiscoveryClient ...
2026-10-01T16:33:30.742+05:30  WARN 19972 --- [Customer] [DiscoveryClient-%d] c.netflix.discovery.TimedSupervisorTask  : task supervisor shutting down, can't accept the task
2026-10-01T16:33:30.742+05:30  INFO 19972 --- [Customer] [Thread-203] com.netflix.discovery.DiscoveryClient    : Unregistering ...
2026-10-01T16:33:30.750+05:30  INFO 19972 --- [Customer] [Thread-203] com.netflix.discovery.DiscoveryClient    : DiscoveryClient_CUSTOMER/10.207.81.191:Customer:8084 - deregister  status: 200
2026-10-01T16:33:30.750+05:30  INFO 19972 --- [Customer] [Thread-203] com.netflix.discovery.DiscoveryClient    : Completed shut down of DiscoveryClient
2026-10-01T16:33:31.309+05:30  INFO 19972 --- [Customer] [restartedMain] com.cg.customer.CustomerApplication      : Starting CustomerApplication using Java 21.0.7 with PID 19972 (C:\Users\bmanikch\Documents\workspace-spring-tools-for-eclipse-5.0.1.RELEASE\Customer\target\classes started by bmanikch in C:\Users\bmanikch\Documents\workspace-spring-tools-for-eclipse-5.0.1.RELEASE\Customer)
2026-10-01T16:33:31.309+05:30  INFO 19972 --- [Customer] [restartedMain] com.cg.customer.CustomerApplication      : No active profile set, falling back to 1 default profile: "default"
2026-10-01T16:33:32.461+05:30  INFO 19972 --- [Customer] [restartedMain] .s.d.r.c.RepositoryConfigurationDelegate : Bootstrapping Spring Data JPA repositories in DEFAULT mode.
2026-10-01T16:33:32.564+05:30  INFO 19972 --- [Customer] [restartedMain] .s.d.r.c.RepositoryConfigurationDelegate : Finished Spring Data repository scanning in 87 ms. Found 1 JPA repository interface.
2026-10-01T16:33:32.897+05:30  INFO 19972 --- [Customer] [restartedMain] o.s.cloud.context.scope.GenericScope     : BeanFactory id=0a180c12-f20d-3817-a31a-bb347817188d
2026-10-01T16:33:33.517+05:30  INFO 19972 --- [Customer] [restartedMain] o.s.boot.tomcat.TomcatWebServer          : Tomcat initialized with port 8084 (http)
2026-10-01T16:33:33.517+05:30  INFO 19972 --- [Customer] [restartedMain] o.apache.catalina.core.StandardService   : Starting service [Tomcat]
2026-10-01T16:33:33.517+05:30  INFO 19972 --- [Customer] [restartedMain] o.apache.catalina.core.StandardEngine    : Starting Servlet engine: [Apache Tomcat/11.0.14]
2026-10-01T16:33:33.700+05:30  INFO 19972 --- [Customer] [restartedMain] b.w.c.s.WebApplicationContextInitializer : Root WebApplicationContext: initialization completed in 2369 ms
2026-10-01T16:33:34.170+05:30  INFO 19972 --- [Customer] [restartedMain] o.hibernate.jpa.internal.util.LogHelper  : HHH000204: Processing PersistenceUnitInfo [name: default]
2026-10-01T16:33:34.297+05:30  INFO 19972 --- [Customer] [restartedMain] o.s.o.j.p.SpringPersistenceUnitInfo      : No LoadTimeWeaver setup: ignoring JPA class transformer
2026-10-01T16:33:34.297+05:30  INFO 19972 --- [Customer] [restartedMain] com.zaxxer.hikari.HikariDataSource       : HikariPool-36 - Starting...
2026-10-01T16:33:34.529+05:30  INFO 19972 --- [Customer] [restartedMain] com.zaxxer.hikari.pool.HikariPool        : HikariPool-36 - Added connection org.postgresql.jdbc.PgConnection@4cc04a54
2026-10-01T16:33:34.534+05:30  INFO 19972 --- [Customer] [restartedMain] com.zaxxer.hikari.HikariDataSource       : HikariPool-36 - Start completed.
2026-10-01T16:33:34.534+05:30  WARN 19972 --- [Customer] [restartedMain] org.hibernate.orm.deprecation            : HHH90000025: PostgreSQLDialect does not need to be specified explicitly using 'hibernate.dialect' (remove the property setting and it will be selected by default)
2026-10-01T16:33:34.553+05:30  INFO 19972 --- [Customer] [restartedMain] org.hibernate.orm.connections.pooling    : HHH10001005: Database info:
	Database JDBC URL [jdbc:postgresql://localhost:5432/CUSTOMER]
	Database driver: PostgreSQL JDBC Driver
	Database dialect: PostgreSQLDialect
	Database version: 17.5
	Default catalog/schema: CUSTOMER/public
	Autocommit mode: undefined/unknown
	Isolation level: READ_COMMITTED [default READ_COMMITTED]
	JDBC fetch size: none
	Pool: DatasourceConnectionProviderImpl
	Minimum pool size: undefined/unknown
	Maximum pool size: undefined/unknown
2026-10-01T16:33:34.647+05:30  INFO 19972 --- [Customer] [restartedMain] o.h.e.t.j.p.i.JtaPlatformInitiator       : HHH000489: No JTA platform available (set 'hibernate.transaction.jta.platform' to enable JTA platform integration)
2026-10-01T16:33:34.679+05:30  INFO 19972 --- [Customer] [restartedMain] j.LocalContainerEntityManagerFactoryBean : Initialized JPA EntityManagerFactory for persistence unit 'default'
2026-10-01T16:33:35.154+05:30  WARN 19972 --- [Customer] [restartedMain] JpaBaseConfiguration$JpaWebConfiguration : spring.jpa.open-in-view is enabled by default. Therefore, database queries may be performed during view rendering. Explicitly configure spring.jpa.open-in-view to disable this warning
2026-10-01T16:33:35.469+05:30  INFO 19972 --- [Customer] [restartedMain] o.s.c.openfeign.FeignClientFactoryBean   : For 'BANKACCOUNT' URL not provided. Will try picking an instance via load-balancing.
2026-10-01T16:33:36.422+05:30  WARN 19972 --- [Customer] [restartedMain] .s.a.UserDetailsServiceAutoConfiguration : 

Using generated security password: 63ba3472-12cf-4027-b410-c497e58ae3b9

This generated password is for development use only. Your security configuration must be updated before running your application in production.

2026-10-01T16:33:36.449+05:30  INFO 19972 --- [Customer] [restartedMain] r$InitializeUserDetailsManagerConfigurer : Global AuthenticationManager configured with UserDetailsService bean with name inMemoryUserDetailsManager
2026-10-01T16:33:40.119+05:30  INFO 19972 --- [Customer] [restartedMain] DiscoveryClientOptionalArgsConfiguration : Eureka HTTP Client uses RestClient.
2026-10-01T16:33:40.286+05:30  WARN 19972 --- [Customer] [restartedMain] iguration$LoadBalancerCaffeineWarnLogger : Spring Cloud LoadBalancer is currently working with the default cache. While this cache implementation is useful for development and tests, it's recommended to use Caffeine cache in production.You can switch to using Caffeine cache, by adding it and org.springframework.cache.caffeine.CaffeineCacheManager to the classpath.
2026-10-01T16:33:40.392+05:30  INFO 19972 --- [Customer] [restartedMain] o.s.c.n.eureka.InstanceInfoFactory       : Setting initial instance status as: STARTING
2026-10-01T16:33:40.402+05:30  INFO 19972 --- [Customer] [restartedMain] com.netflix.discovery.DiscoveryClient    : Initializing Eureka in region us-east-1
2026-10-01T16:33:40.402+05:30  INFO 19972 --- [Customer] [restartedMain] c.n.d.s.r.aws.ConfigClusterResolver      : Resolving eureka endpoints via configuration
2026-10-01T16:33:40.402+05:30  INFO 19972 --- [Customer] [restartedMain] com.netflix.discovery.DiscoveryClient    : Disable delta property : false
2026-10-01T16:33:40.402+05:30  INFO 19972 --- [Customer] [restartedMain] com.netflix.discovery.DiscoveryClient    : Single vip registry refresh property : null
2026-10-01T16:33:40.402+05:30  INFO 19972 --- [Customer] [restartedMain] com.netflix.discovery.DiscoveryClient    : Force full registry fetch : false
2026-10-01T16:33:40.402+05:30  INFO 19972 --- [Customer] [restartedMain] com.netflix.discovery.DiscoveryClient    : Application is null : false
2026-10-01T16:33:40.402+05:30  INFO 19972 --- [Customer] [restartedMain] com.netflix.discovery.DiscoveryClient    : Registered Applications size is zero : true
2026-10-01T16:33:40.402+05:30  INFO 19972 --- [Customer] [restartedMain] com.netflix.discovery.DiscoveryClient    : Application version is -1: true
2026-10-01T16:33:40.402+05:30  INFO 19972 --- [Customer] [restartedMain] com.netflix.discovery.DiscoveryClient    : Getting all instance registry info from the eureka server
2026-10-01T16:33:40.442+05:30  INFO 19972 --- [Customer] [restartedMain] com.netflix.discovery.DiscoveryClient    : The response status is 200
2026-10-01T16:33:40.443+05:30  INFO 19972 --- [Customer] [restartedMain] com.netflix.discovery.DiscoveryClient    : Starting heartbeat executor: renew interval is: 30
2026-10-01T16:33:40.443+05:30  INFO 19972 --- [Customer] [restartedMain] c.n.discovery.InstanceInfoReplicator     : InstanceInfoReplicator onDemand update allowed rate per min is 4
2026-10-01T16:33:40.444+05:30  INFO 19972 --- [Customer] [restartedMain] com.netflix.discovery.DiscoveryClient    : Discovery Client initialized at timestamp 1790852620443 with initial instances count: 4
2026-10-01T16:33:40.469+05:30  INFO 19972 --- [Customer] [restartedMain] o.s.c.n.e.s.EurekaServiceRegistry        : Registering application CUSTOMER with eureka with status UP
2026-10-01T16:33:40.469+05:30  INFO 19972 --- [Customer] [restartedMain] com.netflix.discovery.DiscoveryClient    : Saw local status change event StatusChangeEvent [timestamp=1790852620469, current=UP, previous=STARTING]
2026-10-01T16:33:40.469+05:30  INFO 19972 --- [Customer] [DiscoveryClient-InstanceInfoReplicator-%d] com.netflix.discovery.DiscoveryClient    : DiscoveryClient_CUSTOMER/10.207.81.191:Customer:8084: registering service...
2026-10-01T16:33:40.489+05:30  INFO 19972 --- [Customer] [DiscoveryClient-InstanceInfoReplicator-%d] com.netflix.discovery.DiscoveryClient    : DiscoveryClient_CUSTOMER/10.207.81.191:Customer:8084 - registration status: 204
2026-10-01T16:33:40.489+05:30  INFO 19972 --- [Customer] [restartedMain] o.s.boot.tomcat.TomcatWebServer          : Tomcat started on port 8084 (http) with context path '/'
2026-10-01T16:33:40.489+05:30  INFO 19972 --- [Customer] [restartedMain] .s.c.n.e.s.EurekaAutoServiceRegistration : Updating port to 8084
2026-10-01T16:33:40.511+05:30  INFO 19972 --- [Customer] [restartedMain] com.cg.customer.CustomerApplication      : Started CustomerApplication in 9.578 seconds (process running for 98059.563)
2026-10-01T16:33:40.511+05:30  WARN 19972 --- [Customer] [restartedMain] o.s.core.events.SpringDocAppInitializer  : SpringDoc /v3/api-docs endpoint is enabled by default. To disable it in production, set the property 'springdoc.api-docs.enabled=false'
2026-10-01T16:33:40.511+05:30  WARN 19972 --- [Customer] [restartedMain] o.s.core.events.SpringDocAppInitializer  : SpringDoc /swagger-ui.html endpoint is enabled by default. To disable it in production, set the property 'springdoc.swagger-ui.enabled=false'
2026-10-01T16:33:40.511+05:30  INFO 19972 --- [Customer] [restartedMain] .ConditionEvaluationDeltaLoggingListener : Condition evaluation unchanged
2026-10-01T16:33:40.672+05:30  INFO 19972 --- [Customer] [File Watcher] rtingClassPathChangeChangedEventListener : Restarting due to 18 class path changes (0 additions, 0 deletions, 18 modifications)
2026-10-01T16:33:40.674+05:30  INFO 19972 --- [Customer] [Thread-209] o.s.c.n.e.s.EurekaServiceRegistry        : Unregistering application CUSTOMER with eureka with status DOWN
2026-10-01T16:33:40.674+05:30  INFO 19972 --- [Customer] [Thread-209] com.netflix.discovery.DiscoveryClient    : Saw local status change event StatusChangeEvent [timestamp=1790852620674, current=DOWN, previous=UP]
2026-10-01T16:33:40.674+05:30  INFO 19972 --- [Customer] [DiscoveryClient-InstanceInfoReplicator-%d] com.netflix.discovery.DiscoveryClient    : DiscoveryClient_CUSTOMER/10.207.81.191:Customer:8084: registering service...
2026-10-01T16:33:40.676+05:30  INFO 19972 --- [Customer] [Thread-209] o.s.boot.tomcat.GracefulShutdown         : Commencing graceful shutdown. Waiting for active requests to complete
2026-10-01T16:33:40.676+05:30  INFO 19972 --- [Customer] [DiscoveryClient-InstanceInfoReplicator-%d] com.netflix.discovery.DiscoveryClient    : DiscoveryClient_CUSTOMER/10.207.81.191:Customer:8084 - registration status: 204
2026-10-01T16:33:40.683+05:30  INFO 19972 --- [Customer] [tomcat-shutdown] o.s.boot.tomcat.GracefulShutdown         : Graceful shutdown complete
2026-10-01T16:33:40.683+05:30  INFO 19972 --- [Customer] [Thread-209] j.LocalContainerEntityManagerFactoryBean : Closing JPA EntityManagerFactory for persistence unit 'default'
2026-10-01T16:33:40.683+05:30  INFO 19972 --- [Customer] [Thread-209] com.zaxxer.hikari.HikariDataSource       : HikariPool-36 - Shutdown initiated...
2026-10-01T16:33:40.716+05:30  INFO 19972 --- [Customer] [Thread-209] com.zaxxer.hikari.HikariDataSource       : HikariPool-36 - Shutdown completed.
2026-10-01T16:33:40.718+05:30  INFO 19972 --- [Customer] [Thread-209] com.netflix.discovery.DiscoveryClient    : Shutting down DiscoveryClient ...
2026-10-01T16:33:43.730+05:30  INFO 19972 --- [Customer] [Thread-209] com.netflix.discovery.DiscoveryClient    : Unregistering ...
2026-10-01T16:33:43.745+05:30  INFO 19972 --- [Customer] [Thread-209] com.netflix.discovery.DiscoveryClient    : DiscoveryClient_CUSTOMER/10.207.81.191:Customer:8084 - deregister  status: 200
2026-10-01T16:33:43.745+05:30  INFO 19972 --- [Customer] [Thread-209] com.netflix.discovery.DiscoveryClient    : Completed shut down of DiscoveryClient
2026-10-01T16:33:43.973+05:30  INFO 19972 --- [Customer] [restartedMain] com.cg.customer.CustomerApplication      : Starting CustomerApplication using Java 21.0.7 with PID 19972 (C:\Users\bmanikch\Documents\workspace-spring-tools-for-eclipse-5.0.1.RELEASE\Customer\target\classes started by bmanikch in C:\Users\bmanikch\Documents\workspace-spring-tools-for-eclipse-5.0.1.RELEASE\Customer)
2026-10-01T16:33:43.974+05:30  INFO 19972 --- [Customer] [restartedMain] com.cg.customer.CustomerApplication      : No active profile set, falling back to 1 default profile: "default"
2026-10-01T16:33:44.740+05:30  INFO 19972 --- [Customer] [restartedMain] .s.d.r.c.RepositoryConfigurationDelegate : Bootstrapping Spring Data JPA repositories in DEFAULT mode.
2026-10-01T16:33:44.785+05:30  INFO 19972 --- [Customer] [restartedMain] .s.d.r.c.RepositoryConfigurationDelegate : Finished Spring Data repository scanning in 36 ms. Found 1 JPA repository interface.
2026-10-01T16:33:44.969+05:30  INFO 19972 --- [Customer] [restartedMain] o.s.cloud.context.scope.GenericScope     : BeanFactory id=0a180c12-f20d-3817-a31a-bb347817188d
2026-10-01T16:33:45.483+05:30  INFO 19972 --- [Customer] [restartedMain] o.s.boot.tomcat.TomcatWebServer          : Tomcat initialized with port 8084 (http)
2026-10-01T16:33:45.485+05:30  INFO 19972 --- [Customer] [restartedMain] o.apache.catalina.core.StandardService   : Starting service [Tomcat]
2026-10-01T16:33:45.485+05:30  INFO 19972 --- [Customer] [restartedMain] o.apache.catalina.core.StandardEngine    : Starting Servlet engine: [Apache Tomcat/11.0.14]
2026-10-01T16:33:45.602+05:30  INFO 19972 --- [Customer] [restartedMain] b.w.c.s.WebApplicationContextInitializer : Root WebApplicationContext: initialization completed in 1620 ms
2026-10-01T16:33:45.958+05:30  INFO 19972 --- [Customer] [restartedMain] o.hibernate.jpa.internal.util.LogHelper  : HHH000204: Processing PersistenceUnitInfo [name: default]
2026-10-01T16:33:46.041+05:30  INFO 19972 --- [Customer] [restartedMain] o.s.o.j.p.SpringPersistenceUnitInfo      : No LoadTimeWeaver setup: ignoring JPA class transformer
2026-10-01T16:33:46.043+05:30  INFO 19972 --- [Customer] [restartedMain] com.zaxxer.hikari.HikariDataSource       : HikariPool-37 - Starting...
2026-10-01T16:33:46.238+05:30  INFO 19972 --- [Customer] [restartedMain] com.zaxxer.hikari.pool.HikariPool        : HikariPool-37 - Added connection org.postgresql.jdbc.PgConnection@2231d513
2026-10-01T16:33:46.239+05:30  INFO 19972 --- [Customer] [restartedMain] com.zaxxer.hikari.HikariDataSource       : HikariPool-37 - Start completed.
2026-10-01T16:33:46.251+05:30  WARN 19972 --- [Customer] [restartedMain] org.hibernate.orm.deprecation            : HHH90000025: PostgreSQLDialect does not need to be specified explicitly using 'hibernate.dialect' (remove the property setting and it will be selected by default)
2026-10-01T16:33:46.261+05:30  INFO 19972 --- [Customer] [restartedMain] org.hibernate.orm.connections.pooling    : HHH10001005: Database info:
	Database JDBC URL [jdbc:postgresql://localhost:5432/CUSTOMER]
	Database driver: PostgreSQL JDBC Driver
	Database dialect: PostgreSQLDialect
	Database version: 17.5
	Default catalog/schema: CUSTOMER/public
	Autocommit mode: undefined/unknown
	Isolation level: READ_COMMITTED [default READ_COMMITTED]
	JDBC fetch size: none
	Pool: DatasourceConnectionProviderImpl
	Minimum pool size: undefined/unknown
	Maximum pool size: undefined/unknown
2026-10-01T16:33:46.331+05:30  INFO 19972 --- [Customer] [restartedMain] o.h.e.t.j.p.i.JtaPlatformInitiator       : HHH000489: No JTA platform available (set 'hibernate.transaction.jta.platform' to enable JTA platform integration)
2026-10-01T16:33:46.359+05:30  INFO 19972 --- [Customer] [restartedMain] j.LocalContainerEntityManagerFactoryBean : Initialized JPA EntityManagerFactory for persistence unit 'default'
2026-10-01T16:33:46.814+05:30  WARN 19972 --- [Customer] [restartedMain] JpaBaseConfiguration$JpaWebConfiguration : spring.jpa.open-in-view is enabled by default. Therefore, database queries may be performed during view rendering. Explicitly configure spring.jpa.open-in-view to disable this warning
2026-10-01T16:33:47.139+05:30  INFO 19972 --- [Customer] [restartedMain] o.s.c.openfeign.FeignClientFactoryBean   : For 'BANKACCOUNT' URL not provided. Will try picking an instance via load-balancing.
2026-10-01T16:33:48.069+05:30  WARN 19972 --- [Customer] [restartedMain] .s.a.UserDetailsServiceAutoConfiguration : 

Using generated security password: 3dc4667a-ab4d-4971-a862-9e60c999df04

This generated password is for development use only. Your security configuration must be updated before running your application in production.

2026-10-01T16:33:48.086+05:30  INFO 19972 --- [Customer] [restartedMain] r$InitializeUserDetailsManagerConfigurer : Global AuthenticationManager configured with UserDetailsService bean with name inMemoryUserDetailsManager
2026-10-01T16:33:50.680+05:30  INFO 19972 --- [Customer] [restartedMain] DiscoveryClientOptionalArgsConfiguration : Eureka HTTP Client uses RestClient.
2026-10-01T16:33:50.859+05:30  WARN 19972 --- [Customer] [restartedMain] iguration$LoadBalancerCaffeineWarnLogger : Spring Cloud LoadBalancer is currently working with the default cache. While this cache implementation is useful for development and tests, it's recommended to use Caffeine cache in production.You can switch to using Caffeine cache, by adding it and org.springframework.cache.caffeine.CaffeineCacheManager to the classpath.
2026-10-01T16:33:50.955+05:30  INFO 19972 --- [Customer] [restartedMain] o.s.c.n.eureka.InstanceInfoFactory       : Setting initial instance status as: STARTING
2026-10-01T16:33:50.967+05:30  INFO 19972 --- [Customer] [restartedMain] com.netflix.discovery.DiscoveryClient    : Initializing Eureka in region us-east-1
2026-10-01T16:33:50.967+05:30  INFO 19972 --- [Customer] [restartedMain] c.n.d.s.r.aws.ConfigClusterResolver      : Resolving eureka endpoints via configuration
2026-10-01T16:33:50.968+05:30  INFO 19972 --- [Customer] [restartedMain] com.netflix.discovery.DiscoveryClient    : Disable delta property : false
2026-10-01T16:33:50.968+05:30  INFO 19972 --- [Customer] [restartedMain] com.netflix.discovery.DiscoveryClient    : Single vip registry refresh property : null
2026-10-01T16:33:50.968+05:30  INFO 19972 --- [Customer] [restartedMain] com.netflix.discovery.DiscoveryClient    : Force full registry fetch : false
2026-10-01T16:33:50.968+05:30  INFO 19972 --- [Customer] [restartedMain] com.netflix.discovery.DiscoveryClient    : Application is null : false
2026-10-01T16:33:50.968+05:30  INFO 19972 --- [Customer] [restartedMain] com.netflix.discovery.DiscoveryClient    : Registered Applications size is zero : true
2026-10-01T16:33:50.968+05:30  INFO 19972 --- [Customer] [restartedMain] com.netflix.discovery.DiscoveryClient    : Application version is -1: true
2026-10-01T16:33:50.968+05:30  INFO 19972 --- [Customer] [restartedMain] com.netflix.discovery.DiscoveryClient    : Getting all instance registry info from the eureka server
2026-10-01T16:33:51.004+05:30  INFO 19972 --- [Customer] [restartedMain] com.netflix.discovery.DiscoveryClient    : The response status is 200
2026-10-01T16:33:51.004+05:30  INFO 19972 --- [Customer] [restartedMain] com.netflix.discovery.DiscoveryClient    : Starting heartbeat executor: renew interval is: 30
2026-10-01T16:33:51.005+05:30  INFO 19972 --- [Customer] [restartedMain] c.n.discovery.InstanceInfoReplicator     : InstanceInfoReplicator onDemand update allowed rate per min is 4
2026-10-01T16:33:51.005+05:30  INFO 19972 --- [Customer] [restartedMain] com.netflix.discovery.DiscoveryClient    : Discovery Client initialized at timestamp 1790852631005 with initial instances count: 4
2026-10-01T16:33:51.028+05:30  INFO 19972 --- [Customer] [restartedMain] o.s.c.n.e.s.EurekaServiceRegistry        : Registering application CUSTOMER with eureka with status UP
2026-10-01T16:33:51.029+05:30  INFO 19972 --- [Customer] [restartedMain] com.netflix.discovery.DiscoveryClient    : Saw local status change event StatusChangeEvent [timestamp=1790852631029, current=UP, previous=STARTING]
2026-10-01T16:33:51.029+05:30  INFO 19972 --- [Customer] [DiscoveryClient-InstanceInfoReplicator-%d] com.netflix.discovery.DiscoveryClient    : DiscoveryClient_CUSTOMER/10.207.81.191:Customer:8084: registering service...
2026-10-01T16:33:51.043+05:30  INFO 19972 --- [Customer] [DiscoveryClient-InstanceInfoReplicator-%d] com.netflix.discovery.DiscoveryClient    : DiscoveryClient_CUSTOMER/10.207.81.191:Customer:8084 - registration status: 204
2026-10-01T16:33:51.044+05:30  INFO 19972 --- [Customer] [restartedMain] o.s.boot.tomcat.TomcatWebServer          : Tomcat started on port 8084 (http) with context path '/'
2026-10-01T16:33:51.046+05:30  INFO 19972 --- [Customer] [restartedMain] .s.c.n.e.s.EurekaAutoServiceRegistration : Updating port to 8084
2026-10-01T16:33:51.067+05:30  INFO 19972 --- [Customer] [restartedMain] com.cg.customer.CustomerApplication      : Started CustomerApplication in 7.187 seconds (process running for 98070.116)
2026-10-01T16:33:51.068+05:30  WARN 19972 --- [Customer] [restartedMain] o.s.core.events.SpringDocAppInitializer  : SpringDoc /v3/api-docs endpoint is enabled by default. To disable it in production, set the property 'springdoc.api-docs.enabled=false'
2026-10-01T16:33:51.068+05:30  WARN 19972 --- [Customer] [restartedMain] o.s.core.events.SpringDocAppInitializer  : SpringDoc /swagger-ui.html endpoint is enabled by default. To disable it in production, set the property 'springdoc.swagger-ui.enabled=false'
2026-10-01T16:33:51.069+05:30  INFO 19972 --- [Customer] [restartedMain] .ConditionEvaluationDeltaLoggingListener : Condition evaluation unchanged
2026-10-01T16:41:20.546+05:30  WARN 19972 --- [Customer] [HikariPool-37:housekeeper] com.zaxxer.hikari.pool.HikariPool        : HikariPool-37 - Thread starvation or clock leap detected (housekeeper delta=4m34s158ms904µs800ns).
2026-10-01T16:42:57.019+05:30  INFO 19972 --- [Customer] [AsyncResolver-bootstrap-executor-%d] c.n.d.s.r.aws.ConfigClusterResolver      : Resolving eureka endpoints via configuration
2026-10-01T16:44:45.049+05:30  WARN 19972 --- [Customer] [HikariPool-37:housekeeper] com.zaxxer.hikari.pool.HikariPool        : HikariPool-37 - Thread starvation or clock leap detected (housekeeper delta=54s464ms340µs400ns).
2026-10-01T16:45:16.082+05:30  INFO 19972 --- [Customer] [File Watcher] rtingClassPathChangeChangedEventListener : Restarting due to 1 class path change (0 additions, 0 deletions, 1 modification)
2026-10-01T16:45:16.085+05:30  INFO 19972 --- [Customer] [Thread-215] o.s.c.n.e.s.EurekaServiceRegistry        : Unregistering application CUSTOMER with eureka with status DOWN
2026-10-01T16:45:16.085+05:30  INFO 19972 --- [Customer] [Thread-215] com.netflix.discovery.DiscoveryClient    : Saw local status change event StatusChangeEvent [timestamp=1790853316085, current=DOWN, previous=UP]
2026-10-01T16:45:16.086+05:30  INFO 19972 --- [Customer] [DiscoveryClient-InstanceInfoReplicator-%d] com.netflix.discovery.DiscoveryClient    : DiscoveryClient_CUSTOMER/10.207.81.191:Customer:8084: registering service...
2026-10-01T16:45:16.087+05:30  INFO 19972 --- [Customer] [Thread-215] o.s.boot.tomcat.GracefulShutdown         : Commencing graceful shutdown. Waiting for active requests to complete
2026-10-01T16:45:16.098+05:30  INFO 19972 --- [Customer] [DiscoveryClient-InstanceInfoReplicator-%d] com.netflix.discovery.DiscoveryClient    : DiscoveryClient_CUSTOMER/10.207.81.191:Customer:8084 - registration status: 204
2026-10-01T16:45:16.107+05:30  INFO 19972 --- [Customer] [tomcat-shutdown] o.s.boot.tomcat.GracefulShutdown         : Graceful shutdown complete
2026-10-01T16:45:16.111+05:30  INFO 19972 --- [Customer] [Thread-215] j.LocalContainerEntityManagerFactoryBean : Closing JPA EntityManagerFactory for persistence unit 'default'
2026-10-01T16:45:16.112+05:30  INFO 19972 --- [Customer] [Thread-215] com.zaxxer.hikari.HikariDataSource       : HikariPool-37 - Shutdown initiated...
2026-10-01T16:45:16.116+05:30  INFO 19972 --- [Customer] [Thread-215] com.zaxxer.hikari.HikariDataSource       : HikariPool-37 - Shutdown completed.
2026-10-01T16:45:16.117+05:30  INFO 19972 --- [Customer] [Thread-215] com.netflix.discovery.DiscoveryClient    : Shutting down DiscoveryClient ...
2026-10-01T16:45:19.120+05:30  INFO 19972 --- [Customer] [Thread-215] com.netflix.discovery.DiscoveryClient    : Unregistering ...
2026-10-01T16:45:19.137+05:30  INFO 19972 --- [Customer] [Thread-215] com.netflix.discovery.DiscoveryClient    : DiscoveryClient_CUSTOMER/10.207.81.191:Customer:8084 - deregister  status: 200
2026-10-01T16:45:19.137+05:30  INFO 19972 --- [Customer] [Thread-215] com.netflix.discovery.DiscoveryClient    : Completed shut down of DiscoveryClient
2026-10-01T16:45:19.306+05:30  INFO 19972 --- [Customer] [restartedMain] com.cg.customer.CustomerApplication      : Starting CustomerApplication using Java 21.0.7 with PID 19972 (C:\Users\bmanikch\Documents\workspace-spring-tools-for-eclipse-5.0.1.RELEASE\Customer\target\classes started by bmanikch in C:\Users\bmanikch\Documents\workspace-spring-tools-for-eclipse-5.0.1.RELEASE\Customer)
2026-10-01T16:45:19.307+05:30  INFO 19972 --- [Customer] [restartedMain] com.cg.customer.CustomerApplication      : No active profile set, falling back to 1 default profile: "default"
2026-10-01T16:45:19.979+05:30  INFO 19972 --- [Customer] [restartedMain] .s.d.r.c.RepositoryConfigurationDelegate : Bootstrapping Spring Data JPA repositories in DEFAULT mode.
2026-10-01T16:45:20.001+05:30  INFO 19972 --- [Customer] [restartedMain] .s.d.r.c.RepositoryConfigurationDelegate : Finished Spring Data repository scanning in 17 ms. Found 1 JPA repository interface.
2026-10-01T16:45:20.191+05:30  INFO 19972 --- [Customer] [restartedMain] o.s.cloud.context.scope.GenericScope     : BeanFactory id=0a180c12-f20d-3817-a31a-bb347817188d
2026-10-01T16:45:20.653+05:30  INFO 19972 --- [Customer] [restartedMain] o.s.boot.tomcat.TomcatWebServer          : Tomcat initialized with port 8084 (http)
2026-10-01T16:45:20.660+05:30  INFO 19972 --- [Customer] [restartedMain] o.apache.catalina.core.StandardService   : Starting service [Tomcat]
2026-10-01T16:45:20.660+05:30  INFO 19972 --- [Customer] [restartedMain] o.apache.catalina.core.StandardEngine    : Starting Servlet engine: [Apache Tomcat/11.0.14]
2026-10-01T16:45:20.772+05:30  INFO 19972 --- [Customer] [restartedMain] b.w.c.s.WebApplicationContextInitializer : Root WebApplicationContext: initialization completed in 1462 ms
2026-10-01T16:45:21.062+05:30  INFO 19972 --- [Customer] [restartedMain] o.hibernate.jpa.internal.util.LogHelper  : HHH000204: Processing PersistenceUnitInfo [name: default]
2026-10-01T16:45:21.148+05:30  INFO 19972 --- [Customer] [restartedMain] o.s.o.j.p.SpringPersistenceUnitInfo      : No LoadTimeWeaver setup: ignoring JPA class transformer
2026-10-01T16:45:21.150+05:30  INFO 19972 --- [Customer] [restartedMain] com.zaxxer.hikari.HikariDataSource       : HikariPool-38 - Starting...
2026-10-01T16:45:21.316+05:30  INFO 19972 --- [Customer] [restartedMain] com.zaxxer.hikari.pool.HikariPool        : HikariPool-38 - Added connection org.postgresql.jdbc.PgConnection@62cb9df
2026-10-01T16:45:21.317+05:30  INFO 19972 --- [Customer] [restartedMain] com.zaxxer.hikari.HikariDataSource       : HikariPool-38 - Start completed.
2026-10-01T16:45:21.328+05:30  WARN 19972 --- [Customer] [restartedMain] org.hibernate.orm.deprecation            : HHH90000025: PostgreSQLDialect does not need to be specified explicitly using 'hibernate.dialect' (remove the property setting and it will be selected by default)
2026-10-01T16:45:21.337+05:30  INFO 19972 --- [Customer] [restartedMain] org.hibernate.orm.connections.pooling    : HHH10001005: Database info:
	Database JDBC URL [jdbc:postgresql://localhost:5432/CUSTOMER]
	Database driver: PostgreSQL JDBC Driver
	Database dialect: PostgreSQLDialect
	Database version: 17.5
	Default catalog/schema: CUSTOMER/public
	Autocommit mode: undefined/unknown
	Isolation level: READ_COMMITTED [default READ_COMMITTED]
	JDBC fetch size: none
	Pool: DatasourceConnectionProviderImpl
	Minimum pool size: undefined/unknown
	Maximum pool size: undefined/unknown
2026-10-01T16:45:21.399+05:30  INFO 19972 --- [Customer] [restartedMain] o.h.e.t.j.p.i.JtaPlatformInitiator       : HHH000489: No JTA platform available (set 'hibernate.transaction.jta.platform' to enable JTA platform integration)
2026-10-01T16:45:21.444+05:30  INFO 19972 --- [Customer] [restartedMain] j.LocalContainerEntityManagerFactoryBean : Initialized JPA EntityManagerFactory for persistence unit 'default'
2026-10-01T16:45:21.770+05:30  WARN 19972 --- [Customer] [restartedMain] JpaBaseConfiguration$JpaWebConfiguration : spring.jpa.open-in-view is enabled by default. Therefore, database queries may be performed during view rendering. Explicitly configure spring.jpa.open-in-view to disable this warning
2026-10-01T16:45:22.058+05:30  INFO 19972 --- [Customer] [restartedMain] o.s.c.openfeign.FeignClientFactoryBean   : For 'BANKACCOUNT' URL not provided. Will try picking an instance via load-balancing.
2026-10-01T16:45:22.805+05:30  WARN 19972 --- [Customer] [restartedMain] .s.a.UserDetailsServiceAutoConfiguration : 

Using generated security password: 5e9607f4-bda3-4d5a-8a42-3d9c528b85c0

This generated password is for development use only. Your security configuration must be updated before running your application in production.

2026-10-01T16:45:22.818+05:30  INFO 19972 --- [Customer] [restartedMain] r$InitializeUserDetailsManagerConfigurer : Global AuthenticationManager configured with UserDetailsService bean with name inMemoryUserDetailsManager
2026-10-01T16:45:26.441+05:30  INFO 19972 --- [Customer] [restartedMain] DiscoveryClientOptionalArgsConfiguration : Eureka HTTP Client uses RestClient.
2026-10-01T16:45:26.577+05:30  WARN 19972 --- [Customer] [restartedMain] iguration$LoadBalancerCaffeineWarnLogger : Spring Cloud LoadBalancer is currently working with the default cache. While this cache implementation is useful for development and tests, it's recommended to use Caffeine cache in production.You can switch to using Caffeine cache, by adding it and org.springframework.cache.caffeine.CaffeineCacheManager to the classpath.
2026-10-01T16:45:26.646+05:30  INFO 19972 --- [Customer] [restartedMain] o.s.c.n.eureka.InstanceInfoFactory       : Setting initial instance status as: STARTING
2026-10-01T16:45:26.653+05:30  INFO 19972 --- [Customer] [restartedMain] com.netflix.discovery.DiscoveryClient    : Initializing Eureka in region us-east-1
2026-10-01T16:45:26.653+05:30  INFO 19972 --- [Customer] [restartedMain] c.n.d.s.r.aws.ConfigClusterResolver      : Resolving eureka endpoints via configuration
2026-10-01T16:45:26.654+05:30  INFO 19972 --- [Customer] [restartedMain] com.netflix.discovery.DiscoveryClient    : Disable delta property : false
2026-10-01T16:45:26.654+05:30  INFO 19972 --- [Customer] [restartedMain] com.netflix.discovery.DiscoveryClient    : Single vip registry refresh property : null
2026-10-01T16:45:26.654+05:30  INFO 19972 --- [Customer] [restartedMain] com.netflix.discovery.DiscoveryClient    : Force full registry fetch : false
2026-10-01T16:45:26.654+05:30  INFO 19972 --- [Customer] [restartedMain] com.netflix.discovery.DiscoveryClient    : Application is null : false
2026-10-01T16:45:26.654+05:30  INFO 19972 --- [Customer] [restartedMain] com.netflix.discovery.DiscoveryClient    : Registered Applications size is zero : true
2026-10-01T16:45:26.654+05:30  INFO 19972 --- [Customer] [restartedMain] com.netflix.discovery.DiscoveryClient    : Application version is -1: true
2026-10-01T16:45:26.654+05:30  INFO 19972 --- [Customer] [restartedMain] com.netflix.discovery.DiscoveryClient    : Getting all instance registry info from the eureka server
2026-10-01T16:45:26.719+05:30  INFO 19972 --- [Customer] [restartedMain] com.netflix.discovery.DiscoveryClient    : The response status is 200
2026-10-01T16:45:26.719+05:30  INFO 19972 --- [Customer] [restartedMain] com.netflix.discovery.DiscoveryClient    : Starting heartbeat executor: renew interval is: 30
2026-10-01T16:45:26.720+05:30  INFO 19972 --- [Customer] [restartedMain] c.n.discovery.InstanceInfoReplicator     : InstanceInfoReplicator onDemand update allowed rate per min is 4
2026-10-01T16:45:26.720+05:30  INFO 19972 --- [Customer] [restartedMain] com.netflix.discovery.DiscoveryClient    : Discovery Client initialized at timestamp 1790853326720 with initial instances count: 4
2026-10-01T16:45:26.760+05:30  INFO 19972 --- [Customer] [restartedMain] o.s.c.n.e.s.EurekaServiceRegistry        : Registering application CUSTOMER with eureka with status UP
2026-10-01T16:45:26.760+05:30  INFO 19972 --- [Customer] [restartedMain] com.netflix.discovery.DiscoveryClient    : Saw local status change event StatusChangeEvent [timestamp=1790853326760, current=UP, previous=STARTING]
2026-10-01T16:45:26.760+05:30  INFO 19972 --- [Customer] [DiscoveryClient-InstanceInfoReplicator-%d] com.netflix.discovery.DiscoveryClient    : DiscoveryClient_CUSTOMER/10.207.81.191:Customer:8084: registering service...
2026-10-01T16:45:26.776+05:30  INFO 19972 --- [Customer] [DiscoveryClient-InstanceInfoReplicator-%d] com.netflix.discovery.DiscoveryClient    : DiscoveryClient_CUSTOMER/10.207.81.191:Customer:8084 - registration status: 204
2026-10-01T16:45:26.773+05:30  INFO 19972 --- [Customer] [restartedMain] o.s.boot.tomcat.TomcatWebServer          : Tomcat started on port 8084 (http) with context path '/'
2026-10-01T16:45:26.780+05:30  INFO 19972 --- [Customer] [restartedMain] .s.c.n.e.s.EurekaAutoServiceRegistration : Updating port to 8084
2026-10-01T16:45:26.825+05:30  INFO 19972 --- [Customer] [restartedMain] com.cg.customer.CustomerApplication      : Started CustomerApplication in 7.571 seconds (process running for 98765.875)
2026-10-01T16:45:26.826+05:30  WARN 19972 --- [Customer] [restartedMain] o.s.core.events.SpringDocAppInitializer  : SpringDoc /v3/api-docs endpoint is enabled by default. To disable it in production, set the property 'springdoc.api-docs.enabled=false'
2026-10-01T16:45:26.826+05:30  WARN 19972 --- [Customer] [restartedMain] o.s.core.events.SpringDocAppInitializer  : SpringDoc /swagger-ui.html endpoint is enabled by default. To disable it in production, set the property 'springdoc.swagger-ui.enabled=false'
2026-10-01T16:45:26.827+05:30  INFO 19972 --- [Customer] [restartedMain] .ConditionEvaluationDeltaLoggingListener : Condition evaluation unchanged
2026-10-01T16:47:11.523+05:30  INFO 19972 --- [Customer] [File Watcher] rtingClassPathChangeChangedEventListener : Restarting due to 2 class path changes (0 additions, 0 deletions, 2 modifications)
2026-10-01T16:47:11.525+05:30  INFO 19972 --- [Customer] [Thread-221] o.s.c.n.e.s.EurekaServiceRegistry        : Unregistering application CUSTOMER with eureka with status DOWN
2026-10-01T16:47:11.525+05:30  INFO 19972 --- [Customer] [Thread-221] com.netflix.discovery.DiscoveryClient    : Saw local status change event StatusChangeEvent [timestamp=1790853431525, current=DOWN, previous=UP]
2026-10-01T16:47:11.527+05:30  INFO 19972 --- [Customer] [DiscoveryClient-InstanceInfoReplicator-%d] com.netflix.discovery.DiscoveryClient    : DiscoveryClient_CUSTOMER/10.207.81.191:Customer:8084: registering service...
2026-10-01T16:47:11.530+05:30  INFO 19972 --- [Customer] [Thread-221] o.s.boot.tomcat.GracefulShutdown         : Commencing graceful shutdown. Waiting for active requests to complete
2026-10-01T16:47:11.537+05:30  INFO 19972 --- [Customer] [DiscoveryClient-InstanceInfoReplicator-%d] com.netflix.discovery.DiscoveryClient    : DiscoveryClient_CUSTOMER/10.207.81.191:Customer:8084 - registration status: 204
2026-10-01T16:47:11.563+05:30  INFO 19972 --- [Customer] [tomcat-shutdown] o.s.boot.tomcat.GracefulShutdown         : Graceful shutdown complete
2026-10-01T16:47:11.571+05:30  INFO 19972 --- [Customer] [Thread-221] j.LocalContainerEntityManagerFactoryBean : Closing JPA EntityManagerFactory for persistence unit 'default'
2026-10-01T16:47:11.572+05:30  INFO 19972 --- [Customer] [Thread-221] com.zaxxer.hikari.HikariDataSource       : HikariPool-38 - Shutdown initiated...
2026-10-01T16:47:11.604+05:30  INFO 19972 --- [Customer] [Thread-221] com.zaxxer.hikari.HikariDataSource       : HikariPool-38 - Shutdown completed.
2026-10-01T16:47:11.606+05:30  INFO 19972 --- [Customer] [Thread-221] com.netflix.discovery.DiscoveryClient    : Shutting down DiscoveryClient ...
2026-10-01T16:47:14.617+05:30  INFO 19972 --- [Customer] [Thread-221] com.netflix.discovery.DiscoveryClient    : Unregistering ...
2026-10-01T16:47:14.631+05:30  INFO 19972 --- [Customer] [Thread-221] com.netflix.discovery.DiscoveryClient    : DiscoveryClient_CUSTOMER/10.207.81.191:Customer:8084 - deregister  status: 200
2026-10-01T16:47:14.631+05:30  INFO 19972 --- [Customer] [Thread-221] com.netflix.discovery.DiscoveryClient    : Completed shut down of DiscoveryClient
2026-10-01T16:47:14.826+05:30  INFO 19972 --- [Customer] [restartedMain] com.cg.customer.CustomerApplication      : Starting CustomerApplication using Java 21.0.7 with PID 19972 (C:\Users\bmanikch\Documents\workspace-spring-tools-for-eclipse-5.0.1.RELEASE\Customer\target\classes started by bmanikch in C:\Users\bmanikch\Documents\workspace-spring-tools-for-eclipse-5.0.1.RELEASE\Customer)
2026-10-01T16:47:14.828+05:30  INFO 19972 --- [Customer] [restartedMain] com.cg.customer.CustomerApplication      : No active profile set, falling back to 1 default profile: "default"
2026-10-01T16:47:15.600+05:30  INFO 19972 --- [Customer] [restartedMain] .s.d.r.c.RepositoryConfigurationDelegate : Bootstrapping Spring Data JPA repositories in DEFAULT mode.
2026-10-01T16:47:15.628+05:30  INFO 19972 --- [Customer] [restartedMain] .s.d.r.c.RepositoryConfigurationDelegate : Finished Spring Data repository scanning in 23 ms. Found 1 JPA repository interface.
2026-10-01T16:47:15.834+05:30  INFO 19972 --- [Customer] [restartedMain] o.s.cloud.context.scope.GenericScope     : BeanFactory id=0a180c12-f20d-3817-a31a-bb347817188d
2026-10-01T16:47:16.388+05:30  INFO 19972 --- [Customer] [restartedMain] o.s.boot.tomcat.TomcatWebServer          : Tomcat initialized with port 8084 (http)
2026-10-01T16:47:16.389+05:30  INFO 19972 --- [Customer] [restartedMain] o.apache.catalina.core.StandardService   : Starting service [Tomcat]
2026-10-01T16:47:16.390+05:30  INFO 19972 --- [Customer] [restartedMain] o.apache.catalina.core.StandardEngine    : Starting Servlet engine: [Apache Tomcat/11.0.14]
2026-10-01T16:47:16.537+05:30  INFO 19972 --- [Customer] [restartedMain] b.w.c.s.WebApplicationContextInitializer : Root WebApplicationContext: initialization completed in 1706 ms
2026-10-01T16:47:16.921+05:30  INFO 19972 --- [Customer] [restartedMain] o.hibernate.jpa.internal.util.LogHelper  : HHH000204: Processing PersistenceUnitInfo [name: default]
2026-10-01T16:47:17.008+05:30  INFO 19972 --- [Customer] [restartedMain] o.s.o.j.p.SpringPersistenceUnitInfo      : No LoadTimeWeaver setup: ignoring JPA class transformer
2026-10-01T16:47:17.012+05:30  INFO 19972 --- [Customer] [restartedMain] com.zaxxer.hikari.HikariDataSource       : HikariPool-39 - Starting...
2026-10-01T16:47:17.168+05:30  INFO 19972 --- [Customer] [restartedMain] com.zaxxer.hikari.pool.HikariPool        : HikariPool-39 - Added connection org.postgresql.jdbc.PgConnection@493abed
2026-10-01T16:47:17.169+05:30  INFO 19972 --- [Customer] [restartedMain] com.zaxxer.hikari.HikariDataSource       : HikariPool-39 - Start completed.
2026-10-01T16:47:17.177+05:30  WARN 19972 --- [Customer] [restartedMain] org.hibernate.orm.deprecation            : HHH90000025: PostgreSQLDialect does not need to be specified explicitly using 'hibernate.dialect' (remove the property setting and it will be selected by default)
2026-10-01T16:47:17.186+05:30  INFO 19972 --- [Customer] [restartedMain] org.hibernate.orm.connections.pooling    : HHH10001005: Database info:
	Database JDBC URL [jdbc:postgresql://localhost:5432/CUSTOMER]
	Database driver: PostgreSQL JDBC Driver
	Database dialect: PostgreSQLDialect
	Database version: 17.5
	Default catalog/schema: CUSTOMER/public
	Autocommit mode: undefined/unknown
	Isolation level: READ_COMMITTED [default READ_COMMITTED]
	JDBC fetch size: none
	Pool: DatasourceConnectionProviderImpl
	Minimum pool size: undefined/unknown
	Maximum pool size: undefined/unknown
2026-10-01T16:47:17.275+05:30  INFO 19972 --- [Customer] [restartedMain] o.h.e.t.j.p.i.JtaPlatformInitiator       : HHH000489: No JTA platform available (set 'hibernate.transaction.jta.platform' to enable JTA platform integration)
2026-10-01T16:47:17.301+05:30  INFO 19972 --- [Customer] [restartedMain] j.LocalContainerEntityManagerFactoryBean : Initialized JPA EntityManagerFactory for persistence unit 'default'
2026-10-01T16:47:17.689+05:30  WARN 19972 --- [Customer] [restartedMain] JpaBaseConfiguration$JpaWebConfiguration : spring.jpa.open-in-view is enabled by default. Therefore, database queries may be performed during view rendering. Explicitly configure spring.jpa.open-in-view to disable this warning
2026-10-01T16:47:18.076+05:30  INFO 19972 --- [Customer] [restartedMain] o.s.c.openfeign.FeignClientFactoryBean   : For 'BANKACCOUNT' URL not provided. Will try picking an instance via load-balancing.
2026-10-01T16:47:18.838+05:30  WARN 19972 --- [Customer] [restartedMain] .s.a.UserDetailsServiceAutoConfiguration : 

Using generated security password: 260c0bc4-d1a8-46f8-ba67-8d7096536a56

This generated password is for development use only. Your security configuration must be updated before running your application in production.

2026-10-01T16:47:18.848+05:30  INFO 19972 --- [Customer] [restartedMain] r$InitializeUserDetailsManagerConfigurer : Global AuthenticationManager configured with UserDetailsService bean with name inMemoryUserDetailsManager
2026-10-01T16:47:21.316+05:30  INFO 19972 --- [Customer] [restartedMain] DiscoveryClientOptionalArgsConfiguration : Eureka HTTP Client uses RestClient.
2026-10-01T16:47:21.501+05:30  WARN 19972 --- [Customer] [restartedMain] iguration$LoadBalancerCaffeineWarnLogger : Spring Cloud LoadBalancer is currently working with the default cache. While this cache implementation is useful for development and tests, it's recommended to use Caffeine cache in production.You can switch to using Caffeine cache, by adding it and org.springframework.cache.caffeine.CaffeineCacheManager to the classpath.
2026-10-01T16:47:21.589+05:30  INFO 19972 --- [Customer] [restartedMain] o.s.c.n.eureka.InstanceInfoFactory       : Setting initial instance status as: STARTING
2026-10-01T16:47:21.599+05:30  INFO 19972 --- [Customer] [restartedMain] com.netflix.discovery.DiscoveryClient    : Initializing Eureka in region us-east-1
2026-10-01T16:47:21.599+05:30  INFO 19972 --- [Customer] [restartedMain] c.n.d.s.r.aws.ConfigClusterResolver      : Resolving eureka endpoints via configuration
2026-10-01T16:47:21.599+05:30  INFO 19972 --- [Customer] [restartedMain] com.netflix.discovery.DiscoveryClient    : Disable delta property : false
2026-10-01T16:47:21.599+05:30  INFO 19972 --- [Customer] [restartedMain] com.netflix.discovery.DiscoveryClient    : Single vip registry refresh property : null
2026-10-01T16:47:21.599+05:30  INFO 19972 --- [Customer] [restartedMain] com.netflix.discovery.DiscoveryClient    : Force full registry fetch : false
2026-10-01T16:47:21.600+05:30  INFO 19972 --- [Customer] [restartedMain] com.netflix.discovery.DiscoveryClient    : Application is null : false
2026-10-01T16:47:21.600+05:30  INFO 19972 --- [Customer] [restartedMain] com.netflix.discovery.DiscoveryClient    : Registered Applications size is zero : true
2026-10-01T16:47:21.600+05:30  INFO 19972 --- [Customer] [restartedMain] com.netflix.discovery.DiscoveryClient    : Application version is -1: true
2026-10-01T16:47:21.600+05:30  INFO 19972 --- [Customer] [restartedMain] com.netflix.discovery.DiscoveryClient    : Getting all instance registry info from the eureka server
2026-10-01T16:47:21.663+05:30  INFO 19972 --- [Customer] [restartedMain] com.netflix.discovery.DiscoveryClient    : The response status is 200
2026-10-01T16:47:21.664+05:30  INFO 19972 --- [Customer] [restartedMain] com.netflix.discovery.DiscoveryClient    : Starting heartbeat executor: renew interval is: 30
2026-10-01T16:47:21.665+05:30  INFO 19972 --- [Customer] [restartedMain] c.n.discovery.InstanceInfoReplicator     : InstanceInfoReplicator onDemand update allowed rate per min is 4
2026-10-01T16:47:21.665+05:30  INFO 19972 --- [Customer] [restartedMain] com.netflix.discovery.DiscoveryClient    : Discovery Client initialized at timestamp 1790853441665 with initial instances count: 4
2026-10-01T16:47:21.692+05:30  INFO 19972 --- [Customer] [restartedMain] o.s.c.n.e.s.EurekaServiceRegistry        : Registering application CUSTOMER with eureka with status UP
2026-10-01T16:47:21.692+05:30  INFO 19972 --- [Customer] [restartedMain] com.netflix.discovery.DiscoveryClient    : Saw local status change event StatusChangeEvent [timestamp=1790853441692, current=UP, previous=STARTING]
2026-10-01T16:47:21.692+05:30  INFO 19972 --- [Customer] [DiscoveryClient-InstanceInfoReplicator-%d] com.netflix.discovery.DiscoveryClient    : DiscoveryClient_CUSTOMER/10.207.81.191:Customer:8084: registering service...
2026-10-01T16:47:21.705+05:30  INFO 19972 --- [Customer] [DiscoveryClient-InstanceInfoReplicator-%d] com.netflix.discovery.DiscoveryClient    : DiscoveryClient_CUSTOMER/10.207.81.191:Customer:8084 - registration status: 204
2026-10-01T16:47:21.707+05:30  INFO 19972 --- [Customer] [restartedMain] o.s.boot.tomcat.TomcatWebServer          : Tomcat started on port 8084 (http) with context path '/'
2026-10-01T16:47:21.707+05:30  INFO 19972 --- [Customer] [restartedMain] .s.c.n.e.s.EurekaAutoServiceRegistration : Updating port to 8084
2026-10-01T16:47:21.728+05:30  INFO 19972 --- [Customer] [restartedMain] com.cg.customer.CustomerApplication      : Started CustomerApplication in 6.96 seconds (process running for 98880.777)
2026-10-01T16:47:21.730+05:30  WARN 19972 --- [Customer] [restartedMain] o.s.core.events.SpringDocAppInitializer  : SpringDoc /v3/api-docs endpoint is enabled by default. To disable it in production, set the property 'springdoc.api-docs.enabled=false'
2026-10-01T16:47:21.730+05:30  WARN 19972 --- [Customer] [restartedMain] o.s.core.events.SpringDocAppInitializer  : SpringDoc /swagger-ui.html endpoint is enabled by default. To disable it in production, set the property 'springdoc.swagger-ui.enabled=false'
2026-10-01T16:47:21.731+05:30  INFO 19972 --- [Customer] [restartedMain] .ConditionEvaluationDeltaLoggingListener : Condition evaluation unchanged
2026-10-01T16:47:54.753+05:30  INFO 19972 --- [Customer] [File Watcher] rtingClassPathChangeChangedEventListener : Restarting due to 1 class path change (0 additions, 0 deletions, 1 modification)
2026-10-01T16:47:54.758+05:30  INFO 19972 --- [Customer] [Thread-227] o.s.c.n.e.s.EurekaServiceRegistry        : Unregistering application CUSTOMER with eureka with status DOWN
2026-10-01T16:47:54.760+05:30  INFO 19972 --- [Customer] [Thread-227] com.netflix.discovery.DiscoveryClient    : Saw local status change event StatusChangeEvent [timestamp=1790853474760, current=DOWN, previous=UP]
2026-10-01T16:47:54.760+05:30  INFO 19972 --- [Customer] [DiscoveryClient-InstanceInfoReplicator-%d] com.netflix.discovery.DiscoveryClient    : DiscoveryClient_CUSTOMER/10.207.81.191:Customer:8084: registering service...
2026-10-01T16:47:54.763+05:30  INFO 19972 --- [Customer] [Thread-227] o.s.boot.tomcat.GracefulShutdown         : Commencing graceful shutdown. Waiting for active requests to complete
2026-10-01T16:47:54.769+05:30  INFO 19972 --- [Customer] [DiscoveryClient-InstanceInfoReplicator-%d] com.netflix.discovery.DiscoveryClient    : DiscoveryClient_CUSTOMER/10.207.81.191:Customer:8084 - registration status: 204
2026-10-01T16:47:54.788+05:30  INFO 19972 --- [Customer] [tomcat-shutdown] o.s.boot.tomcat.GracefulShutdown         : Graceful shutdown complete
2026-10-01T16:47:54.796+05:30  INFO 19972 --- [Customer] [Thread-227] j.LocalContainerEntityManagerFactoryBean : Closing JPA EntityManagerFactory for persistence unit 'default'
2026-10-01T16:47:54.797+05:30  INFO 19972 --- [Customer] [Thread-227] com.zaxxer.hikari.HikariDataSource       : HikariPool-39 - Shutdown initiated...
2026-10-01T16:47:54.844+05:30  INFO 19972 --- [Customer] [Thread-227] com.zaxxer.hikari.HikariDataSource       : HikariPool-39 - Shutdown completed.
2026-10-01T16:47:54.846+05:30  INFO 19972 --- [Customer] [Thread-227] com.netflix.discovery.DiscoveryClient    : Shutting down DiscoveryClient ...
2026-10-01T16:47:57.863+05:30  INFO 19972 --- [Customer] [Thread-227] com.netflix.discovery.DiscoveryClient    : Unregistering ...
2026-10-01T16:47:57.881+05:30  INFO 19972 --- [Customer] [Thread-227] com.netflix.discovery.DiscoveryClient    : DiscoveryClient_CUSTOMER/10.207.81.191:Customer:8084 - deregister  status: 200
2026-10-01T16:47:57.881+05:30  INFO 19972 --- [Customer] [Thread-227] com.netflix.discovery.DiscoveryClient    : Completed shut down of DiscoveryClient
2026-10-01T16:47:58.128+05:30  INFO 19972 --- [Customer] [restartedMain] com.cg.customer.CustomerApplication      : Starting CustomerApplication using Java 21.0.7 with PID 19972 (C:\Users\bmanikch\Documents\workspace-spring-tools-for-eclipse-5.0.1.RELEASE\Customer\target\classes started by bmanikch in C:\Users\bmanikch\Documents\workspace-spring-tools-for-eclipse-5.0.1.RELEASE\Customer)
2026-10-01T16:47:58.129+05:30  INFO 19972 --- [Customer] [restartedMain] com.cg.customer.CustomerApplication      : No active profile set, falling back to 1 default profile: "default"
2026-10-01T16:47:58.856+05:30  INFO 19972 --- [Customer] [restartedMain] .s.d.r.c.RepositoryConfigurationDelegate : Bootstrapping Spring Data JPA repositories in DEFAULT mode.
2026-10-01T16:47:58.886+05:30  INFO 19972 --- [Customer] [restartedMain] .s.d.r.c.RepositoryConfigurationDelegate : Finished Spring Data repository scanning in 21 ms. Found 1 JPA repository interface.
2026-10-01T16:47:59.084+05:30  INFO 19972 --- [Customer] [restartedMain] o.s.cloud.context.scope.GenericScope     : BeanFactory id=0a180c12-f20d-3817-a31a-bb347817188d
2026-10-01T16:47:59.564+05:30  INFO 19972 --- [Customer] [restartedMain] o.s.boot.tomcat.TomcatWebServer          : Tomcat initialized with port 8084 (http)
2026-10-01T16:47:59.572+05:30  INFO 19972 --- [Customer] [restartedMain] o.apache.catalina.core.StandardService   : Starting service [Tomcat]
2026-10-01T16:47:59.572+05:30  INFO 19972 --- [Customer] [restartedMain] o.apache.catalina.core.StandardEngine    : Starting Servlet engine: [Apache Tomcat/11.0.14]
2026-10-01T16:47:59.688+05:30  INFO 19972 --- [Customer] [restartedMain] b.w.c.s.WebApplicationContextInitializer : Root WebApplicationContext: initialization completed in 1554 ms
2026-10-01T16:48:00.188+05:30  INFO 19972 --- [Customer] [restartedMain] o.hibernate.jpa.internal.util.LogHelper  : HHH000204: Processing PersistenceUnitInfo [name: default]
2026-10-01T16:48:00.256+05:30  INFO 19972 --- [Customer] [restartedMain] o.s.o.j.p.SpringPersistenceUnitInfo      : No LoadTimeWeaver setup: ignoring JPA class transformer
2026-10-01T16:48:00.262+05:30  INFO 19972 --- [Customer] [restartedMain] com.zaxxer.hikari.HikariDataSource       : HikariPool-40 - Starting...
2026-10-01T16:48:00.523+05:30  INFO 19972 --- [Customer] [restartedMain] com.zaxxer.hikari.pool.HikariPool        : HikariPool-40 - Added connection org.postgresql.jdbc.PgConnection@65ebdb11
2026-10-01T16:48:00.523+05:30  INFO 19972 --- [Customer] [restartedMain] com.zaxxer.hikari.HikariDataSource       : HikariPool-40 - Start completed.
2026-10-01T16:48:00.536+05:30  WARN 19972 --- [Customer] [restartedMain] org.hibernate.orm.deprecation            : HHH90000025: PostgreSQLDialect does not need to be specified explicitly using 'hibernate.dialect' (remove the property setting and it will be selected by default)
2026-10-01T16:48:00.545+05:30  INFO 19972 --- [Customer] [restartedMain] org.hibernate.orm.connections.pooling    : HHH10001005: Database info:
	Database JDBC URL [jdbc:postgresql://localhost:5432/CUSTOMER]
	Database driver: PostgreSQL JDBC Driver
	Database dialect: PostgreSQLDialect
	Database version: 17.5
	Default catalog/schema: CUSTOMER/public
	Autocommit mode: undefined/unknown
	Isolation level: READ_COMMITTED [default READ_COMMITTED]
	JDBC fetch size: none
	Pool: DatasourceConnectionProviderImpl
	Minimum pool size: undefined/unknown
	Maximum pool size: undefined/unknown
2026-10-01T16:48:00.690+05:30  INFO 19972 --- [Customer] [restartedMain] o.h.e.t.j.p.i.JtaPlatformInitiator       : HHH000489: No JTA platform available (set 'hibernate.transaction.jta.platform' to enable JTA platform integration)
2026-10-01T16:48:00.716+05:30  INFO 19972 --- [Customer] [restartedMain] j.LocalContainerEntityManagerFactoryBean : Initialized JPA EntityManagerFactory for persistence unit 'default'
2026-10-01T16:48:01.107+05:30  WARN 19972 --- [Customer] [restartedMain] JpaBaseConfiguration$JpaWebConfiguration : spring.jpa.open-in-view is enabled by default. Therefore, database queries may be performed during view rendering. Explicitly configure spring.jpa.open-in-view to disable this warning
2026-10-01T16:48:01.427+05:30  INFO 19972 --- [Customer] [restartedMain] o.s.c.openfeign.FeignClientFactoryBean   : For 'BANKACCOUNT' URL not provided. Will try picking an instance via load-balancing.
2026-10-01T16:48:02.196+05:30  WARN 19972 --- [Customer] [restartedMain] .s.a.UserDetailsServiceAutoConfiguration : 

Using generated security password: 2d89228f-6912-4310-8eb4-0bd9cdd34315

This generated password is for development use only. Your security configuration must be updated before running your application in production.

2026-10-01T16:48:02.227+05:30  INFO 19972 --- [Customer] [restartedMain] r$InitializeUserDetailsManagerConfigurer : Global AuthenticationManager configured with UserDetailsService bean with name inMemoryUserDetailsManager
2026-10-01T16:48:04.695+05:30  INFO 19972 --- [Customer] [restartedMain] DiscoveryClientOptionalArgsConfiguration : Eureka HTTP Client uses RestClient.
2026-10-01T16:48:04.817+05:30  WARN 19972 --- [Customer] [restartedMain] iguration$LoadBalancerCaffeineWarnLogger : Spring Cloud LoadBalancer is currently working with the default cache. While this cache implementation is useful for development and tests, it's recommended to use Caffeine cache in production.You can switch to using Caffeine cache, by adding it and org.springframework.cache.caffeine.CaffeineCacheManager to the classpath.
2026-10-01T16:48:04.968+05:30  INFO 19972 --- [Customer] [restartedMain] o.s.c.n.eureka.InstanceInfoFactory       : Setting initial instance status as: STARTING
2026-10-01T16:48:04.976+05:30  INFO 19972 --- [Customer] [restartedMain] com.netflix.discovery.DiscoveryClient    : Initializing Eureka in region us-east-1
2026-10-01T16:48:04.976+05:30  INFO 19972 --- [Customer] [restartedMain] c.n.d.s.r.aws.ConfigClusterResolver      : Resolving eureka endpoints via configuration
2026-10-01T16:48:04.976+05:30  INFO 19972 --- [Customer] [restartedMain] com.netflix.discovery.DiscoveryClient    : Disable delta property : false
2026-10-01T16:48:04.976+05:30  INFO 19972 --- [Customer] [restartedMain] com.netflix.discovery.DiscoveryClient    : Single vip registry refresh property : null
2026-10-01T16:48:04.976+05:30  INFO 19972 --- [Customer] [restartedMain] com.netflix.discovery.DiscoveryClient    : Force full registry fetch : false
2026-10-01T16:48:04.976+05:30  INFO 19972 --- [Customer] [restartedMain] com.netflix.discovery.DiscoveryClient    : Application is null : false
2026-10-01T16:48:04.976+05:30  INFO 19972 --- [Customer] [restartedMain] com.netflix.discovery.DiscoveryClient    : Registered Applications size is zero : true
2026-10-01T16:48:04.976+05:30  INFO 19972 --- [Customer] [restartedMain] com.netflix.discovery.DiscoveryClient    : Application version is -1: true
2026-10-01T16:48:04.976+05:30  INFO 19972 --- [Customer] [restartedMain] com.netflix.discovery.DiscoveryClient    : Getting all instance registry info from the eureka server
2026-10-01T16:48:05.006+05:30  INFO 19972 --- [Customer] [restartedMain] com.netflix.discovery.DiscoveryClient    : The response status is 200
2026-10-01T16:48:05.008+05:30  INFO 19972 --- [Customer] [restartedMain] com.netflix.discovery.DiscoveryClient    : Starting heartbeat executor: renew interval is: 30
2026-10-01T16:48:05.008+05:30  INFO 19972 --- [Customer] [restartedMain] c.n.discovery.InstanceInfoReplicator     : InstanceInfoReplicator onDemand update allowed rate per min is 4
2026-10-01T16:48:05.008+05:30  INFO 19972 --- [Customer] [restartedMain] com.netflix.discovery.DiscoveryClient    : Discovery Client initialized at timestamp 1790853485008 with initial instances count: 3
2026-10-01T16:48:05.020+05:30  INFO 19972 --- [Customer] [restartedMain] o.s.c.n.e.s.EurekaServiceRegistry        : Registering application CUSTOMER with eureka with status UP
2026-10-01T16:48:05.020+05:30  INFO 19972 --- [Customer] [restartedMain] com.netflix.discovery.DiscoveryClient    : Saw local status change event StatusChangeEvent [timestamp=1790853485020, current=UP, previous=STARTING]
2026-10-01T16:48:05.020+05:30  INFO 19972 --- [Customer] [DiscoveryClient-InstanceInfoReplicator-%d] com.netflix.discovery.DiscoveryClient    : DiscoveryClient_CUSTOMER/10.207.81.191:Customer:8084: registering service...
2026-10-01T16:48:05.041+05:30  INFO 19972 --- [Customer] [DiscoveryClient-InstanceInfoReplicator-%d] com.netflix.discovery.DiscoveryClient    : DiscoveryClient_CUSTOMER/10.207.81.191:Customer:8084 - registration status: 204
2026-10-01T16:48:05.041+05:30  INFO 19972 --- [Customer] [restartedMain] o.s.boot.tomcat.TomcatWebServer          : Tomcat started on port 8084 (http) with context path '/'
2026-10-01T16:48:05.041+05:30  INFO 19972 --- [Customer] [restartedMain] .s.c.n.e.s.EurekaAutoServiceRegistration : Updating port to 8084
2026-10-01T16:48:05.058+05:30  INFO 19972 --- [Customer] [restartedMain] com.cg.customer.CustomerApplication      : Started CustomerApplication in 7.002 seconds (process running for 98924.109)
2026-10-01T16:48:05.060+05:30  WARN 19972 --- [Customer] [restartedMain] o.s.core.events.SpringDocAppInitializer  : SpringDoc /v3/api-docs endpoint is enabled by default. To disable it in production, set the property 'springdoc.api-docs.enabled=false'
2026-10-01T16:48:05.062+05:30  WARN 19972 --- [Customer] [restartedMain] o.s.core.events.SpringDocAppInitializer  : SpringDoc /swagger-ui.html endpoint is enabled by default. To disable it in production, set the property 'springdoc.swagger-ui.enabled=false'
2026-10-01T16:48:05.062+05:30  INFO 19972 --- [Customer] [restartedMain] .ConditionEvaluationDeltaLoggingListener : Condition evaluation unchanged
